match_id,season,start_date,venue,innings,ball,batting_team,bowling_team,striker,non_striker,bowler,runs_off_ball,extras,wides,noballs,byes,legbyes,penalty,wicket_type,player_dismissed,other_wicket,other_player_dismissed
1527674,2026,2026-03-28,"M Chinnaswamy Stadium, Bengaluru",1,1,Sunrisers Hyderabad,Royal Challengers Bengaluru,TM Head,Abhishek Sharma,JA Duffy,0,0,0,0,0,0,0,,,,
1527674,2026,2026-03-28,"M Chinnaswamy Stadium, Bengaluru",1,2,Sunrisers Hyderabad,Royal Challengers Bengaluru,TM Head,Abhishek Sharma,JA Duffy,1,0,0,0,0,0,0,,,,
1527674,2026,2026-03-28,"M Chinnaswamy Stadium, Bengaluru",1,3,Sunrisers Hyderabad,Royal Challengers Bengaluru,Abhishek Sharma,TM Head,JA Duffy,0,0,0,0,0,0,0,,,,
1527674,2026,2026-03-28,"M Chinnaswamy Stadium, Bengaluru",1,4,Sunrisers Hyderabad,Royal Challengers Bengaluru,Abhishek Sharma,TM Head,JA Duffy,6,0,0,0,0,0,0,,,,
1527674,2026,2026-03-28,"M Chinnaswamy Stadium, Bengaluru",1,5,Sunrisers Hyderabad,Royal Challengers Bengaluru,Abhishek Sharma,TM Head,JA Duffy,0,0,0,0,0,0,0,,,,
1527674,2026,2026-03-28,"M Chinnaswamy Stadium, Bengaluru",1,6,Sunrisers Hyderabad,Royal Challengers Bengaluru,Abhishek Sharma,TM Head,JA Duffy,0,0,0,0,0,0,0,,,,
1527674,2026,2026-03-28,"M Chinnaswamy Stadium, Bengaluru",1,7,Sunrisers Hyderabad,Royal Challengers Bengaluru,TM Head,Abhishek Sharma,B Kumar,1,0,0,0,0,0,0,,,,
1527674,2026,2026-03-28,"M Chinnaswamy Stadium, Bengaluru",1,8,Sunrisers Hyderabad,Royal Challengers Bengaluru,Abhishek Sharma,TM Head,B Kumar,1,0,0,0,0,0,0,,,,
1527674,2026,2026-03-28,"M Chinnaswamy Stadium, Bengaluru",1,9,Sunrisers Hyderabad,Royal Challengers Bengaluru,TM Head,Abhishek Sharma,B Kumar,1,0,0,0,0,0,0,,,,
1527674,2026,2026-03-28,"M Chinnaswamy Stadium, Bengaluru",1,10,Sunrisers Hyderabad,Royal Challengers Bengaluru,Abhishek Sharma,TM Head,B Kumar,0,1,1,0,0,0,0,,,,
1527674,2026,2026-03-28,"M Chinnaswamy Stadium, Bengaluru",1,11,Sunrisers Hyderabad,Royal Challengers Bengaluru,Abhishek Sharma,TM Head,B Kumar,0,0,0,0,0,0,0,,,,
1527674,2026,2026-03-28,"M Chinnaswamy Stadium, Bengaluru",1,12,Sunrisers Hyderabad,Royal Challengers Bengaluru,Abhishek Sharma,TM Head,B Kumar,0,1,1,0,0,0,0,,,,
1527674,2026,2026-03-28,"M Chinnaswamy Stadium, Bengaluru",1,13,Sunrisers Hyderabad,Royal Challengers Bengaluru,Abhishek Sharma,TM Head,B Kumar,0,1,0,0,0,1,0,,,,
1527674,2026,2026-03-28,"M Chinnaswamy Stadium, Bengaluru",1,14,Sunrisers Hyderabad,Royal Challengers Bengaluru,TM Head,Abhishek Sharma,B Kumar,4,0,0,0,0,0,0,,,,
1527674,2026,2026-03-28,"M Chinnaswamy Stadium, Bengaluru",1,13,Sunrisers Hyderabad,Royal Challengers Bengaluru,Abhishek Sharma,TM Head,JA Duffy,0,1,1,0,0,0,0,,,,
1527674,2026,2026-03-28,"M Chinnaswamy Stadium, Bengaluru",1,14,Sunrisers Hyderabad,Royal Challengers Bengaluru,Abhishek Sharma,TM Head,JA Duffy,0,0,0,0,0,0,0,caught,Abhishek Sharma,{'name': 'JM Sharma'},
1527674,2026,2026-03-28,"M Chinnaswamy Stadium, Bengaluru",1,15,Sunrisers Hyderabad,Royal Challengers Bengaluru,Ishan Kishan,TM Head,JA Duffy,1,0,0,0,0,0,0,,,,
1527674,2026,2026-03-28,"M Chinnaswamy Stadium, Bengaluru",1,16,Sunrisers Hyderabad,Royal Challengers Bengaluru,TM Head,Ishan Kishan,JA Duffy,0,0,0,0,0,0,0,,,,
1527674,2026,2026-03-28,"M Chinnaswamy Stadium, Bengaluru",1,17,Sunrisers Hyderabad,Royal Challengers Bengaluru,TM Head,Ishan Kishan,JA Duffy,0,0,0,0,0,0,0,,,,
1527674,2026,2026-03-28,"M Chinnaswamy Stadium, Bengaluru",1,18,Sunrisers Hyderabad,Royal Challengers Bengaluru,TM Head,Ishan Kishan,JA Duffy,4,0,0,0,0,0,0,,,,
1527674,2026,2026-03-28,"M Chinnaswamy Stadium, Bengaluru",1,19,Sunrisers Hyderabad,Royal Challengers Bengaluru,TM Head,Ishan Kishan,JA Duffy,0,0,0,0,0,0,0,caught,TM Head,{'name': 'PD Salt'},
1527674,2026,2026-03-28,"M Chinnaswamy Stadium, Bengaluru",1,19,Sunrisers Hyderabad,Royal Challengers Bengaluru,Ishan Kishan,Nithish Kumar Reddy,B Kumar,4,0,0,0,0,0,0,,,,
1527674,2026,2026-03-28,"M Chinnaswamy Stadium, Bengaluru",1,20,Sunrisers Hyderabad,Royal Challengers Bengaluru,Ishan Kishan,Nithish Kumar Reddy,B Kumar,1,0,0,0,0,0,0,,,,
1527674,2026,2026-03-28,"M Chinnaswamy Stadium, Bengaluru",1,21,Sunrisers Hyderabad,Royal Challengers Bengaluru,Nithish Kumar Reddy,Ishan Kishan,B Kumar,0,0,0,0,0,0,0,,,,
1527674,2026,2026-03-28,"M Chinnaswamy Stadium, Bengaluru",1,22,Sunrisers Hyderabad,Royal Challengers Bengaluru,Nithish Kumar Reddy,Ishan Kishan,B Kumar,0,0,0,0,0,0,0,,,,
1527674,2026,2026-03-28,"M Chinnaswamy Stadium, Bengaluru",1,23,Sunrisers Hyderabad,Royal Challengers Bengaluru,Nithish Kumar Reddy,Ishan Kishan,B Kumar,0,0,0,0,0,0,0,,,,
1527674,2026,2026-03-28,"M Chinnaswamy Stadium, Bengaluru",1,24,Sunrisers Hyderabad,Royal Challengers Bengaluru,Nithish Kumar Reddy,Ishan Kishan,B Kumar,1,0,0,0,0,0,0,,,,
1527674,2026,2026-03-28,"M Chinnaswamy Stadium, Bengaluru",1,25,Sunrisers Hyderabad,Royal Challengers Bengaluru,Nithish Kumar Reddy,Ishan Kishan,JA Duffy,0,0,0,0,0,0,0,,,,
1527674,2026,2026-03-28,"M Chinnaswamy Stadium, Bengaluru",1,26,Sunrisers Hyderabad,Royal Challengers Bengaluru,Nithish Kumar Reddy,Ishan Kishan,JA Duffy,0,0,0,0,0,0,0,caught,Nithish Kumar Reddy,{'name': 'Abhinandan Singh'},
1527674,2026,2026-03-28,"M Chinnaswamy Stadium, Bengaluru",1,27,Sunrisers Hyderabad,Royal Challengers Bengaluru,H Klaasen,Ishan Kishan,JA Duffy,0,0,0,0,0,0,0,,,,
1527674,2026,2026-03-28,"M Chinnaswamy Stadium, Bengaluru",1,28,Sunrisers Hyderabad,Royal Challengers Bengaluru,H Klaasen,Ishan Kishan,JA Duffy,3,0,0,0,0,0,0,,,,
1527674,2026,2026-03-28,"M Chinnaswamy Stadium, Bengaluru",1,29,Sunrisers Hyderabad,Royal Challengers Bengaluru,Ishan Kishan,H Klaasen,JA Duffy,1,0,0,0,0,0,0,,,,
1527674,2026,2026-03-28,"M Chinnaswamy Stadium, Bengaluru",1,30,Sunrisers Hyderabad,Royal Challengers Bengaluru,H Klaasen,Ishan Kishan,JA Duffy,0,0,0,0,0,0,0,,,,
1527674,2026,2026-03-28,"M Chinnaswamy Stadium, Bengaluru",1,31,Sunrisers Hyderabad,Royal Challengers Bengaluru,Ishan Kishan,H Klaasen,Abhinandan Singh,0,0,0,0,0,0,0,,,,
1527674,2026,2026-03-28,"M Chinnaswamy Stadium, Bengaluru",1,32,Sunrisers Hyderabad,Royal Challengers Bengaluru,Ishan Kishan,H Klaasen,Abhinandan Singh,6,0,0,0,0,0,0,,,,
1527674,2026,2026-03-28,"M Chinnaswamy Stadium, Bengaluru",1,33,Sunrisers Hyderabad,Royal Challengers Bengaluru,Ishan Kishan,H Klaasen,Abhinandan Singh,4,0,0,0,0,0,0,,,,
1527674,2026,2026-03-28,"M Chinnaswamy Stadium, Bengaluru",1,34,Sunrisers Hyderabad,Royal Challengers Bengaluru,Ishan Kishan,H Klaasen,Abhinandan Singh,6,0,0,0,0,0,0,,,,
1527674,2026,2026-03-28,"M Chinnaswamy Stadium, Bengaluru",1,35,Sunrisers Hyderabad,Royal Challengers Bengaluru,Ishan Kishan,H Klaasen,Abhinandan Singh,0,0,0,0,0,0,0,,,,
1527674,2026,2026-03-28,"M Chinnaswamy Stadium, Bengaluru",1,36,Sunrisers Hyderabad,Royal Challengers Bengaluru,Ishan Kishan,H Klaasen,Abhinandan Singh,0,0,0,0,0,0,0,,,,
1527674,2026,2026-03-28,"M Chinnaswamy Stadium, Bengaluru",1,37,Sunrisers Hyderabad,Royal Challengers Bengaluru,H Klaasen,Ishan Kishan,JA Duffy,1,0,0,0,0,0,0,,,,
1527674,2026,2026-03-28,"M Chinnaswamy Stadium, Bengaluru",1,38,Sunrisers Hyderabad,Royal Challengers Bengaluru,Ishan Kishan,H Klaasen,JA Duffy,1,0,0,0,0,0,0,,,,
1527674,2026,2026-03-28,"M Chinnaswamy Stadium, Bengaluru",1,39,Sunrisers Hyderabad,Royal Challengers Bengaluru,H Klaasen,Ishan Kishan,JA Duffy,1,0,0,0,0,0,0,,,,
1527674,2026,2026-03-28,"M Chinnaswamy Stadium, Bengaluru",1,40,Sunrisers Hyderabad,Royal Challengers Bengaluru,Ishan Kishan,H Klaasen,JA Duffy,1,0,0,0,0,0,0,,,,
1527674,2026,2026-03-28,"M Chinnaswamy Stadium, Bengaluru",1,41,Sunrisers Hyderabad,Royal Challengers Bengaluru,H Klaasen,Ishan Kishan,JA Duffy,0,0,0,0,0,0,0,,,,
1527674,2026,2026-03-28,"M Chinnaswamy Stadium, Bengaluru",1,42,Sunrisers Hyderabad,Royal Challengers Bengaluru,H Klaasen,Ishan Kishan,JA Duffy,1,0,0,0,0,0,0,,,,
1527674,2026,2026-03-28,"M Chinnaswamy Stadium, Bengaluru",1,43,Sunrisers Hyderabad,Royal Challengers Bengaluru,H Klaasen,Ishan Kishan,R Shepherd,1,0,0,0,0,0,0,,,,
1527674,2026,2026-03-28,"M Chinnaswamy Stadium, Bengaluru",1,44,Sunrisers Hyderabad,Royal Challengers Bengaluru,Ishan Kishan,H Klaasen,R Shepherd,4,0,0,0,0,0,0,,,,
1527674,2026,2026-03-28,"M Chinnaswamy Stadium, Bengaluru",1,45,Sunrisers Hyderabad,Royal Challengers Bengaluru,Ishan Kishan,H Klaasen,R Shepherd,1,0,0,0,0,0,0,,,,
1527674,2026,2026-03-28,"M Chinnaswamy Stadium, Bengaluru",1,46,Sunrisers Hyderabad,Royal Challengers Bengaluru,H Klaasen,Ishan Kishan,R Shepherd,4,0,0,0,0,0,0,,,,
1527674,2026,2026-03-28,"M Chinnaswamy Stadium, Bengaluru",1,47,Sunrisers Hyderabad,Royal Challengers Bengaluru,H Klaasen,Ishan Kishan,R Shepherd,4,0,0,0,0,0,0,,,,
1527674,2026,2026-03-28,"M Chinnaswamy Stadium, Bengaluru",1,48,Sunrisers Hyderabad,Royal Challengers Bengaluru,H Klaasen,Ishan Kishan,R Shepherd,2,0,0,0,0,0,0,,,,
1527674,2026,2026-03-28,"M Chinnaswamy Stadium, Bengaluru",1,49,Sunrisers Hyderabad,Royal Challengers Bengaluru,Ishan Kishan,H Klaasen,Abhinandan Singh,1,0,0,0,0,0,0,,,,
1527674,2026,2026-03-28,"M Chinnaswamy Stadium, Bengaluru",1,50,Sunrisers Hyderabad,Royal Challengers Bengaluru,H Klaasen,Ishan Kishan,Abhinandan Singh,1,0,0,0,0,0,0,,,,
1527674,2026,2026-03-28,"M Chinnaswamy Stadium, Bengaluru",1,51,Sunrisers Hyderabad,Royal Challengers Bengaluru,Ishan Kishan,H Klaasen,Abhinandan Singh,0,0,0,0,0,0,0,,,,
1527674,2026,2026-03-28,"M Chinnaswamy Stadium, Bengaluru",1,52,Sunrisers Hyderabad,Royal Challengers Bengaluru,Ishan Kishan,H Klaasen,Abhinandan Singh,4,0,0,0,0,0,0,,,,
1527674,2026,2026-03-28,"M Chinnaswamy Stadium, Bengaluru",1,53,Sunrisers Hyderabad,Royal Challengers Bengaluru,Ishan Kishan,H Klaasen,Abhinandan Singh,2,0,0,0,0,0,0,,,,
1527674,2026,2026-03-28,"M Chinnaswamy Stadium, Bengaluru",1,54,Sunrisers Hyderabad,Royal Challengers Bengaluru,Ishan Kishan,H Klaasen,Abhinandan Singh,1,0,0,0,0,0,0,,,,
1527674,2026,2026-03-28,"M Chinnaswamy Stadium, Bengaluru",1,55,Sunrisers Hyderabad,Royal Challengers Bengaluru,Ishan Kishan,H Klaasen,Suyash Sharma,0,0,0,0,0,0,0,,,,
1527674,2026,2026-03-28,"M Chinnaswamy Stadium, Bengaluru",1,56,Sunrisers Hyderabad,Royal Challengers Bengaluru,Ishan Kishan,H Klaasen,Suyash Sharma,4,0,0,0,0,0,0,,,,
1527674,2026,2026-03-28,"M Chinnaswamy Stadium, Bengaluru",1,57,Sunrisers Hyderabad,Royal Challengers Bengaluru,Ishan Kishan,H Klaasen,Suyash Sharma,1,0,0,0,0,0,0,,,,
1527674,2026,2026-03-28,"M Chinnaswamy Stadium, Bengaluru",1,58,Sunrisers Hyderabad,Royal Challengers Bengaluru,H Klaasen,Ishan Kishan,Suyash Sharma,1,0,0,0,0,0,0,,,,
1527674,2026,2026-03-28,"M Chinnaswamy Stadium, Bengaluru",1,59,Sunrisers Hyderabad,Royal Challengers Bengaluru,Ishan Kishan,H Klaasen,Suyash Sharma,2,0,0,0,0,0,0,,,,
1527674,2026,2026-03-28,"M Chinnaswamy Stadium, Bengaluru",1,60,Sunrisers Hyderabad,Royal Challengers Bengaluru,Ishan Kishan,H Klaasen,Suyash Sharma,0,0,0,0,0,0,0,,,,
1527674,2026,2026-03-28,"M Chinnaswamy Stadium, Bengaluru",1,61,Sunrisers Hyderabad,Royal Challengers Bengaluru,H Klaasen,Ishan Kishan,KH Pandya,0,0,0,0,0,0,0,,,,
1527674,2026,2026-03-28,"M Chinnaswamy Stadium, Bengaluru",1,62,Sunrisers Hyderabad,Royal Challengers Bengaluru,H Klaasen,Ishan Kishan,KH Pandya,1,0,0,0,0,0,0,,,,
1527674,2026,2026-03-28,"M Chinnaswamy Stadium, Bengaluru",1,63,Sunrisers Hyderabad,Royal Challengers Bengaluru,Ishan Kishan,H Klaasen,KH Pandya,1,0,0,0,0,0,0,,,,
1527674,2026,2026-03-28,"M Chinnaswamy Stadium, Bengaluru",1,64,Sunrisers Hyderabad,Royal Challengers Bengaluru,H Klaasen,Ishan Kishan,KH Pandya,1,0,0,0,0,0,0,,,,
1527674,2026,2026-03-28,"M Chinnaswamy Stadium, Bengaluru",1,65,Sunrisers Hyderabad,Royal Challengers Bengaluru,Ishan Kishan,H Klaasen,KH Pandya,1,0,0,0,0,0,0,,,,
1527674,2026,2026-03-28,"M Chinnaswamy Stadium, Bengaluru",1,66,Sunrisers Hyderabad,Royal Challengers Bengaluru,H Klaasen,Ishan Kishan,KH Pandya,1,0,0,0,0,0,0,,,,
1527674,2026,2026-03-28,"M Chinnaswamy Stadium, Bengaluru",1,67,Sunrisers Hyderabad,Royal Challengers Bengaluru,H Klaasen,Ishan Kishan,Suyash Sharma,1,0,0,0,0,0,0,,,,
1527674,2026,2026-03-28,"M Chinnaswamy Stadium, Bengaluru",1,68,Sunrisers Hyderabad,Royal Challengers Bengaluru,Ishan Kishan,H Klaasen,Suyash Sharma,4,0,0,0,0,0,0,,,,
1527674,2026,2026-03-28,"M Chinnaswamy Stadium, Bengaluru",1,69,Sunrisers Hyderabad,Royal Challengers Bengaluru,Ishan Kishan,H Klaasen,Suyash Sharma,4,0,0,0,0,0,0,,,,
1527674,2026,2026-03-28,"M Chinnaswamy Stadium, Bengaluru",1,70,Sunrisers Hyderabad,Royal Challengers Bengaluru,Ishan Kishan,H Klaasen,Suyash Sharma,0,0,0,0,0,0,0,,,,
1527674,2026,2026-03-28,"M Chinnaswamy Stadium, Bengaluru",1,71,Sunrisers Hyderabad,Royal Challengers Bengaluru,Ishan Kishan,H Klaasen,Suyash Sharma,0,0,0,0,0,0,0,,,,
1527674,2026,2026-03-28,"M Chinnaswamy Stadium, Bengaluru",1,72,Sunrisers Hyderabad,Royal Challengers Bengaluru,Ishan Kishan,H Klaasen,Suyash Sharma,4,0,0,0,0,0,0,,,,
1527674,2026,2026-03-28,"M Chinnaswamy Stadium, Bengaluru",1,73,Sunrisers Hyderabad,Royal Challengers Bengaluru,H Klaasen,Ishan Kishan,KH Pandya,6,0,0,0,0,0,0,,,,
1527674,2026,2026-03-28,"M Chinnaswamy Stadium, Bengaluru",1,74,Sunrisers Hyderabad,Royal Challengers Bengaluru,H Klaasen,Ishan Kishan,KH Pandya,1,0,0,0,0,0,0,,,,
1527674,2026,2026-03-28,"M Chinnaswamy Stadium, Bengaluru",1,75,Sunrisers Hyderabad,Royal Challengers Bengaluru,Ishan Kishan,H Klaasen,KH Pandya,1,0,0,0,0,0,0,,,,
1527674,2026,2026-03-28,"M Chinnaswamy Stadium, Bengaluru",1,76,Sunrisers Hyderabad,Royal Challengers Bengaluru,H Klaasen,Ishan Kishan,KH Pandya,1,0,0,0,0,0,0,,,,
1527674,2026,2026-03-28,"M Chinnaswamy Stadium, Bengaluru",1,77,Sunrisers Hyderabad,Royal Challengers Bengaluru,Ishan Kishan,H Klaasen,KH Pandya,6,0,0,0,0,0,0,,,,
1527674,2026,2026-03-28,"M Chinnaswamy Stadium, Bengaluru",1,78,Sunrisers Hyderabad,Royal Challengers Bengaluru,Ishan Kishan,H Klaasen,KH Pandya,6,0,0,0,0,0,0,,,,
1527674,2026,2026-03-28,"M Chinnaswamy Stadium, Bengaluru",1,79,Sunrisers Hyderabad,Royal Challengers Bengaluru,H Klaasen,Ishan Kishan,R Shepherd,0,0,0,0,0,0,0,caught,H Klaasen,{'name': 'PD Salt'},
1527674,2026,2026-03-28,"M Chinnaswamy Stadium, Bengaluru",1,80,Sunrisers Hyderabad,Royal Challengers Bengaluru,S Arora,Ishan Kishan,R Shepherd,0,0,0,0,0,0,0,,,,
1527674,2026,2026-03-28,"M Chinnaswamy Stadium, Bengaluru",1,81,Sunrisers Hyderabad,Royal Challengers Bengaluru,S Arora,Ishan Kishan,R Shepherd,1,0,0,0,0,0,0,,,,
1527674,2026,2026-03-28,"M Chinnaswamy Stadium, Bengaluru",1,82,Sunrisers Hyderabad,Royal Challengers Bengaluru,Ishan Kishan,S Arora,R Shepherd,1,0,0,0,0,0,0,,,,
1527674,2026,2026-03-28,"M Chinnaswamy Stadium, Bengaluru",1,83,Sunrisers Hyderabad,Royal Challengers Bengaluru,S Arora,Ishan Kishan,R Shepherd,6,0,0,0,0,0,0,,,,
1527674,2026,2026-03-28,"M Chinnaswamy Stadium, Bengaluru",1,84,Sunrisers Hyderabad,Royal Challengers Bengaluru,S Arora,Ishan Kishan,R Shepherd,1,0,0,0,0,0,0,,,,
1527674,2026,2026-03-28,"M Chinnaswamy Stadium, Bengaluru",1,85,Sunrisers Hyderabad,Royal Challengers Bengaluru,S Arora,Ishan Kishan,Suyash Sharma,1,0,0,0,0,0,0,,,,
1527674,2026,2026-03-28,"M Chinnaswamy Stadium, Bengaluru",1,86,Sunrisers Hyderabad,Royal Challengers Bengaluru,Ishan Kishan,S Arora,Suyash Sharma,1,0,0,0,0,0,0,,,,
1527674,2026,2026-03-28,"M Chinnaswamy Stadium, Bengaluru",1,87,Sunrisers Hyderabad,Royal Challengers Bengaluru,S Arora,Ishan Kishan,Suyash Sharma,0,0,0,0,0,0,0,caught,S Arora,{'name': 'D Padikkal'},
1527674,2026,2026-03-28,"M Chinnaswamy Stadium, Bengaluru",1,88,Sunrisers Hyderabad,Royal Challengers Bengaluru,Aniket Verma,Ishan Kishan,Suyash Sharma,0,0,0,0,0,0,0,,,,
1527674,2026,2026-03-28,"M Chinnaswamy Stadium, Bengaluru",1,89,Sunrisers Hyderabad,Royal Challengers Bengaluru,Aniket Verma,Ishan Kishan,Suyash Sharma,4,0,0,0,0,0,0,,,,
1527674,2026,2026-03-28,"M Chinnaswamy Stadium, Bengaluru",1,90,Sunrisers Hyderabad,Royal Challengers Bengaluru,Aniket Verma,Ishan Kishan,Suyash Sharma,1,0,0,0,0,0,0,,,,
1527674,2026,2026-03-28,"M Chinnaswamy Stadium, Bengaluru",1,91,Sunrisers Hyderabad,Royal Challengers Bengaluru,Aniket Verma,Ishan Kishan,Abhinandan Singh,0,0,0,0,0,0,0,,,,
1527674,2026,2026-03-28,"M Chinnaswamy Stadium, Bengaluru",1,92,Sunrisers Hyderabad,Royal Challengers Bengaluru,Aniket Verma,Ishan Kishan,Abhinandan Singh,6,0,0,0,0,0,0,,,,
1527674,2026,2026-03-28,"M Chinnaswamy Stadium, Bengaluru",1,93,Sunrisers Hyderabad,Royal Challengers Bengaluru,Aniket Verma,Ishan Kishan,Abhinandan Singh,0,0,0,0,0,0,0,,,,
1527674,2026,2026-03-28,"M Chinnaswamy Stadium, Bengaluru",1,94,Sunrisers Hyderabad,Royal Challengers Bengaluru,Aniket Verma,Ishan Kishan,Abhinandan Singh,1,0,0,0,0,0,0,,,,
1527674,2026,2026-03-28,"M Chinnaswamy Stadium, Bengaluru",1,95,Sunrisers Hyderabad,Royal Challengers Bengaluru,Ishan Kishan,Aniket Verma,Abhinandan Singh,6,0,0,0,0,0,0,,,,
1527674,2026,2026-03-28,"M Chinnaswamy Stadium, Bengaluru",1,96,Sunrisers Hyderabad,Royal Challengers Bengaluru,Ishan Kishan,Aniket Verma,Abhinandan Singh,0,0,0,0,0,0,0,caught,Ishan Kishan,{'name': 'PD Salt'},
1527674,2026,2026-03-28,"M Chinnaswamy Stadium, Bengaluru",1,97,Sunrisers Hyderabad,Royal Challengers Bengaluru,Aniket Verma,Harsh Dubey,R Shepherd,6,0,0,0,0,0,0,,,,
1527674,2026,2026-03-28,"M Chinnaswamy Stadium, Bengaluru",1,98,Sunrisers Hyderabad,Royal Challengers Bengaluru,Aniket Verma,Harsh Dubey,R Shepherd,1,0,0,0,0,0,0,,,,
1527674,2026,2026-03-28,"M Chinnaswamy Stadium, Bengaluru",1,99,Sunrisers Hyderabad,Royal Challengers Bengaluru,Harsh Dubey,Aniket Verma,R Shepherd,1,0,0,0,0,0,0,,,,
1527674,2026,2026-03-28,"M Chinnaswamy Stadium, Bengaluru",1,100,Sunrisers Hyderabad,Royal Challengers Bengaluru,Aniket Verma,Harsh Dubey,R Shepherd,1,0,0,0,0,0,0,,,,
1527674,2026,2026-03-28,"M Chinnaswamy Stadium, Bengaluru",1,101,Sunrisers Hyderabad,Royal Challengers Bengaluru,Harsh Dubey,Aniket Verma,R Shepherd,0,1,1,0,0,0,0,,,,
1527674,2026,2026-03-28,"M Chinnaswamy Stadium, Bengaluru",1,102,Sunrisers Hyderabad,Royal Challengers Bengaluru,Harsh Dubey,Aniket Verma,R Shepherd,2,0,0,0,0,0,0,,,,
1527674,2026,2026-03-28,"M Chinnaswamy Stadium, Bengaluru",1,103,Sunrisers Hyderabad,Royal Challengers Bengaluru,Harsh Dubey,Aniket Verma,R Shepherd,0,0,0,0,0,0,0,caught,Harsh Dubey,{'name': 'D Padikkal'},
1527674,2026,2026-03-28,"M Chinnaswamy Stadium, Bengaluru",1,103,Sunrisers Hyderabad,Royal Challengers Bengaluru,Aniket Verma,HV Patel,B Kumar,2,0,0,0,0,0,0,,,,
1527674,2026,2026-03-28,"M Chinnaswamy Stadium, Bengaluru",1,104,Sunrisers Hyderabad,Royal Challengers Bengaluru,Aniket Verma,HV Patel,B Kumar,4,0,0,0,0,0,0,,,,
1527674,2026,2026-03-28,"M Chinnaswamy Stadium, Bengaluru",1,105,Sunrisers Hyderabad,Royal Challengers Bengaluru,Aniket Verma,HV Patel,B Kumar,1,0,0,0,0,0,0,,,,
1527674,2026,2026-03-28,"M Chinnaswamy Stadium, Bengaluru",1,106,Sunrisers Hyderabad,Royal Challengers Bengaluru,HV Patel,Aniket Verma,B Kumar,0,0,0,0,0,0,0,,,,
1527674,2026,2026-03-28,"M Chinnaswamy Stadium, Bengaluru",1,107,Sunrisers Hyderabad,Royal Challengers Bengaluru,HV Patel,Aniket Verma,B Kumar,0,0,0,0,0,0,0,caught,HV Patel,{'name': 'D Padikkal'},
1527674,2026,2026-03-28,"M Chinnaswamy Stadium, Bengaluru",1,108,Sunrisers Hyderabad,Royal Challengers Bengaluru,DA Payne,Aniket Verma,B Kumar,1,0,0,0,0,0,0,,,,
1527674,2026,2026-03-28,"M Chinnaswamy Stadium, Bengaluru",1,109,Sunrisers Hyderabad,Royal Challengers Bengaluru,DA Payne,Aniket Verma,R Shepherd,1,0,0,0,0,0,0,,,,
1527674,2026,2026-03-28,"M Chinnaswamy Stadium, Bengaluru",1,110,Sunrisers Hyderabad,Royal Challengers Bengaluru,Aniket Verma,DA Payne,R Shepherd,6,0,0,0,0,0,0,,,,
1527674,2026,2026-03-28,"M Chinnaswamy Stadium, Bengaluru",1,111,Sunrisers Hyderabad,Royal Challengers Bengaluru,Aniket Verma,DA Payne,R Shepherd,4,0,0,0,0,0,0,,,,
1527674,2026,2026-03-28,"M Chinnaswamy Stadium, Bengaluru",1,112,Sunrisers Hyderabad,Royal Challengers Bengaluru,Aniket Verma,DA Payne,R Shepherd,6,0,0,0,0,0,0,,,,
1527674,2026,2026-03-28,"M Chinnaswamy Stadium, Bengaluru",1,113,Sunrisers Hyderabad,Royal Challengers Bengaluru,Aniket Verma,DA Payne,R Shepherd,0,0,0,0,0,0,0,,,,
1527674,2026,2026-03-28,"M Chinnaswamy Stadium, Bengaluru",1,114,Sunrisers Hyderabad,Royal Challengers Bengaluru,Aniket Verma,DA Payne,R Shepherd,0,0,0,0,0,0,0,caught,Aniket Verma,{'name': 'V Kohli'},
1527674,2026,2026-03-28,"M Chinnaswamy Stadium, Bengaluru",1,115,Sunrisers Hyderabad,Royal Challengers Bengaluru,DA Payne,JD Unadkat,B Kumar,2,0,0,0,0,0,0,,,,
1527674,2026,2026-03-28,"M Chinnaswamy Stadium, Bengaluru",1,116,Sunrisers Hyderabad,Royal Challengers Bengaluru,DA Payne,JD Unadkat,B Kumar,2,0,0,0,0,0,0,,,,
1527674,2026,2026-03-28,"M Chinnaswamy Stadium, Bengaluru",1,117,Sunrisers Hyderabad,Royal Challengers Bengaluru,DA Payne,JD Unadkat,B Kumar,0,1,0,0,0,1,0,,,,
1527674,2026,2026-03-28,"M Chinnaswamy Stadium, Bengaluru",1,118,Sunrisers Hyderabad,Royal Challengers Bengaluru,JD Unadkat,DA Payne,B Kumar,2,0,0,0,0,0,0,,,,
1527674,2026,2026-03-28,"M Chinnaswamy Stadium, Bengaluru",1,119,Sunrisers Hyderabad,Royal Challengers Bengaluru,JD Unadkat,DA Payne,B Kumar,0,0,0,0,0,0,0,,,,
1527674,2026,2026-03-28,"M Chinnaswamy Stadium, Bengaluru",1,120,Sunrisers Hyderabad,Royal Challengers Bengaluru,JD Unadkat,DA Payne,B Kumar,2,0,0,0,0,0,0,,,,
1527674,2026,2026-03-28,"M Chinnaswamy Stadium, Bengaluru",2,1,Royal Challengers Bengaluru,Sunrisers Hyderabad,PD Salt,V Kohli,Nithish Kumar Reddy,0,0,0,0,0,0,0,,,,
1527674,2026,2026-03-28,"M Chinnaswamy Stadium, Bengaluru",2,2,Royal Challengers Bengaluru,Sunrisers Hyderabad,PD Salt,V Kohli,Nithish Kumar Reddy,0,0,0,0,0,0,0,,,,
1527674,2026,2026-03-28,"M Chinnaswamy Stadium, Bengaluru",2,3,Royal Challengers Bengaluru,Sunrisers Hyderabad,PD Salt,V Kohli,Nithish Kumar Reddy,4,0,0,0,0,0,0,,,,
1527674,2026,2026-03-28,"M Chinnaswamy Stadium, Bengaluru",2,4,Royal Challengers Bengaluru,Sunrisers Hyderabad,PD Salt,V Kohli,Nithish Kumar Reddy,0,0,0,0,0,0,0,,,,
1527674,2026,2026-03-28,"M Chinnaswamy Stadium, Bengaluru",2,5,Royal Challengers Bengaluru,Sunrisers Hyderabad,PD Salt,V Kohli,Nithish Kumar Reddy,4,0,0,0,0,0,0,,,,
1527674,2026,2026-03-28,"M Chinnaswamy Stadium, Bengaluru",2,6,Royal Challengers Bengaluru,Sunrisers Hyderabad,PD Salt,V Kohli,Nithish Kumar Reddy,0,1,0,0,0,1,0,,,,
1527674,2026,2026-03-28,"M Chinnaswamy Stadium, Bengaluru",2,7,Royal Challengers Bengaluru,Sunrisers Hyderabad,PD Salt,V Kohli,JD Unadkat,0,0,0,0,0,0,0,caught,PD Salt,{'name': 'H Klaasen'},
1527674,2026,2026-03-28,"M Chinnaswamy Stadium, Bengaluru",2,8,Royal Challengers Bengaluru,Sunrisers Hyderabad,D Padikkal,V Kohli,JD Unadkat,6,0,0,0,0,0,0,,,,
1527674,2026,2026-03-28,"M Chinnaswamy Stadium, Bengaluru",2,9,Royal Challengers Bengaluru,Sunrisers Hyderabad,D Padikkal,V Kohli,JD Unadkat,1,0,0,0,0,0,0,,,,
1527674,2026,2026-03-28,"M Chinnaswamy Stadium, Bengaluru",2,10,Royal Challengers Bengaluru,Sunrisers Hyderabad,V Kohli,D Padikkal,JD Unadkat,0,0,0,0,0,0,0,,,,
1527674,2026,2026-03-28,"M Chinnaswamy Stadium, Bengaluru",2,11,Royal Challengers Bengaluru,Sunrisers Hyderabad,V Kohli,D Padikkal,JD Unadkat,4,0,0,0,0,0,0,,,,
1527674,2026,2026-03-28,"M Chinnaswamy Stadium, Bengaluru",2,12,Royal Challengers Bengaluru,Sunrisers Hyderabad,V Kohli,D Padikkal,JD Unadkat,1,0,0,0,0,0,0,,,,
1527674,2026,2026-03-28,"M Chinnaswamy Stadium, Bengaluru",2,13,Royal Challengers Bengaluru,Sunrisers Hyderabad,V Kohli,D Padikkal,Nithish Kumar Reddy,1,0,0,0,0,0,0,,,,
1527674,2026,2026-03-28,"M Chinnaswamy Stadium, Bengaluru",2,14,Royal Challengers Bengaluru,Sunrisers Hyderabad,D Padikkal,V Kohli,Nithish Kumar Reddy,4,0,0,0,0,0,0,,,,
1527674,2026,2026-03-28,"M Chinnaswamy Stadium, Bengaluru",2,15,Royal Challengers Bengaluru,Sunrisers Hyderabad,D Padikkal,V Kohli,Nithish Kumar Reddy,1,0,0,0,0,0,0,,,,
1527674,2026,2026-03-28,"M Chinnaswamy Stadium, Bengaluru",2,16,Royal Challengers Bengaluru,Sunrisers Hyderabad,V Kohli,D Padikkal,Nithish Kumar Reddy,0,1,0,0,0,1,0,,,,
1527674,2026,2026-03-28,"M Chinnaswamy Stadium, Bengaluru",2,17,Royal Challengers Bengaluru,Sunrisers Hyderabad,D Padikkal,V Kohli,Nithish Kumar Reddy,4,0,0,0,0,0,0,,,,
1527674,2026,2026-03-28,"M Chinnaswamy Stadium, Bengaluru",2,18,Royal Challengers Bengaluru,Sunrisers Hyderabad,D Padikkal,V Kohli,Nithish Kumar Reddy,1,0,0,0,0,0,0,,,,
1527674,2026,2026-03-28,"M Chinnaswamy Stadium, Bengaluru",2,19,Royal Challengers Bengaluru,Sunrisers Hyderabad,D Padikkal,V Kohli,DA Payne,0,0,0,0,0,0,0,,,,
1527674,2026,2026-03-28,"M Chinnaswamy Stadium, Bengaluru",2,20,Royal Challengers Bengaluru,Sunrisers Hyderabad,D Padikkal,V Kohli,DA Payne,6,0,0,0,0,0,0,,,,
1527674,2026,2026-03-28,"M Chinnaswamy Stadium, Bengaluru",2,21,Royal Challengers Bengaluru,Sunrisers Hyderabad,D Padikkal,V Kohli,DA Payne,4,0,0,0,0,0,0,,,,
1527674,2026,2026-03-28,"M Chinnaswamy Stadium, Bengaluru",2,22,Royal Challengers Bengaluru,Sunrisers Hyderabad,D Padikkal,V Kohli,DA Payne,1,0,0,0,0,0,0,,,,
1527674,2026,2026-03-28,"M Chinnaswamy Stadium, Bengaluru",2,23,Royal Challengers Bengaluru,Sunrisers Hyderabad,V Kohli,D Padikkal,DA Payne,1,0,0,0,0,0,0,,,,
1527674,2026,2026-03-28,"M Chinnaswamy Stadium, Bengaluru",2,24,Royal Challengers Bengaluru,Sunrisers Hyderabad,D Padikkal,V Kohli,DA Payne,6,0,0,0,0,0,0,,,,
1527674,2026,2026-03-28,"M Chinnaswamy Stadium, Bengaluru",2,25,Royal Challengers Bengaluru,Sunrisers Hyderabad,V Kohli,D Padikkal,JD Unadkat,0,0,0,0,0,0,0,,,,
1527674,2026,2026-03-28,"M Chinnaswamy Stadium, Bengaluru",2,26,Royal Challengers Bengaluru,Sunrisers Hyderabad,V Kohli,D Padikkal,JD Unadkat,6,0,0,0,0,0,0,,,,
1527674,2026,2026-03-28,"M Chinnaswamy Stadium, Bengaluru",2,27,Royal Challengers Bengaluru,Sunrisers Hyderabad,V Kohli,D Padikkal,JD Unadkat,4,0,0,0,0,0,0,,,,
1527674,2026,2026-03-28,"M Chinnaswamy Stadium, Bengaluru",2,28,Royal Challengers Bengaluru,Sunrisers Hyderabad,V Kohli,D Padikkal,JD Unadkat,1,0,0,0,0,0,0,,,,
1527674,2026,2026-03-28,"M Chinnaswamy Stadium, Bengaluru",2,29,Royal Challengers Bengaluru,Sunrisers Hyderabad,D Padikkal,V Kohli,JD Unadkat,0,4,0,0,4,0,0,,,,
1527674,2026,2026-03-28,"M Chinnaswamy Stadium, Bengaluru",2,30,Royal Challengers Bengaluru,Sunrisers Hyderabad,D Padikkal,V Kohli,JD Unadkat,0,1,0,0,0,1,0,,,,
1527674,2026,2026-03-28,"M Chinnaswamy Stadium, Bengaluru",2,31,Royal Challengers Bengaluru,Sunrisers Hyderabad,D Padikkal,V Kohli,Harsh Dubey,4,0,0,0,0,0,0,,,,
1527674,2026,2026-03-28,"M Chinnaswamy Stadium, Bengaluru",2,32,Royal Challengers Bengaluru,Sunrisers Hyderabad,D Padikkal,V Kohli,Harsh Dubey,1,0,0,0,0,0,0,,,,
1527674,2026,2026-03-28,"M Chinnaswamy Stadium, Bengaluru",2,33,Royal Challengers Bengaluru,Sunrisers Hyderabad,V Kohli,D Padikkal,Harsh Dubey,1,0,0,0,0,0,0,,,,
1527674,2026,2026-03-28,"M Chinnaswamy Stadium, Bengaluru",2,34,Royal Challengers Bengaluru,Sunrisers Hyderabad,D Padikkal,V Kohli,Harsh Dubey,1,0,0,0,0,0,0,,,,
1527674,2026,2026-03-28,"M Chinnaswamy Stadium, Bengaluru",2,35,Royal Challengers Bengaluru,Sunrisers Hyderabad,V Kohli,D Padikkal,Harsh Dubey,1,0,0,0,0,0,0,,,,
1527674,2026,2026-03-28,"M Chinnaswamy Stadium, Bengaluru",2,36,Royal Challengers Bengaluru,Sunrisers Hyderabad,D Padikkal,V Kohli,Harsh Dubey,1,0,0,0,0,0,0,,,,
1527674,2026,2026-03-28,"M Chinnaswamy Stadium, Bengaluru",2,37,Royal Challengers Bengaluru,Sunrisers Hyderabad,D Padikkal,V Kohli,E Malinga,4,0,0,0,0,0,0,,,,
1527674,2026,2026-03-28,"M Chinnaswamy Stadium, Bengaluru",2,38,Royal Challengers Bengaluru,Sunrisers Hyderabad,D Padikkal,V Kohli,E Malinga,1,0,0,0,0,0,0,,,,
1527674,2026,2026-03-28,"M Chinnaswamy Stadium, Bengaluru",2,39,Royal Challengers Bengaluru,Sunrisers Hyderabad,V Kohli,D Padikkal,E Malinga,0,0,0,0,0,0,0,,,,
1527674,2026,2026-03-28,"M Chinnaswamy Stadium, Bengaluru",2,40,Royal Challengers Bengaluru,Sunrisers Hyderabad,V Kohli,D Padikkal,E Malinga,2,0,0,0,0,0,0,,,,
1527674,2026,2026-03-28,"M Chinnaswamy Stadium, Bengaluru",2,41,Royal Challengers Bengaluru,Sunrisers Hyderabad,V Kohli,D Padikkal,E Malinga,6,0,0,0,0,0,0,,,,
1527674,2026,2026-03-28,"M Chinnaswamy Stadium, Bengaluru",2,42,Royal Challengers Bengaluru,Sunrisers Hyderabad,V Kohli,D Padikkal,E Malinga,0,0,0,0,0,0,0,,,,
1527674,2026,2026-03-28,"M Chinnaswamy Stadium, Bengaluru",2,43,Royal Challengers Bengaluru,Sunrisers Hyderabad,D Padikkal,V Kohli,HV Patel,1,0,0,0,0,0,0,,,,
1527674,2026,2026-03-28,"M Chinnaswamy Stadium, Bengaluru",2,44,Royal Challengers Bengaluru,Sunrisers Hyderabad,V Kohli,D Padikkal,HV Patel,0,0,0,0,0,0,0,,,,
1527674,2026,2026-03-28,"M Chinnaswamy Stadium, Bengaluru",2,45,Royal Challengers Bengaluru,Sunrisers Hyderabad,V Kohli,D Padikkal,HV Patel,1,0,0,0,0,0,0,,,,
1527674,2026,2026-03-28,"M Chinnaswamy Stadium, Bengaluru",2,46,Royal Challengers Bengaluru,Sunrisers Hyderabad,D Padikkal,V Kohli,HV Patel,4,0,0,0,0,0,0,,,,
1527674,2026,2026-03-28,"M Chinnaswamy Stadium, Bengaluru",2,47,Royal Challengers Bengaluru,Sunrisers Hyderabad,D Padikkal,V Kohli,HV Patel,0,4,0,0,4,0,0,,,,
1527674,2026,2026-03-28,"M Chinnaswamy Stadium, Bengaluru",2,48,Royal Challengers Bengaluru,Sunrisers Hyderabad,D Padikkal,V Kohli,HV Patel,0,0,0,0,0,0,0,,,,
1527674,2026,2026-03-28,"M Chinnaswamy Stadium, Bengaluru",2,49,Royal Challengers Bengaluru,Sunrisers Hyderabad,V Kohli,D Padikkal,Harsh Dubey,1,0,0,0,0,0,0,,,,
1527674,2026,2026-03-28,"M Chinnaswamy Stadium, Bengaluru",2,50,Royal Challengers Bengaluru,Sunrisers Hyderabad,D Padikkal,V Kohli,Harsh Dubey,4,0,0,0,0,0,0,,,,
1527674,2026,2026-03-28,"M Chinnaswamy Stadium, Bengaluru",2,51,Royal Challengers Bengaluru,Sunrisers Hyderabad,D Padikkal,V Kohli,Harsh Dubey,6,0,0,0,0,0,0,,,,
1527674,2026,2026-03-28,"M Chinnaswamy Stadium, Bengaluru",2,52,Royal Challengers Bengaluru,Sunrisers Hyderabad,D Padikkal,V Kohli,Harsh Dubey,0,0,0,0,0,0,0,caught,D Padikkal,{'name': 'H Klaasen'},
1527674,2026,2026-03-28,"M Chinnaswamy Stadium, Bengaluru",2,53,Royal Challengers Bengaluru,Sunrisers Hyderabad,RM Patidar,V Kohli,Harsh Dubey,1,0,0,0,0,0,0,,,,
1527674,2026,2026-03-28,"M Chinnaswamy Stadium, Bengaluru",2,54,Royal Challengers Bengaluru,Sunrisers Hyderabad,V Kohli,RM Patidar,Harsh Dubey,0,0,0,0,0,0,0,,,,
1527674,2026,2026-03-28,"M Chinnaswamy Stadium, Bengaluru",2,55,Royal Challengers Bengaluru,Sunrisers Hyderabad,RM Patidar,V Kohli,HV Patel,1,0,0,0,0,0,0,,,,
1527674,2026,2026-03-28,"M Chinnaswamy Stadium, Bengaluru",2,56,Royal Challengers Bengaluru,Sunrisers Hyderabad,V Kohli,RM Patidar,HV Patel,6,0,0,0,0,0,0,,,,
1527674,2026,2026-03-28,"M Chinnaswamy Stadium, Bengaluru",2,57,Royal Challengers Bengaluru,Sunrisers Hyderabad,V Kohli,RM Patidar,HV Patel,1,0,0,0,0,0,0,,,,
1527674,2026,2026-03-28,"M Chinnaswamy Stadium, Bengaluru",2,58,Royal Challengers Bengaluru,Sunrisers Hyderabad,RM Patidar,V Kohli,HV Patel,4,0,0,0,0,0,0,,,,
1527674,2026,2026-03-28,"M Chinnaswamy Stadium, Bengaluru",2,59,Royal Challengers Bengaluru,Sunrisers Hyderabad,RM Patidar,V Kohli,HV Patel,1,0,0,0,0,0,0,,,,
1527674,2026,2026-03-28,"M Chinnaswamy Stadium, Bengaluru",2,60,Royal Challengers Bengaluru,Sunrisers Hyderabad,V Kohli,RM Patidar,HV Patel,0,1,1,0,0,0,0,,,,
1527674,2026,2026-03-28,"M Chinnaswamy Stadium, Bengaluru",2,61,Royal Challengers Bengaluru,Sunrisers Hyderabad,V Kohli,RM Patidar,HV Patel,1,0,0,0,0,0,0,,,,
1527674,2026,2026-03-28,"M Chinnaswamy Stadium, Bengaluru",2,61,Royal Challengers Bengaluru,Sunrisers Hyderabad,V Kohli,RM Patidar,Harsh Dubey,1,0,0,0,0,0,0,,,,
1527674,2026,2026-03-28,"M Chinnaswamy Stadium, Bengaluru",2,62,Royal Challengers Bengaluru,Sunrisers Hyderabad,RM Patidar,V Kohli,Harsh Dubey,6,0,0,0,0,0,0,,,,
1527674,2026,2026-03-28,"M Chinnaswamy Stadium, Bengaluru",2,63,Royal Challengers Bengaluru,Sunrisers Hyderabad,RM Patidar,V Kohli,Harsh Dubey,1,0,0,0,0,0,0,,,,
1527674,2026,2026-03-28,"M Chinnaswamy Stadium, Bengaluru",2,64,Royal Challengers Bengaluru,Sunrisers Hyderabad,V Kohli,RM Patidar,Harsh Dubey,0,0,0,0,0,0,0,,,,
1527674,2026,2026-03-28,"M Chinnaswamy Stadium, Bengaluru",2,65,Royal Challengers Bengaluru,Sunrisers Hyderabad,V Kohli,RM Patidar,Harsh Dubey,6,0,0,0,0,0,0,,,,
1527674,2026,2026-03-28,"M Chinnaswamy Stadium, Bengaluru",2,66,Royal Challengers Bengaluru,Sunrisers Hyderabad,V Kohli,RM Patidar,Harsh Dubey,0,0,0,0,0,0,0,,,,
1527674,2026,2026-03-28,"M Chinnaswamy Stadium, Bengaluru",2,67,Royal Challengers Bengaluru,Sunrisers Hyderabad,RM Patidar,V Kohli,E Malinga,4,0,0,0,0,0,0,,,,
1527674,2026,2026-03-28,"M Chinnaswamy Stadium, Bengaluru",2,68,Royal Challengers Bengaluru,Sunrisers Hyderabad,RM Patidar,V Kohli,E Malinga,0,1,1,0,0,0,0,,,,
1527674,2026,2026-03-28,"M Chinnaswamy Stadium, Bengaluru",2,69,Royal Challengers Bengaluru,Sunrisers Hyderabad,RM Patidar,V Kohli,E Malinga,0,0,0,0,0,0,0,,,,
1527674,2026,2026-03-28,"M Chinnaswamy Stadium, Bengaluru",2,70,Royal Challengers Bengaluru,Sunrisers Hyderabad,RM Patidar,V Kohli,E Malinga,0,1,1,0,0,0,0,,,,
1527674,2026,2026-03-28,"M Chinnaswamy Stadium, Bengaluru",2,71,Royal Challengers Bengaluru,Sunrisers Hyderabad,RM Patidar,V Kohli,E Malinga,6,0,0,0,0,0,0,,,,
1527674,2026,2026-03-28,"M Chinnaswamy Stadium, Bengaluru",2,72,Royal Challengers Bengaluru,Sunrisers Hyderabad,RM Patidar,V Kohli,E Malinga,0,1,1,0,0,0,0,,,,
1527674,2026,2026-03-28,"M Chinnaswamy Stadium, Bengaluru",2,73,Royal Challengers Bengaluru,Sunrisers Hyderabad,RM Patidar,V Kohli,E Malinga,6,0,0,0,0,0,0,,,,
1527674,2026,2026-03-28,"M Chinnaswamy Stadium, Bengaluru",2,74,Royal Challengers Bengaluru,Sunrisers Hyderabad,RM Patidar,V Kohli,E Malinga,1,0,0,0,0,0,0,,,,
1527674,2026,2026-03-28,"M Chinnaswamy Stadium, Bengaluru",2,75,Royal Challengers Bengaluru,Sunrisers Hyderabad,V Kohli,RM Patidar,E Malinga,0,1,1,0,0,0,0,,,,
1527674,2026,2026-03-28,"M Chinnaswamy Stadium, Bengaluru",2,76,Royal Challengers Bengaluru,Sunrisers Hyderabad,V Kohli,RM Patidar,E Malinga,1,0,0,0,0,0,0,,,,
1527674,2026,2026-03-28,"M Chinnaswamy Stadium, Bengaluru",2,73,Royal Challengers Bengaluru,Sunrisers Hyderabad,V Kohli,RM Patidar,DA Payne,1,0,0,0,0,0,0,,,,
1527674,2026,2026-03-28,"M Chinnaswamy Stadium, Bengaluru",2,74,Royal Challengers Bengaluru,Sunrisers Hyderabad,RM Patidar,V Kohli,DA Payne,0,0,0,0,0,0,0,caught,RM Patidar,{'name': 'Harsh Dubey'},
1527674,2026,2026-03-28,"M Chinnaswamy Stadium, Bengaluru",2,75,Royal Challengers Bengaluru,Sunrisers Hyderabad,JM Sharma,V Kohli,DA Payne,0,0,0,0,0,0,0,caught,JM Sharma,{'name': 'JD Unadkat'},
1527674,2026,2026-03-28,"M Chinnaswamy Stadium, Bengaluru",2,76,Royal Challengers Bengaluru,Sunrisers Hyderabad,TH David,V Kohli,DA Payne,0,0,0,0,0,0,0,,,,
1527674,2026,2026-03-28,"M Chinnaswamy Stadium, Bengaluru",2,77,Royal Challengers Bengaluru,Sunrisers Hyderabad,TH David,V Kohli,DA Payne,0,0,0,0,0,0,0,,,,
1527674,2026,2026-03-28,"M Chinnaswamy Stadium, Bengaluru",2,78,Royal Challengers Bengaluru,Sunrisers Hyderabad,TH David,V Kohli,DA Payne,1,0,0,0,0,0,0,,,,
1527674,2026,2026-03-28,"M Chinnaswamy Stadium, Bengaluru",2,79,Royal Challengers Bengaluru,Sunrisers Hyderabad,TH David,V Kohli,JD Unadkat,1,0,0,0,0,0,0,,,,
1527674,2026,2026-03-28,"M Chinnaswamy Stadium, Bengaluru",2,80,Royal Challengers Bengaluru,Sunrisers Hyderabad,V Kohli,TH David,JD Unadkat,1,0,0,0,0,0,0,,,,
1527674,2026,2026-03-28,"M Chinnaswamy Stadium, Bengaluru",2,81,Royal Challengers Bengaluru,Sunrisers Hyderabad,TH David,V Kohli,JD Unadkat,1,0,0,0,0,0,0,,,,
1527674,2026,2026-03-28,"M Chinnaswamy Stadium, Bengaluru",2,82,Royal Challengers Bengaluru,Sunrisers Hyderabad,V Kohli,TH David,JD Unadkat,0,0,0,0,0,0,0,,,,
1527674,2026,2026-03-28,"M Chinnaswamy Stadium, Bengaluru",2,83,Royal Challengers Bengaluru,Sunrisers Hyderabad,V Kohli,TH David,JD Unadkat,1,0,0,0,0,0,0,,,,
1527674,2026,2026-03-28,"M Chinnaswamy Stadium, Bengaluru",2,84,Royal Challengers Bengaluru,Sunrisers Hyderabad,TH David,V Kohli,JD Unadkat,0,1,1,0,0,0,0,,,,
1527674,2026,2026-03-28,"M Chinnaswamy Stadium, Bengaluru",2,85,Royal Challengers Bengaluru,Sunrisers Hyderabad,TH David,V Kohli,JD Unadkat,1,0,0,0,0,0,0,,,,
1527674,2026,2026-03-28,"M Chinnaswamy Stadium, Bengaluru",2,85,Royal Challengers Bengaluru,Sunrisers Hyderabad,TH David,V Kohli,DA Payne,1,0,0,0,0,0,0,,,,
1527674,2026,2026-03-28,"M Chinnaswamy Stadium, Bengaluru",2,86,Royal Challengers Bengaluru,Sunrisers Hyderabad,V Kohli,TH David,DA Payne,1,0,0,0,0,0,0,,,,
1527674,2026,2026-03-28,"M Chinnaswamy Stadium, Bengaluru",2,87,Royal Challengers Bengaluru,Sunrisers Hyderabad,TH David,V Kohli,DA Payne,4,0,0,0,0,0,0,,,,
1527674,2026,2026-03-28,"M Chinnaswamy Stadium, Bengaluru",2,88,Royal Challengers Bengaluru,Sunrisers Hyderabad,TH David,V Kohli,DA Payne,0,1,1,0,0,0,0,,,,
1527674,2026,2026-03-28,"M Chinnaswamy Stadium, Bengaluru",2,89,Royal Challengers Bengaluru,Sunrisers Hyderabad,TH David,V Kohli,DA Payne,6,0,0,0,0,0,0,,,,
1527674,2026,2026-03-28,"M Chinnaswamy Stadium, Bengaluru",2,90,Royal Challengers Bengaluru,Sunrisers Hyderabad,TH David,V Kohli,DA Payne,1,0,0,0,0,0,0,,,,
1527674,2026,2026-03-28,"M Chinnaswamy Stadium, Bengaluru",2,91,Royal Challengers Bengaluru,Sunrisers Hyderabad,V Kohli,TH David,DA Payne,1,0,0,0,0,0,0,,,,
1527674,2026,2026-03-28,"M Chinnaswamy Stadium, Bengaluru",2,91,Royal Challengers Bengaluru,Sunrisers Hyderabad,V Kohli,TH David,HV Patel,6,0,0,0,0,0,0,,,,
1527674,2026,2026-03-28,"M Chinnaswamy Stadium, Bengaluru",2,92,Royal Challengers Bengaluru,Sunrisers Hyderabad,V Kohli,TH David,HV Patel,4,0,0,0,0,0,0,,,,
1527674,2026,2026-03-28,"M Chinnaswamy Stadium, Bengaluru",2,93,Royal Challengers Bengaluru,Sunrisers Hyderabad,V Kohli,TH David,HV Patel,4,0,0,0,0,0,0,,,,
1527674,2026,2026-03-28,"M Chinnaswamy Stadium, Bengaluru",2,94,Royal Challengers Bengaluru,Sunrisers Hyderabad,V Kohli,TH David,HV Patel,4,0,0,0,0,0,0,,,,
1527675,2026,2026-03-29,"Wankhede Stadium, Mumbai",1,1,Kolkata Knight Riders,Mumbai Indians,AM Rahane,FH Allen,TA Boult,0,1,1,0,0,0,0,,,,
1527675,2026,2026-03-29,"Wankhede Stadium, Mumbai",1,2,Kolkata Knight Riders,Mumbai Indians,AM Rahane,FH Allen,TA Boult,0,0,0,0,0,0,0,,,,
1527675,2026,2026-03-29,"Wankhede Stadium, Mumbai",1,3,Kolkata Knight Riders,Mumbai Indians,AM Rahane,FH Allen,TA Boult,0,0,0,0,0,0,0,,,,
1527675,2026,2026-03-29,"Wankhede Stadium, Mumbai",1,4,Kolkata Knight Riders,Mumbai Indians,AM Rahane,FH Allen,TA Boult,0,1,1,0,0,0,0,,,,
1527675,2026,2026-03-29,"Wankhede Stadium, Mumbai",1,5,Kolkata Knight Riders,Mumbai Indians,AM Rahane,FH Allen,TA Boult,6,0,0,0,0,0,0,,,,
1527675,2026,2026-03-29,"Wankhede Stadium, Mumbai",1,6,Kolkata Knight Riders,Mumbai Indians,AM Rahane,FH Allen,TA Boult,0,0,0,0,0,0,0,,,,
1527675,2026,2026-03-29,"Wankhede Stadium, Mumbai",1,7,Kolkata Knight Riders,Mumbai Indians,AM Rahane,FH Allen,TA Boult,2,0,0,0,0,0,0,,,,
1527675,2026,2026-03-29,"Wankhede Stadium, Mumbai",1,8,Kolkata Knight Riders,Mumbai Indians,AM Rahane,FH Allen,TA Boult,0,0,0,0,0,0,0,,,,
1527675,2026,2026-03-29,"Wankhede Stadium, Mumbai",1,7,Kolkata Knight Riders,Mumbai Indians,FH Allen,AM Rahane,HH Pandya,0,0,0,0,0,0,0,,,,
1527675,2026,2026-03-29,"Wankhede Stadium, Mumbai",1,8,Kolkata Knight Riders,Mumbai Indians,FH Allen,AM Rahane,HH Pandya,0,0,0,0,0,0,0,,,,
1527675,2026,2026-03-29,"Wankhede Stadium, Mumbai",1,9,Kolkata Knight Riders,Mumbai Indians,FH Allen,AM Rahane,HH Pandya,0,0,0,0,0,0,0,,,,
1527675,2026,2026-03-29,"Wankhede Stadium, Mumbai",1,10,Kolkata Knight Riders,Mumbai Indians,FH Allen,AM Rahane,HH Pandya,4,0,0,0,0,0,0,,,,
1527675,2026,2026-03-29,"Wankhede Stadium, Mumbai",1,11,Kolkata Knight Riders,Mumbai Indians,FH Allen,AM Rahane,HH Pandya,0,0,0,0,0,0,0,,,,
1527675,2026,2026-03-29,"Wankhede Stadium, Mumbai",1,12,Kolkata Knight Riders,Mumbai Indians,FH Allen,AM Rahane,HH Pandya,0,0,0,0,0,0,0,,,,
1527675,2026,2026-03-29,"Wankhede Stadium, Mumbai",1,13,Kolkata Knight Riders,Mumbai Indians,AM Rahane,FH Allen,AM Ghazanfar,1,0,0,0,0,0,0,,,,
1527675,2026,2026-03-29,"Wankhede Stadium, Mumbai",1,14,Kolkata Knight Riders,Mumbai Indians,FH Allen,AM Rahane,AM Ghazanfar,0,0,0,0,0,0,0,,,,
1527675,2026,2026-03-29,"Wankhede Stadium, Mumbai",1,15,Kolkata Knight Riders,Mumbai Indians,FH Allen,AM Rahane,AM Ghazanfar,4,0,0,0,0,0,0,,,,
1527675,2026,2026-03-29,"Wankhede Stadium, Mumbai",1,16,Kolkata Knight Riders,Mumbai Indians,FH Allen,AM Rahane,AM Ghazanfar,6,0,0,0,0,0,0,,,,
1527675,2026,2026-03-29,"Wankhede Stadium, Mumbai",1,17,Kolkata Knight Riders,Mumbai Indians,FH Allen,AM Rahane,AM Ghazanfar,0,0,0,0,0,0,0,,,,
1527675,2026,2026-03-29,"Wankhede Stadium, Mumbai",1,18,Kolkata Knight Riders,Mumbai Indians,FH Allen,AM Rahane,AM Ghazanfar,6,0,0,0,0,0,0,,,,
1527675,2026,2026-03-29,"Wankhede Stadium, Mumbai",1,19,Kolkata Knight Riders,Mumbai Indians,AM Rahane,FH Allen,HH Pandya,6,0,0,0,0,0,0,,,,
1527675,2026,2026-03-29,"Wankhede Stadium, Mumbai",1,20,Kolkata Knight Riders,Mumbai Indians,AM Rahane,FH Allen,HH Pandya,6,0,0,0,0,0,0,,,,
1527675,2026,2026-03-29,"Wankhede Stadium, Mumbai",1,21,Kolkata Knight Riders,Mumbai Indians,AM Rahane,FH Allen,HH Pandya,0,1,0,0,0,1,0,,,,
1527675,2026,2026-03-29,"Wankhede Stadium, Mumbai",1,22,Kolkata Knight Riders,Mumbai Indians,FH Allen,AM Rahane,HH Pandya,4,0,0,0,0,0,0,,,,
1527675,2026,2026-03-29,"Wankhede Stadium, Mumbai",1,23,Kolkata Knight Riders,Mumbai Indians,FH Allen,AM Rahane,HH Pandya,0,1,1,0,0,0,0,,,,
1527675,2026,2026-03-29,"Wankhede Stadium, Mumbai",1,24,Kolkata Knight Riders,Mumbai Indians,FH Allen,AM Rahane,HH Pandya,4,0,0,0,0,0,0,,,,
1527675,2026,2026-03-29,"Wankhede Stadium, Mumbai",1,25,Kolkata Knight Riders,Mumbai Indians,FH Allen,AM Rahane,HH Pandya,4,0,0,0,0,0,0,,,,
1527675,2026,2026-03-29,"Wankhede Stadium, Mumbai",1,25,Kolkata Knight Riders,Mumbai Indians,AM Rahane,FH Allen,JJ Bumrah,4,0,0,0,0,0,0,,,,
1527675,2026,2026-03-29,"Wankhede Stadium, Mumbai",1,26,Kolkata Knight Riders,Mumbai Indians,AM Rahane,FH Allen,JJ Bumrah,1,0,0,0,0,0,0,,,,
1527675,2026,2026-03-29,"Wankhede Stadium, Mumbai",1,27,Kolkata Knight Riders,Mumbai Indians,FH Allen,AM Rahane,JJ Bumrah,4,0,0,0,0,0,0,,,,
1527675,2026,2026-03-29,"Wankhede Stadium, Mumbai",1,28,Kolkata Knight Riders,Mumbai Indians,FH Allen,AM Rahane,JJ Bumrah,1,0,0,0,0,0,0,,,,
1527675,2026,2026-03-29,"Wankhede Stadium, Mumbai",1,29,Kolkata Knight Riders,Mumbai Indians,AM Rahane,FH Allen,JJ Bumrah,0,0,0,0,0,0,0,,,,
1527675,2026,2026-03-29,"Wankhede Stadium, Mumbai",1,30,Kolkata Knight Riders,Mumbai Indians,AM Rahane,FH Allen,JJ Bumrah,1,0,0,0,0,0,0,,,,
1527675,2026,2026-03-29,"Wankhede Stadium, Mumbai",1,31,Kolkata Knight Riders,Mumbai Indians,AM Rahane,FH Allen,SN Thakur,1,0,0,0,0,0,0,,,,
1527675,2026,2026-03-29,"Wankhede Stadium, Mumbai",1,32,Kolkata Knight Riders,Mumbai Indians,FH Allen,AM Rahane,SN Thakur,0,0,0,0,0,0,0,caught,FH Allen,{'name': 'Tilak Varma'},
1527675,2026,2026-03-29,"Wankhede Stadium, Mumbai",1,33,Kolkata Knight Riders,Mumbai Indians,C Green,AM Rahane,SN Thakur,1,0,0,0,0,0,0,,,,
1527675,2026,2026-03-29,"Wankhede Stadium, Mumbai",1,34,Kolkata Knight Riders,Mumbai Indians,AM Rahane,C Green,SN Thakur,4,0,0,0,0,0,0,,,,
1527675,2026,2026-03-29,"Wankhede Stadium, Mumbai",1,35,Kolkata Knight Riders,Mumbai Indians,AM Rahane,C Green,SN Thakur,0,0,0,0,0,0,0,,,,
1527675,2026,2026-03-29,"Wankhede Stadium, Mumbai",1,36,Kolkata Knight Riders,Mumbai Indians,AM Rahane,C Green,SN Thakur,4,0,0,0,0,0,0,,,,
1527675,2026,2026-03-29,"Wankhede Stadium, Mumbai",1,37,Kolkata Knight Riders,Mumbai Indians,C Green,AM Rahane,M Markande,1,0,0,0,0,0,0,,,,
1527675,2026,2026-03-29,"Wankhede Stadium, Mumbai",1,38,Kolkata Knight Riders,Mumbai Indians,AM Rahane,C Green,M Markande,2,0,0,0,0,0,0,,,,
1527675,2026,2026-03-29,"Wankhede Stadium, Mumbai",1,39,Kolkata Knight Riders,Mumbai Indians,AM Rahane,C Green,M Markande,0,0,0,0,0,0,0,,,,
1527675,2026,2026-03-29,"Wankhede Stadium, Mumbai",1,40,Kolkata Knight Riders,Mumbai Indians,AM Rahane,C Green,M Markande,6,0,0,0,0,0,0,,,,
1527675,2026,2026-03-29,"Wankhede Stadium, Mumbai",1,41,Kolkata Knight Riders,Mumbai Indians,AM Rahane,C Green,M Markande,1,0,0,0,0,0,0,,,,
1527675,2026,2026-03-29,"Wankhede Stadium, Mumbai",1,42,Kolkata Knight Riders,Mumbai Indians,C Green,AM Rahane,M Markande,6,0,0,0,0,0,0,,,,
1527675,2026,2026-03-29,"Wankhede Stadium, Mumbai",1,43,Kolkata Knight Riders,Mumbai Indians,AM Rahane,C Green,AM Ghazanfar,1,0,0,0,0,0,0,,,,
1527675,2026,2026-03-29,"Wankhede Stadium, Mumbai",1,44,Kolkata Knight Riders,Mumbai Indians,C Green,AM Rahane,AM Ghazanfar,1,0,0,0,0,0,0,,,,
1527675,2026,2026-03-29,"Wankhede Stadium, Mumbai",1,45,Kolkata Knight Riders,Mumbai Indians,AM Rahane,C Green,AM Ghazanfar,1,0,0,0,0,0,0,,,,
1527675,2026,2026-03-29,"Wankhede Stadium, Mumbai",1,46,Kolkata Knight Riders,Mumbai Indians,C Green,AM Rahane,AM Ghazanfar,1,0,0,0,0,0,0,,,,
1527675,2026,2026-03-29,"Wankhede Stadium, Mumbai",1,47,Kolkata Knight Riders,Mumbai Indians,AM Rahane,C Green,AM Ghazanfar,0,1,1,0,0,0,0,,,,
1527675,2026,2026-03-29,"Wankhede Stadium, Mumbai",1,48,Kolkata Knight Riders,Mumbai Indians,AM Rahane,C Green,AM Ghazanfar,1,0,0,0,0,0,0,,,,
1527675,2026,2026-03-29,"Wankhede Stadium, Mumbai",1,49,Kolkata Knight Riders,Mumbai Indians,C Green,AM Rahane,AM Ghazanfar,1,0,0,0,0,0,0,,,,
1527675,2026,2026-03-29,"Wankhede Stadium, Mumbai",1,49,Kolkata Knight Riders,Mumbai Indians,C Green,AM Rahane,SN Thakur,2,0,0,0,0,0,0,,,,
1527675,2026,2026-03-29,"Wankhede Stadium, Mumbai",1,50,Kolkata Knight Riders,Mumbai Indians,C Green,AM Rahane,SN Thakur,4,0,0,0,0,0,0,,,,
1527675,2026,2026-03-29,"Wankhede Stadium, Mumbai",1,51,Kolkata Knight Riders,Mumbai Indians,C Green,AM Rahane,SN Thakur,1,0,0,0,0,0,0,,,,
1527675,2026,2026-03-29,"Wankhede Stadium, Mumbai",1,52,Kolkata Knight Riders,Mumbai Indians,AM Rahane,C Green,SN Thakur,1,0,0,0,0,0,0,,,,
1527675,2026,2026-03-29,"Wankhede Stadium, Mumbai",1,53,Kolkata Knight Riders,Mumbai Indians,C Green,AM Rahane,SN Thakur,0,0,0,0,0,0,0,caught,C Green,{'name': 'SE Rutherford'},
1527675,2026,2026-03-29,"Wankhede Stadium, Mumbai",1,54,Kolkata Knight Riders,Mumbai Indians,A Raghuvanshi,AM Rahane,SN Thakur,1,0,0,0,0,0,0,,,,
1527675,2026,2026-03-29,"Wankhede Stadium, Mumbai",1,55,Kolkata Knight Riders,Mumbai Indians,A Raghuvanshi,AM Rahane,TA Boult,1,0,0,0,0,0,0,,,,
1527675,2026,2026-03-29,"Wankhede Stadium, Mumbai",1,56,Kolkata Knight Riders,Mumbai Indians,AM Rahane,A Raghuvanshi,TA Boult,2,0,0,0,0,0,0,,,,
1527675,2026,2026-03-29,"Wankhede Stadium, Mumbai",1,57,Kolkata Knight Riders,Mumbai Indians,AM Rahane,A Raghuvanshi,TA Boult,1,0,0,0,0,0,0,,,,
1527675,2026,2026-03-29,"Wankhede Stadium, Mumbai",1,58,Kolkata Knight Riders,Mumbai Indians,A Raghuvanshi,AM Rahane,TA Boult,4,0,0,0,0,0,0,,,,
1527675,2026,2026-03-29,"Wankhede Stadium, Mumbai",1,59,Kolkata Knight Riders,Mumbai Indians,A Raghuvanshi,AM Rahane,TA Boult,1,0,0,0,0,0,0,,,,
1527675,2026,2026-03-29,"Wankhede Stadium, Mumbai",1,60,Kolkata Knight Riders,Mumbai Indians,AM Rahane,A Raghuvanshi,TA Boult,1,0,0,0,0,0,0,,,,
1527675,2026,2026-03-29,"Wankhede Stadium, Mumbai",1,61,Kolkata Knight Riders,Mumbai Indians,AM Rahane,A Raghuvanshi,AM Ghazanfar,6,0,0,0,0,0,0,,,,
1527675,2026,2026-03-29,"Wankhede Stadium, Mumbai",1,62,Kolkata Knight Riders,Mumbai Indians,AM Rahane,A Raghuvanshi,AM Ghazanfar,2,0,0,0,0,0,0,,,,
1527675,2026,2026-03-29,"Wankhede Stadium, Mumbai",1,63,Kolkata Knight Riders,Mumbai Indians,AM Rahane,A Raghuvanshi,AM Ghazanfar,2,0,0,0,0,0,0,,,,
1527675,2026,2026-03-29,"Wankhede Stadium, Mumbai",1,64,Kolkata Knight Riders,Mumbai Indians,AM Rahane,A Raghuvanshi,AM Ghazanfar,0,0,0,0,0,0,0,,,,
1527675,2026,2026-03-29,"Wankhede Stadium, Mumbai",1,65,Kolkata Knight Riders,Mumbai Indians,AM Rahane,A Raghuvanshi,AM Ghazanfar,0,1,0,0,0,1,0,,,,
1527675,2026,2026-03-29,"Wankhede Stadium, Mumbai",1,66,Kolkata Knight Riders,Mumbai Indians,A Raghuvanshi,AM Rahane,AM Ghazanfar,0,0,0,0,0,0,0,,,,
1527675,2026,2026-03-29,"Wankhede Stadium, Mumbai",1,67,Kolkata Knight Riders,Mumbai Indians,AM Rahane,A Raghuvanshi,JJ Bumrah,1,0,0,0,0,0,0,,,,
1527675,2026,2026-03-29,"Wankhede Stadium, Mumbai",1,68,Kolkata Knight Riders,Mumbai Indians,A Raghuvanshi,AM Rahane,JJ Bumrah,1,0,0,0,0,0,0,,,,
1527675,2026,2026-03-29,"Wankhede Stadium, Mumbai",1,69,Kolkata Knight Riders,Mumbai Indians,AM Rahane,A Raghuvanshi,JJ Bumrah,1,0,0,0,0,0,0,,,,
1527675,2026,2026-03-29,"Wankhede Stadium, Mumbai",1,70,Kolkata Knight Riders,Mumbai Indians,A Raghuvanshi,AM Rahane,JJ Bumrah,0,0,0,0,0,0,0,,,,
1527675,2026,2026-03-29,"Wankhede Stadium, Mumbai",1,71,Kolkata Knight Riders,Mumbai Indians,A Raghuvanshi,AM Rahane,JJ Bumrah,1,0,0,0,0,0,0,,,,
1527675,2026,2026-03-29,"Wankhede Stadium, Mumbai",1,72,Kolkata Knight Riders,Mumbai Indians,AM Rahane,A Raghuvanshi,JJ Bumrah,1,0,0,0,0,0,0,,,,
1527675,2026,2026-03-29,"Wankhede Stadium, Mumbai",1,73,Kolkata Knight Riders,Mumbai Indians,AM Rahane,A Raghuvanshi,TA Boult,0,0,0,0,0,0,0,,,,
1527675,2026,2026-03-29,"Wankhede Stadium, Mumbai",1,74,Kolkata Knight Riders,Mumbai Indians,AM Rahane,A Raghuvanshi,TA Boult,1,0,0,0,0,0,0,,,,
1527675,2026,2026-03-29,"Wankhede Stadium, Mumbai",1,75,Kolkata Knight Riders,Mumbai Indians,A Raghuvanshi,AM Rahane,TA Boult,0,0,0,0,0,0,0,,,,
1527675,2026,2026-03-29,"Wankhede Stadium, Mumbai",1,76,Kolkata Knight Riders,Mumbai Indians,A Raghuvanshi,AM Rahane,TA Boult,2,0,0,0,0,0,0,,,,
1527675,2026,2026-03-29,"Wankhede Stadium, Mumbai",1,77,Kolkata Knight Riders,Mumbai Indians,A Raghuvanshi,AM Rahane,TA Boult,4,0,0,0,0,0,0,,,,
1527675,2026,2026-03-29,"Wankhede Stadium, Mumbai",1,78,Kolkata Knight Riders,Mumbai Indians,A Raghuvanshi,AM Rahane,TA Boult,1,0,0,0,0,0,0,,,,
1527675,2026,2026-03-29,"Wankhede Stadium, Mumbai",1,79,Kolkata Knight Riders,Mumbai Indians,A Raghuvanshi,AM Rahane,SN Thakur,0,0,0,0,0,0,0,,,,
1527675,2026,2026-03-29,"Wankhede Stadium, Mumbai",1,80,Kolkata Knight Riders,Mumbai Indians,A Raghuvanshi,AM Rahane,SN Thakur,1,0,0,0,0,0,0,,,,
1527675,2026,2026-03-29,"Wankhede Stadium, Mumbai",1,81,Kolkata Knight Riders,Mumbai Indians,AM Rahane,A Raghuvanshi,SN Thakur,0,0,0,0,0,0,0,caught,AM Rahane,{'name': 'HH Pandya'},
1527675,2026,2026-03-29,"Wankhede Stadium, Mumbai",1,82,Kolkata Knight Riders,Mumbai Indians,RK Singh,A Raghuvanshi,SN Thakur,1,0,0,0,0,0,0,,,,
1527675,2026,2026-03-29,"Wankhede Stadium, Mumbai",1,83,Kolkata Knight Riders,Mumbai Indians,A Raghuvanshi,RK Singh,SN Thakur,4,0,0,0,0,0,0,,,,
1527675,2026,2026-03-29,"Wankhede Stadium, Mumbai",1,84,Kolkata Knight Riders,Mumbai Indians,A Raghuvanshi,RK Singh,SN Thakur,0,0,0,0,0,0,0,,,,
1527675,2026,2026-03-29,"Wankhede Stadium, Mumbai",1,85,Kolkata Knight Riders,Mumbai Indians,RK Singh,A Raghuvanshi,AM Ghazanfar,4,0,0,0,0,0,0,,,,
1527675,2026,2026-03-29,"Wankhede Stadium, Mumbai",1,86,Kolkata Knight Riders,Mumbai Indians,RK Singh,A Raghuvanshi,AM Ghazanfar,2,0,0,0,0,0,0,,,,
1527675,2026,2026-03-29,"Wankhede Stadium, Mumbai",1,87,Kolkata Knight Riders,Mumbai Indians,RK Singh,A Raghuvanshi,AM Ghazanfar,1,0,0,0,0,0,0,,,,
1527675,2026,2026-03-29,"Wankhede Stadium, Mumbai",1,88,Kolkata Knight Riders,Mumbai Indians,A Raghuvanshi,RK Singh,AM Ghazanfar,0,0,0,0,0,0,0,,,,
1527675,2026,2026-03-29,"Wankhede Stadium, Mumbai",1,89,Kolkata Knight Riders,Mumbai Indians,A Raghuvanshi,RK Singh,AM Ghazanfar,4,0,0,0,0,0,0,,,,
1527675,2026,2026-03-29,"Wankhede Stadium, Mumbai",1,90,Kolkata Knight Riders,Mumbai Indians,A Raghuvanshi,RK Singh,AM Ghazanfar,6,0,0,0,0,0,0,,,,
1527675,2026,2026-03-29,"Wankhede Stadium, Mumbai",1,91,Kolkata Knight Riders,Mumbai Indians,RK Singh,A Raghuvanshi,TA Boult,4,0,0,0,0,0,0,,,,
1527675,2026,2026-03-29,"Wankhede Stadium, Mumbai",1,92,Kolkata Knight Riders,Mumbai Indians,RK Singh,A Raghuvanshi,TA Boult,0,0,0,0,0,0,0,,,,
1527675,2026,2026-03-29,"Wankhede Stadium, Mumbai",1,93,Kolkata Knight Riders,Mumbai Indians,RK Singh,A Raghuvanshi,TA Boult,1,0,0,0,0,0,0,,,,
1527675,2026,2026-03-29,"Wankhede Stadium, Mumbai",1,94,Kolkata Knight Riders,Mumbai Indians,A Raghuvanshi,RK Singh,TA Boult,1,0,0,0,0,0,0,,,,
1527675,2026,2026-03-29,"Wankhede Stadium, Mumbai",1,95,Kolkata Knight Riders,Mumbai Indians,RK Singh,A Raghuvanshi,TA Boult,0,1,1,0,0,0,0,,,,
1527675,2026,2026-03-29,"Wankhede Stadium, Mumbai",1,96,Kolkata Knight Riders,Mumbai Indians,RK Singh,A Raghuvanshi,TA Boult,2,0,0,0,0,0,0,,,,
1527675,2026,2026-03-29,"Wankhede Stadium, Mumbai",1,97,Kolkata Knight Riders,Mumbai Indians,RK Singh,A Raghuvanshi,TA Boult,1,0,0,0,0,0,0,,,,
1527675,2026,2026-03-29,"Wankhede Stadium, Mumbai",1,97,Kolkata Knight Riders,Mumbai Indians,RK Singh,A Raghuvanshi,SN Thakur,1,0,0,0,0,0,0,,,,
1527675,2026,2026-03-29,"Wankhede Stadium, Mumbai",1,98,Kolkata Knight Riders,Mumbai Indians,A Raghuvanshi,RK Singh,SN Thakur,2,0,0,0,0,0,0,,,,
1527675,2026,2026-03-29,"Wankhede Stadium, Mumbai",1,99,Kolkata Knight Riders,Mumbai Indians,A Raghuvanshi,RK Singh,SN Thakur,6,0,0,0,0,0,0,,,,
1527675,2026,2026-03-29,"Wankhede Stadium, Mumbai",1,100,Kolkata Knight Riders,Mumbai Indians,A Raghuvanshi,RK Singh,SN Thakur,1,0,0,0,0,0,0,,,,
1527675,2026,2026-03-29,"Wankhede Stadium, Mumbai",1,101,Kolkata Knight Riders,Mumbai Indians,RK Singh,A Raghuvanshi,SN Thakur,0,0,0,0,0,0,0,,,,
1527675,2026,2026-03-29,"Wankhede Stadium, Mumbai",1,102,Kolkata Knight Riders,Mumbai Indians,RK Singh,A Raghuvanshi,SN Thakur,4,0,0,0,0,0,0,,,,
1527675,2026,2026-03-29,"Wankhede Stadium, Mumbai",1,103,Kolkata Knight Riders,Mumbai Indians,A Raghuvanshi,RK Singh,JJ Bumrah,4,0,0,0,0,0,0,,,,
1527675,2026,2026-03-29,"Wankhede Stadium, Mumbai",1,104,Kolkata Knight Riders,Mumbai Indians,A Raghuvanshi,RK Singh,JJ Bumrah,0,0,0,0,0,0,0,,,,
1527675,2026,2026-03-29,"Wankhede Stadium, Mumbai",1,105,Kolkata Knight Riders,Mumbai Indians,A Raghuvanshi,RK Singh,JJ Bumrah,1,0,0,0,0,0,0,,,,
1527675,2026,2026-03-29,"Wankhede Stadium, Mumbai",1,106,Kolkata Knight Riders,Mumbai Indians,RK Singh,A Raghuvanshi,JJ Bumrah,1,0,0,0,0,0,0,,,,
1527675,2026,2026-03-29,"Wankhede Stadium, Mumbai",1,107,Kolkata Knight Riders,Mumbai Indians,A Raghuvanshi,RK Singh,JJ Bumrah,1,0,0,0,0,0,0,,,,
1527675,2026,2026-03-29,"Wankhede Stadium, Mumbai",1,108,Kolkata Knight Riders,Mumbai Indians,RK Singh,A Raghuvanshi,JJ Bumrah,1,0,0,0,0,0,0,,,,
1527675,2026,2026-03-29,"Wankhede Stadium, Mumbai",1,109,Kolkata Knight Riders,Mumbai Indians,RK Singh,A Raghuvanshi,HH Pandya,1,0,0,0,0,0,0,,,,
1527675,2026,2026-03-29,"Wankhede Stadium, Mumbai",1,110,Kolkata Knight Riders,Mumbai Indians,A Raghuvanshi,RK Singh,HH Pandya,0,1,1,0,0,0,0,,,,
1527675,2026,2026-03-29,"Wankhede Stadium, Mumbai",1,111,Kolkata Knight Riders,Mumbai Indians,A Raghuvanshi,RK Singh,HH Pandya,4,0,0,0,0,0,0,,,,
1527675,2026,2026-03-29,"Wankhede Stadium, Mumbai",1,112,Kolkata Knight Riders,Mumbai Indians,A Raghuvanshi,RK Singh,HH Pandya,0,0,0,0,0,0,0,caught,A Raghuvanshi,{'name': 'Tilak Varma'},
1527675,2026,2026-03-29,"Wankhede Stadium, Mumbai",1,113,Kolkata Knight Riders,Mumbai Indians,Ramandeep Singh,RK Singh,HH Pandya,1,0,0,0,0,0,0,,,,
1527675,2026,2026-03-29,"Wankhede Stadium, Mumbai",1,114,Kolkata Knight Riders,Mumbai Indians,RK Singh,Ramandeep Singh,HH Pandya,1,0,0,0,0,0,0,,,,
1527675,2026,2026-03-29,"Wankhede Stadium, Mumbai",1,115,Kolkata Knight Riders,Mumbai Indians,Ramandeep Singh,RK Singh,HH Pandya,2,0,0,0,0,0,0,,,,
1527675,2026,2026-03-29,"Wankhede Stadium, Mumbai",1,115,Kolkata Knight Riders,Mumbai Indians,RK Singh,Ramandeep Singh,JJ Bumrah,0,1,0,1,0,0,0,,,,
1527675,2026,2026-03-29,"Wankhede Stadium, Mumbai",1,116,Kolkata Knight Riders,Mumbai Indians,RK Singh,Ramandeep Singh,JJ Bumrah,0,1,1,0,0,0,0,,,,
1527675,2026,2026-03-29,"Wankhede Stadium, Mumbai",1,117,Kolkata Knight Riders,Mumbai Indians,RK Singh,Ramandeep Singh,JJ Bumrah,1,0,0,0,0,0,0,,,,
1527675,2026,2026-03-29,"Wankhede Stadium, Mumbai",1,118,Kolkata Knight Riders,Mumbai Indians,Ramandeep Singh,RK Singh,JJ Bumrah,1,0,0,0,0,0,0,,,,
1527675,2026,2026-03-29,"Wankhede Stadium, Mumbai",1,119,Kolkata Knight Riders,Mumbai Indians,RK Singh,Ramandeep Singh,JJ Bumrah,4,0,0,0,0,0,0,,,,
1527675,2026,2026-03-29,"Wankhede Stadium, Mumbai",1,120,Kolkata Knight Riders,Mumbai Indians,RK Singh,Ramandeep Singh,JJ Bumrah,2,0,0,0,0,0,0,,,,
1527675,2026,2026-03-29,"Wankhede Stadium, Mumbai",1,121,Kolkata Knight Riders,Mumbai Indians,RK Singh,Ramandeep Singh,JJ Bumrah,1,0,0,0,0,0,0,,,,
1527675,2026,2026-03-29,"Wankhede Stadium, Mumbai",1,122,Kolkata Knight Riders,Mumbai Indians,Ramandeep Singh,RK Singh,JJ Bumrah,0,0,0,0,0,0,0,,,,
1527675,2026,2026-03-29,"Wankhede Stadium, Mumbai",2,1,Mumbai Indians,Kolkata Knight Riders,RD Rickelton,RG Sharma,VG Arora,1,0,0,0,0,0,0,,,,
1527675,2026,2026-03-29,"Wankhede Stadium, Mumbai",2,2,Mumbai Indians,Kolkata Knight Riders,RG Sharma,RD Rickelton,VG Arora,0,1,0,0,0,1,0,,,,
1527675,2026,2026-03-29,"Wankhede Stadium, Mumbai",2,3,Mumbai Indians,Kolkata Knight Riders,RD Rickelton,RG Sharma,VG Arora,4,0,0,0,0,0,0,,,,
1527675,2026,2026-03-29,"Wankhede Stadium, Mumbai",2,4,Mumbai Indians,Kolkata Knight Riders,RD Rickelton,RG Sharma,VG Arora,0,0,0,0,0,0,0,,,,
1527675,2026,2026-03-29,"Wankhede Stadium, Mumbai",2,5,Mumbai Indians,Kolkata Knight Riders,RD Rickelton,RG Sharma,VG Arora,0,0,0,0,0,0,0,,,,
1527675,2026,2026-03-29,"Wankhede Stadium, Mumbai",2,6,Mumbai Indians,Kolkata Knight Riders,RD Rickelton,RG Sharma,VG Arora,0,0,0,0,0,0,0,,,,
1527675,2026,2026-03-29,"Wankhede Stadium, Mumbai",2,7,Mumbai Indians,Kolkata Knight Riders,RG Sharma,RD Rickelton,B Muzarabani,0,0,0,0,0,0,0,,,,
1527675,2026,2026-03-29,"Wankhede Stadium, Mumbai",2,8,Mumbai Indians,Kolkata Knight Riders,RG Sharma,RD Rickelton,B Muzarabani,0,0,0,0,0,0,0,,,,
1527675,2026,2026-03-29,"Wankhede Stadium, Mumbai",2,9,Mumbai Indians,Kolkata Knight Riders,RG Sharma,RD Rickelton,B Muzarabani,4,0,0,0,0,0,0,,,,
1527675,2026,2026-03-29,"Wankhede Stadium, Mumbai",2,10,Mumbai Indians,Kolkata Knight Riders,RG Sharma,RD Rickelton,B Muzarabani,1,0,0,0,0,0,0,,,,
1527675,2026,2026-03-29,"Wankhede Stadium, Mumbai",2,11,Mumbai Indians,Kolkata Knight Riders,RD Rickelton,RG Sharma,B Muzarabani,4,0,0,0,0,0,0,,,,
1527675,2026,2026-03-29,"Wankhede Stadium, Mumbai",2,12,Mumbai Indians,Kolkata Knight Riders,RD Rickelton,RG Sharma,B Muzarabani,0,0,0,0,0,0,0,,,,
1527675,2026,2026-03-29,"Wankhede Stadium, Mumbai",2,13,Mumbai Indians,Kolkata Knight Riders,RG Sharma,RD Rickelton,VG Arora,0,0,0,0,0,0,0,,,,
1527675,2026,2026-03-29,"Wankhede Stadium, Mumbai",2,14,Mumbai Indians,Kolkata Knight Riders,RG Sharma,RD Rickelton,VG Arora,6,0,0,0,0,0,0,,,,
1527675,2026,2026-03-29,"Wankhede Stadium, Mumbai",2,15,Mumbai Indians,Kolkata Knight Riders,RG Sharma,RD Rickelton,VG Arora,1,0,0,0,0,0,0,,,,
1527675,2026,2026-03-29,"Wankhede Stadium, Mumbai",2,16,Mumbai Indians,Kolkata Knight Riders,RD Rickelton,RG Sharma,VG Arora,0,0,0,0,0,0,0,,,,
1527675,2026,2026-03-29,"Wankhede Stadium, Mumbai",2,17,Mumbai Indians,Kolkata Knight Riders,RD Rickelton,RG Sharma,VG Arora,6,0,0,0,0,0,0,,,,
1527675,2026,2026-03-29,"Wankhede Stadium, Mumbai",2,18,Mumbai Indians,Kolkata Knight Riders,RD Rickelton,RG Sharma,VG Arora,6,0,0,0,0,0,0,,,,
1527675,2026,2026-03-29,"Wankhede Stadium, Mumbai",2,19,Mumbai Indians,Kolkata Knight Riders,RG Sharma,RD Rickelton,B Muzarabani,6,0,0,0,0,0,0,,,,
1527675,2026,2026-03-29,"Wankhede Stadium, Mumbai",2,20,Mumbai Indians,Kolkata Knight Riders,RG Sharma,RD Rickelton,B Muzarabani,1,0,0,0,0,0,0,,,,
1527675,2026,2026-03-29,"Wankhede Stadium, Mumbai",2,21,Mumbai Indians,Kolkata Knight Riders,RD Rickelton,RG Sharma,B Muzarabani,1,0,0,0,0,0,0,,,,
1527675,2026,2026-03-29,"Wankhede Stadium, Mumbai",2,22,Mumbai Indians,Kolkata Knight Riders,RG Sharma,RD Rickelton,B Muzarabani,1,0,0,0,0,0,0,,,,
1527675,2026,2026-03-29,"Wankhede Stadium, Mumbai",2,23,Mumbai Indians,Kolkata Knight Riders,RD Rickelton,RG Sharma,B Muzarabani,6,0,0,0,0,0,0,,,,
1527675,2026,2026-03-29,"Wankhede Stadium, Mumbai",2,24,Mumbai Indians,Kolkata Knight Riders,RD Rickelton,RG Sharma,B Muzarabani,0,0,0,0,0,0,0,,,,
1527675,2026,2026-03-29,"Wankhede Stadium, Mumbai",2,25,Mumbai Indians,Kolkata Knight Riders,RG Sharma,RD Rickelton,CV Varun,4,0,0,0,0,0,0,,,,
1527675,2026,2026-03-29,"Wankhede Stadium, Mumbai",2,26,Mumbai Indians,Kolkata Knight Riders,RG Sharma,RD Rickelton,CV Varun,6,0,0,0,0,0,0,,,,
1527675,2026,2026-03-29,"Wankhede Stadium, Mumbai",2,27,Mumbai Indians,Kolkata Knight Riders,RG Sharma,RD Rickelton,CV Varun,0,0,0,0,0,0,0,,,,
1527675,2026,2026-03-29,"Wankhede Stadium, Mumbai",2,28,Mumbai Indians,Kolkata Knight Riders,RG Sharma,RD Rickelton,CV Varun,4,0,0,0,0,0,0,,,,
1527675,2026,2026-03-29,"Wankhede Stadium, Mumbai",2,29,Mumbai Indians,Kolkata Knight Riders,RG Sharma,RD Rickelton,CV Varun,0,0,0,0,0,0,0,,,,
1527675,2026,2026-03-29,"Wankhede Stadium, Mumbai",2,30,Mumbai Indians,Kolkata Knight Riders,RG Sharma,RD Rickelton,CV Varun,1,0,0,0,0,0,0,,,,
1527675,2026,2026-03-29,"Wankhede Stadium, Mumbai",2,31,Mumbai Indians,Kolkata Knight Riders,RG Sharma,RD Rickelton,Kartik Tyagi,6,0,0,0,0,0,0,,,,
1527675,2026,2026-03-29,"Wankhede Stadium, Mumbai",2,32,Mumbai Indians,Kolkata Knight Riders,RG Sharma,RD Rickelton,Kartik Tyagi,2,0,0,0,0,0,0,,,,
1527675,2026,2026-03-29,"Wankhede Stadium, Mumbai",2,33,Mumbai Indians,Kolkata Knight Riders,RG Sharma,RD Rickelton,Kartik Tyagi,0,0,0,0,0,0,0,,,,
1527675,2026,2026-03-29,"Wankhede Stadium, Mumbai",2,34,Mumbai Indians,Kolkata Knight Riders,RG Sharma,RD Rickelton,Kartik Tyagi,6,0,0,0,0,0,0,,,,
1527675,2026,2026-03-29,"Wankhede Stadium, Mumbai",2,35,Mumbai Indians,Kolkata Knight Riders,RG Sharma,RD Rickelton,Kartik Tyagi,0,0,0,0,0,0,0,,,,
1527675,2026,2026-03-29,"Wankhede Stadium, Mumbai",2,36,Mumbai Indians,Kolkata Knight Riders,RG Sharma,RD Rickelton,Kartik Tyagi,2,0,0,0,0,0,0,,,,
1527675,2026,2026-03-29,"Wankhede Stadium, Mumbai",2,37,Mumbai Indians,Kolkata Knight Riders,RD Rickelton,RG Sharma,SP Narine,1,0,0,0,0,0,0,,,,
1527675,2026,2026-03-29,"Wankhede Stadium, Mumbai",2,38,Mumbai Indians,Kolkata Knight Riders,RG Sharma,RD Rickelton,SP Narine,0,0,0,0,0,0,0,,,,
1527675,2026,2026-03-29,"Wankhede Stadium, Mumbai",2,39,Mumbai Indians,Kolkata Knight Riders,RG Sharma,RD Rickelton,SP Narine,1,0,0,0,0,0,0,,,,
1527675,2026,2026-03-29,"Wankhede Stadium, Mumbai",2,40,Mumbai Indians,Kolkata Knight Riders,RD Rickelton,RG Sharma,SP Narine,6,0,0,0,0,0,0,,,,
1527675,2026,2026-03-29,"Wankhede Stadium, Mumbai",2,41,Mumbai Indians,Kolkata Knight Riders,RD Rickelton,RG Sharma,SP Narine,0,0,0,0,0,0,0,,,,
1527675,2026,2026-03-29,"Wankhede Stadium, Mumbai",2,42,Mumbai Indians,Kolkata Knight Riders,RD Rickelton,RG Sharma,SP Narine,0,0,0,0,0,0,0,,,,
1527675,2026,2026-03-29,"Wankhede Stadium, Mumbai",2,43,Mumbai Indians,Kolkata Knight Riders,RG Sharma,RD Rickelton,CV Varun,1,0,0,0,0,0,0,,,,
1527675,2026,2026-03-29,"Wankhede Stadium, Mumbai",2,44,Mumbai Indians,Kolkata Knight Riders,RD Rickelton,RG Sharma,CV Varun,1,0,0,0,0,0,0,,,,
1527675,2026,2026-03-29,"Wankhede Stadium, Mumbai",2,45,Mumbai Indians,Kolkata Knight Riders,RG Sharma,RD Rickelton,CV Varun,4,0,0,0,0,0,0,,,,
1527675,2026,2026-03-29,"Wankhede Stadium, Mumbai",2,46,Mumbai Indians,Kolkata Knight Riders,RG Sharma,RD Rickelton,CV Varun,1,0,0,0,0,0,0,,,,
1527675,2026,2026-03-29,"Wankhede Stadium, Mumbai",2,47,Mumbai Indians,Kolkata Knight Riders,RD Rickelton,RG Sharma,CV Varun,0,0,0,0,0,0,0,,,,
1527675,2026,2026-03-29,"Wankhede Stadium, Mumbai",2,48,Mumbai Indians,Kolkata Knight Riders,RD Rickelton,RG Sharma,CV Varun,1,0,0,0,0,0,0,,,,
1527675,2026,2026-03-29,"Wankhede Stadium, Mumbai",2,49,Mumbai Indians,Kolkata Knight Riders,RD Rickelton,RG Sharma,SP Narine,6,0,0,0,0,0,0,,,,
1527675,2026,2026-03-29,"Wankhede Stadium, Mumbai",2,50,Mumbai Indians,Kolkata Knight Riders,RD Rickelton,RG Sharma,SP Narine,0,0,0,0,0,0,0,,,,
1527675,2026,2026-03-29,"Wankhede Stadium, Mumbai",2,51,Mumbai Indians,Kolkata Knight Riders,RD Rickelton,RG Sharma,SP Narine,6,0,0,0,0,0,0,,,,
1527675,2026,2026-03-29,"Wankhede Stadium, Mumbai",2,52,Mumbai Indians,Kolkata Knight Riders,RD Rickelton,RG Sharma,SP Narine,1,0,0,0,0,0,0,,,,
1527675,2026,2026-03-29,"Wankhede Stadium, Mumbai",2,53,Mumbai Indians,Kolkata Knight Riders,RG Sharma,RD Rickelton,SP Narine,1,0,0,0,0,0,0,,,,
1527675,2026,2026-03-29,"Wankhede Stadium, Mumbai",2,54,Mumbai Indians,Kolkata Knight Riders,RD Rickelton,RG Sharma,SP Narine,0,0,0,0,0,0,0,,,,
1527675,2026,2026-03-29,"Wankhede Stadium, Mumbai",2,55,Mumbai Indians,Kolkata Knight Riders,RG Sharma,RD Rickelton,Kartik Tyagi,1,1,0,1,0,0,0,,,,
1527675,2026,2026-03-29,"Wankhede Stadium, Mumbai",2,56,Mumbai Indians,Kolkata Knight Riders,RD Rickelton,RG Sharma,Kartik Tyagi,0,0,0,0,0,0,0,,,,
1527675,2026,2026-03-29,"Wankhede Stadium, Mumbai",2,57,Mumbai Indians,Kolkata Knight Riders,RD Rickelton,RG Sharma,Kartik Tyagi,2,0,0,0,0,0,0,,,,
1527675,2026,2026-03-29,"Wankhede Stadium, Mumbai",2,58,Mumbai Indians,Kolkata Knight Riders,RD Rickelton,RG Sharma,Kartik Tyagi,1,0,0,0,0,0,0,,,,
1527675,2026,2026-03-29,"Wankhede Stadium, Mumbai",2,59,Mumbai Indians,Kolkata Knight Riders,RG Sharma,RD Rickelton,Kartik Tyagi,4,0,0,0,0,0,0,,,,
1527675,2026,2026-03-29,"Wankhede Stadium, Mumbai",2,60,Mumbai Indians,Kolkata Knight Riders,RG Sharma,RD Rickelton,Kartik Tyagi,1,0,0,0,0,0,0,,,,
1527675,2026,2026-03-29,"Wankhede Stadium, Mumbai",2,61,Mumbai Indians,Kolkata Knight Riders,RD Rickelton,RG Sharma,Kartik Tyagi,2,0,0,0,0,0,0,,,,
1527675,2026,2026-03-29,"Wankhede Stadium, Mumbai",2,61,Mumbai Indians,Kolkata Knight Riders,RG Sharma,RD Rickelton,CV Varun,1,0,0,0,0,0,0,,,,
1527675,2026,2026-03-29,"Wankhede Stadium, Mumbai",2,62,Mumbai Indians,Kolkata Knight Riders,RD Rickelton,RG Sharma,CV Varun,6,0,0,0,0,0,0,,,,
1527675,2026,2026-03-29,"Wankhede Stadium, Mumbai",2,63,Mumbai Indians,Kolkata Knight Riders,RD Rickelton,RG Sharma,CV Varun,0,0,0,0,0,0,0,,,,
1527675,2026,2026-03-29,"Wankhede Stadium, Mumbai",2,64,Mumbai Indians,Kolkata Knight Riders,RD Rickelton,RG Sharma,CV Varun,1,0,0,0,0,0,0,,,,
1527675,2026,2026-03-29,"Wankhede Stadium, Mumbai",2,65,Mumbai Indians,Kolkata Knight Riders,RG Sharma,RD Rickelton,CV Varun,1,0,0,0,0,0,0,,,,
1527675,2026,2026-03-29,"Wankhede Stadium, Mumbai",2,66,Mumbai Indians,Kolkata Knight Riders,RD Rickelton,RG Sharma,CV Varun,4,0,0,0,0,0,0,,,,
1527675,2026,2026-03-29,"Wankhede Stadium, Mumbai",2,67,Mumbai Indians,Kolkata Knight Riders,RG Sharma,RD Rickelton,VG Arora,4,0,0,0,0,0,0,,,,
1527675,2026,2026-03-29,"Wankhede Stadium, Mumbai",2,68,Mumbai Indians,Kolkata Knight Riders,RG Sharma,RD Rickelton,VG Arora,6,0,0,0,0,0,0,,,,
1527675,2026,2026-03-29,"Wankhede Stadium, Mumbai",2,69,Mumbai Indians,Kolkata Knight Riders,RG Sharma,RD Rickelton,VG Arora,1,0,0,0,0,0,0,,,,
1527675,2026,2026-03-29,"Wankhede Stadium, Mumbai",2,70,Mumbai Indians,Kolkata Knight Riders,RD Rickelton,RG Sharma,VG Arora,1,0,0,0,0,0,0,,,,
1527675,2026,2026-03-29,"Wankhede Stadium, Mumbai",2,71,Mumbai Indians,Kolkata Knight Riders,RG Sharma,RD Rickelton,VG Arora,0,1,1,0,0,0,0,,,,
1527675,2026,2026-03-29,"Wankhede Stadium, Mumbai",2,72,Mumbai Indians,Kolkata Knight Riders,RG Sharma,RD Rickelton,VG Arora,0,0,0,0,0,0,0,caught,RG Sharma,{'name': 'AS Roy'},
1527675,2026,2026-03-29,"Wankhede Stadium, Mumbai",2,73,Mumbai Indians,Kolkata Knight Riders,SA Yadav,RD Rickelton,VG Arora,4,0,0,0,0,0,0,,,,
1527675,2026,2026-03-29,"Wankhede Stadium, Mumbai",2,73,Mumbai Indians,Kolkata Knight Riders,RD Rickelton,SA Yadav,AS Roy,0,0,0,0,0,0,0,,,,
1527675,2026,2026-03-29,"Wankhede Stadium, Mumbai",2,74,Mumbai Indians,Kolkata Knight Riders,RD Rickelton,SA Yadav,AS Roy,1,0,0,0,0,0,0,,,,
1527675,2026,2026-03-29,"Wankhede Stadium, Mumbai",2,75,Mumbai Indians,Kolkata Knight Riders,SA Yadav,RD Rickelton,AS Roy,1,0,0,0,0,0,0,,,,
1527675,2026,2026-03-29,"Wankhede Stadium, Mumbai",2,76,Mumbai Indians,Kolkata Knight Riders,RD Rickelton,SA Yadav,AS Roy,1,0,0,0,0,0,0,,,,
1527675,2026,2026-03-29,"Wankhede Stadium, Mumbai",2,77,Mumbai Indians,Kolkata Knight Riders,SA Yadav,RD Rickelton,AS Roy,0,1,1,0,0,0,0,,,,
1527675,2026,2026-03-29,"Wankhede Stadium, Mumbai",2,78,Mumbai Indians,Kolkata Knight Riders,SA Yadav,RD Rickelton,AS Roy,1,0,0,0,0,0,0,,,,
1527675,2026,2026-03-29,"Wankhede Stadium, Mumbai",2,79,Mumbai Indians,Kolkata Knight Riders,RD Rickelton,SA Yadav,AS Roy,6,0,0,0,0,0,0,,,,
1527675,2026,2026-03-29,"Wankhede Stadium, Mumbai",2,79,Mumbai Indians,Kolkata Knight Riders,SA Yadav,RD Rickelton,CV Varun,4,0,0,0,0,0,0,,,,
1527675,2026,2026-03-29,"Wankhede Stadium, Mumbai",2,80,Mumbai Indians,Kolkata Knight Riders,SA Yadav,RD Rickelton,CV Varun,1,0,0,0,0,0,0,,,,
1527675,2026,2026-03-29,"Wankhede Stadium, Mumbai",2,81,Mumbai Indians,Kolkata Knight Riders,RD Rickelton,SA Yadav,CV Varun,1,0,0,0,0,0,0,,,,
1527675,2026,2026-03-29,"Wankhede Stadium, Mumbai",2,82,Mumbai Indians,Kolkata Knight Riders,SA Yadav,RD Rickelton,CV Varun,1,0,0,0,0,0,0,,,,
1527675,2026,2026-03-29,"Wankhede Stadium, Mumbai",2,83,Mumbai Indians,Kolkata Knight Riders,RD Rickelton,SA Yadav,CV Varun,0,1,1,0,0,0,0,,,,
1527675,2026,2026-03-29,"Wankhede Stadium, Mumbai",2,84,Mumbai Indians,Kolkata Knight Riders,RD Rickelton,SA Yadav,CV Varun,0,0,0,0,0,0,0,,,,
1527675,2026,2026-03-29,"Wankhede Stadium, Mumbai",2,85,Mumbai Indians,Kolkata Knight Riders,RD Rickelton,SA Yadav,CV Varun,4,0,0,0,0,0,0,,,,
1527675,2026,2026-03-29,"Wankhede Stadium, Mumbai",2,85,Mumbai Indians,Kolkata Knight Riders,SA Yadav,RD Rickelton,Kartik Tyagi,4,0,0,0,0,0,0,,,,
1527675,2026,2026-03-29,"Wankhede Stadium, Mumbai",2,86,Mumbai Indians,Kolkata Knight Riders,SA Yadav,RD Rickelton,Kartik Tyagi,0,0,0,0,0,0,0,caught,SA Yadav,{'name': 'RK Singh'},
1527675,2026,2026-03-29,"Wankhede Stadium, Mumbai",2,87,Mumbai Indians,Kolkata Knight Riders,Tilak Varma,RD Rickelton,Kartik Tyagi,4,0,0,0,0,0,0,,,,
1527675,2026,2026-03-29,"Wankhede Stadium, Mumbai",2,88,Mumbai Indians,Kolkata Knight Riders,Tilak Varma,RD Rickelton,Kartik Tyagi,0,0,0,0,0,0,0,,,,
1527675,2026,2026-03-29,"Wankhede Stadium, Mumbai",2,89,Mumbai Indians,Kolkata Knight Riders,Tilak Varma,RD Rickelton,Kartik Tyagi,0,0,0,0,0,0,0,,,,
1527675,2026,2026-03-29,"Wankhede Stadium, Mumbai",2,90,Mumbai Indians,Kolkata Knight Riders,Tilak Varma,RD Rickelton,Kartik Tyagi,0,0,0,0,0,0,0,,,,
1527675,2026,2026-03-29,"Wankhede Stadium, Mumbai",2,91,Mumbai Indians,Kolkata Knight Riders,RD Rickelton,Tilak Varma,B Muzarabani,0,0,0,0,0,0,0,,,,
1527675,2026,2026-03-29,"Wankhede Stadium, Mumbai",2,92,Mumbai Indians,Kolkata Knight Riders,RD Rickelton,Tilak Varma,B Muzarabani,1,0,0,0,0,0,0,run out,RD Rickelton,{'name': 'AS Roy'},
1527675,2026,2026-03-29,"Wankhede Stadium, Mumbai",2,93,Mumbai Indians,Kolkata Knight Riders,Tilak Varma,HH Pandya,B Muzarabani,1,0,0,0,0,0,0,,,,
1527675,2026,2026-03-29,"Wankhede Stadium, Mumbai",2,94,Mumbai Indians,Kolkata Knight Riders,HH Pandya,Tilak Varma,B Muzarabani,4,0,0,0,0,0,0,,,,
1527675,2026,2026-03-29,"Wankhede Stadium, Mumbai",2,95,Mumbai Indians,Kolkata Knight Riders,HH Pandya,Tilak Varma,B Muzarabani,4,0,0,0,0,0,0,,,,
1527675,2026,2026-03-29,"Wankhede Stadium, Mumbai",2,96,Mumbai Indians,Kolkata Knight Riders,HH Pandya,Tilak Varma,B Muzarabani,0,0,0,0,0,0,0,,,,
1527675,2026,2026-03-29,"Wankhede Stadium, Mumbai",2,97,Mumbai Indians,Kolkata Knight Riders,Tilak Varma,HH Pandya,Kartik Tyagi,1,0,0,0,0,0,0,,,,
1527675,2026,2026-03-29,"Wankhede Stadium, Mumbai",2,98,Mumbai Indians,Kolkata Knight Riders,HH Pandya,Tilak Varma,Kartik Tyagi,1,0,0,0,0,0,0,,,,
1527675,2026,2026-03-29,"Wankhede Stadium, Mumbai",2,99,Mumbai Indians,Kolkata Knight Riders,Tilak Varma,HH Pandya,Kartik Tyagi,0,0,0,0,0,0,0,,,,
1527675,2026,2026-03-29,"Wankhede Stadium, Mumbai",2,100,Mumbai Indians,Kolkata Knight Riders,Tilak Varma,HH Pandya,Kartik Tyagi,0,1,0,0,0,1,0,,,,
1527675,2026,2026-03-29,"Wankhede Stadium, Mumbai",2,101,Mumbai Indians,Kolkata Knight Riders,HH Pandya,Tilak Varma,Kartik Tyagi,1,0,0,0,0,0,0,,,,
1527675,2026,2026-03-29,"Wankhede Stadium, Mumbai",2,102,Mumbai Indians,Kolkata Knight Riders,Tilak Varma,HH Pandya,Kartik Tyagi,4,0,0,0,0,0,0,,,,
1527675,2026,2026-03-29,"Wankhede Stadium, Mumbai",2,103,Mumbai Indians,Kolkata Knight Riders,HH Pandya,Tilak Varma,VG Arora,0,0,0,0,0,0,0,,,,
1527675,2026,2026-03-29,"Wankhede Stadium, Mumbai",2,104,Mumbai Indians,Kolkata Knight Riders,HH Pandya,Tilak Varma,VG Arora,1,0,0,0,0,0,0,,,,
1527675,2026,2026-03-29,"Wankhede Stadium, Mumbai",2,105,Mumbai Indians,Kolkata Knight Riders,Tilak Varma,HH Pandya,VG Arora,4,0,0,0,0,0,0,,,,
1527675,2026,2026-03-29,"Wankhede Stadium, Mumbai",2,106,Mumbai Indians,Kolkata Knight Riders,Tilak Varma,HH Pandya,VG Arora,1,0,0,0,0,0,0,,,,
1527675,2026,2026-03-29,"Wankhede Stadium, Mumbai",2,107,Mumbai Indians,Kolkata Knight Riders,HH Pandya,Tilak Varma,VG Arora,1,0,0,0,0,0,0,,,,
1527675,2026,2026-03-29,"Wankhede Stadium, Mumbai",2,108,Mumbai Indians,Kolkata Knight Riders,Tilak Varma,HH Pandya,VG Arora,4,0,0,0,0,0,0,,,,
1527675,2026,2026-03-29,"Wankhede Stadium, Mumbai",2,109,Mumbai Indians,Kolkata Knight Riders,HH Pandya,Tilak Varma,SP Narine,1,0,0,0,0,0,0,,,,
1527675,2026,2026-03-29,"Wankhede Stadium, Mumbai",2,110,Mumbai Indians,Kolkata Knight Riders,Tilak Varma,HH Pandya,SP Narine,1,0,0,0,0,0,0,,,,
1527675,2026,2026-03-29,"Wankhede Stadium, Mumbai",2,111,Mumbai Indians,Kolkata Knight Riders,HH Pandya,Tilak Varma,SP Narine,1,0,0,0,0,0,0,,,,
1527675,2026,2026-03-29,"Wankhede Stadium, Mumbai",2,112,Mumbai Indians,Kolkata Knight Riders,Tilak Varma,HH Pandya,SP Narine,0,0,0,0,0,0,0,caught,Tilak Varma,"{'name': 'MK Pandey', 'substitute': True}",
1527675,2026,2026-03-29,"Wankhede Stadium, Mumbai",2,113,Mumbai Indians,Kolkata Knight Riders,Naman Dhir,HH Pandya,SP Narine,1,0,0,0,0,0,0,,,,
1527675,2026,2026-03-29,"Wankhede Stadium, Mumbai",2,114,Mumbai Indians,Kolkata Knight Riders,HH Pandya,Naman Dhir,SP Narine,4,0,0,0,0,0,0,,,,
1527675,2026,2026-03-29,"Wankhede Stadium, Mumbai",2,115,Mumbai Indians,Kolkata Knight Riders,Naman Dhir,HH Pandya,AS Roy,4,0,0,0,0,0,0,,,,
1527676,2026,2026-03-30,"Barsapara Cricket Stadium, Guwahati",1,1,Chennai Super Kings,Rajasthan Royals,SV Samson,RD Gaikwad,JC Archer,0,0,0,0,0,0,0,,,,
1527676,2026,2026-03-30,"Barsapara Cricket Stadium, Guwahati",1,2,Chennai Super Kings,Rajasthan Royals,SV Samson,RD Gaikwad,JC Archer,0,1,0,0,0,1,0,,,,
1527676,2026,2026-03-30,"Barsapara Cricket Stadium, Guwahati",1,3,Chennai Super Kings,Rajasthan Royals,RD Gaikwad,SV Samson,JC Archer,1,0,0,0,0,0,0,,,,
1527676,2026,2026-03-30,"Barsapara Cricket Stadium, Guwahati",1,4,Chennai Super Kings,Rajasthan Royals,SV Samson,RD Gaikwad,JC Archer,0,0,0,0,0,0,0,,,,
1527676,2026,2026-03-30,"Barsapara Cricket Stadium, Guwahati",1,5,Chennai Super Kings,Rajasthan Royals,SV Samson,RD Gaikwad,JC Archer,4,0,0,0,0,0,0,,,,
1527676,2026,2026-03-30,"Barsapara Cricket Stadium, Guwahati",1,6,Chennai Super Kings,Rajasthan Royals,SV Samson,RD Gaikwad,JC Archer,1,0,0,0,0,0,0,,,,
1527676,2026,2026-03-30,"Barsapara Cricket Stadium, Guwahati",1,7,Chennai Super Kings,Rajasthan Royals,SV Samson,RD Gaikwad,N Burger,1,0,0,0,0,0,0,,,,
1527676,2026,2026-03-30,"Barsapara Cricket Stadium, Guwahati",1,8,Chennai Super Kings,Rajasthan Royals,RD Gaikwad,SV Samson,N Burger,0,0,0,0,0,0,0,,,,
1527676,2026,2026-03-30,"Barsapara Cricket Stadium, Guwahati",1,9,Chennai Super Kings,Rajasthan Royals,RD Gaikwad,SV Samson,N Burger,0,4,0,0,0,4,0,,,,
1527676,2026,2026-03-30,"Barsapara Cricket Stadium, Guwahati",1,10,Chennai Super Kings,Rajasthan Royals,RD Gaikwad,SV Samson,N Burger,0,0,0,0,0,0,0,,,,
1527676,2026,2026-03-30,"Barsapara Cricket Stadium, Guwahati",1,11,Chennai Super Kings,Rajasthan Royals,RD Gaikwad,SV Samson,N Burger,0,1,1,0,0,0,0,,,,
1527676,2026,2026-03-30,"Barsapara Cricket Stadium, Guwahati",1,12,Chennai Super Kings,Rajasthan Royals,RD Gaikwad,SV Samson,N Burger,1,0,0,0,0,0,0,,,,
1527676,2026,2026-03-30,"Barsapara Cricket Stadium, Guwahati",1,13,Chennai Super Kings,Rajasthan Royals,SV Samson,RD Gaikwad,N Burger,0,0,0,0,0,0,0,bowled,SV Samson,,
1527676,2026,2026-03-30,"Barsapara Cricket Stadium, Guwahati",1,13,Chennai Super Kings,Rajasthan Royals,RD Gaikwad,A Mhatre,JC Archer,0,0,0,0,0,0,0,,,,
1527676,2026,2026-03-30,"Barsapara Cricket Stadium, Guwahati",1,14,Chennai Super Kings,Rajasthan Royals,RD Gaikwad,A Mhatre,JC Archer,0,0,0,0,0,0,0,,,,
1527676,2026,2026-03-30,"Barsapara Cricket Stadium, Guwahati",1,15,Chennai Super Kings,Rajasthan Royals,RD Gaikwad,A Mhatre,JC Archer,0,0,0,0,0,0,0,,,,
1527676,2026,2026-03-30,"Barsapara Cricket Stadium, Guwahati",1,16,Chennai Super Kings,Rajasthan Royals,RD Gaikwad,A Mhatre,JC Archer,0,0,0,0,0,0,0,,,,
1527676,2026,2026-03-30,"Barsapara Cricket Stadium, Guwahati",1,17,Chennai Super Kings,Rajasthan Royals,RD Gaikwad,A Mhatre,JC Archer,4,0,0,0,0,0,0,,,,
1527676,2026,2026-03-30,"Barsapara Cricket Stadium, Guwahati",1,18,Chennai Super Kings,Rajasthan Royals,RD Gaikwad,A Mhatre,JC Archer,0,1,1,0,0,0,0,,,,
1527676,2026,2026-03-30,"Barsapara Cricket Stadium, Guwahati",1,19,Chennai Super Kings,Rajasthan Royals,RD Gaikwad,A Mhatre,JC Archer,0,0,0,0,0,0,0,bowled,RD Gaikwad,,
1527676,2026,2026-03-30,"Barsapara Cricket Stadium, Guwahati",1,19,Chennai Super Kings,Rajasthan Royals,A Mhatre,MW Short,N Burger,0,0,0,0,0,0,0,caught,A Mhatre,{'name': 'Dhruv Jurel'},
1527676,2026,2026-03-30,"Barsapara Cricket Stadium, Guwahati",1,20,Chennai Super Kings,Rajasthan Royals,SN Khan,MW Short,N Burger,0,0,0,0,0,0,0,,,,
1527676,2026,2026-03-30,"Barsapara Cricket Stadium, Guwahati",1,21,Chennai Super Kings,Rajasthan Royals,SN Khan,MW Short,N Burger,0,0,0,0,0,0,0,,,,
1527676,2026,2026-03-30,"Barsapara Cricket Stadium, Guwahati",1,22,Chennai Super Kings,Rajasthan Royals,SN Khan,MW Short,N Burger,4,0,0,0,0,0,0,,,,
1527676,2026,2026-03-30,"Barsapara Cricket Stadium, Guwahati",1,23,Chennai Super Kings,Rajasthan Royals,SN Khan,MW Short,N Burger,6,0,0,0,0,0,0,,,,
1527676,2026,2026-03-30,"Barsapara Cricket Stadium, Guwahati",1,24,Chennai Super Kings,Rajasthan Royals,SN Khan,MW Short,N Burger,0,1,1,0,0,0,0,,,,
1527676,2026,2026-03-30,"Barsapara Cricket Stadium, Guwahati",1,25,Chennai Super Kings,Rajasthan Royals,SN Khan,MW Short,N Burger,0,0,0,0,0,0,0,,,,
1527676,2026,2026-03-30,"Barsapara Cricket Stadium, Guwahati",1,25,Chennai Super Kings,Rajasthan Royals,MW Short,SN Khan,Brijesh Sharma,0,0,0,0,0,0,0,,,,
1527676,2026,2026-03-30,"Barsapara Cricket Stadium, Guwahati",1,26,Chennai Super Kings,Rajasthan Royals,MW Short,SN Khan,Brijesh Sharma,0,1,1,0,0,0,0,,,,
1527676,2026,2026-03-30,"Barsapara Cricket Stadium, Guwahati",1,27,Chennai Super Kings,Rajasthan Royals,MW Short,SN Khan,Brijesh Sharma,0,0,0,0,0,0,0,,,,
1527676,2026,2026-03-30,"Barsapara Cricket Stadium, Guwahati",1,28,Chennai Super Kings,Rajasthan Royals,MW Short,SN Khan,Brijesh Sharma,0,0,0,0,0,0,0,,,,
1527676,2026,2026-03-30,"Barsapara Cricket Stadium, Guwahati",1,29,Chennai Super Kings,Rajasthan Royals,MW Short,SN Khan,Brijesh Sharma,0,0,0,0,0,0,0,,,,
1527676,2026,2026-03-30,"Barsapara Cricket Stadium, Guwahati",1,30,Chennai Super Kings,Rajasthan Royals,MW Short,SN Khan,Brijesh Sharma,1,0,0,0,0,0,0,,,,
1527676,2026,2026-03-30,"Barsapara Cricket Stadium, Guwahati",1,31,Chennai Super Kings,Rajasthan Royals,SN Khan,MW Short,Brijesh Sharma,4,0,0,0,0,0,0,,,,
1527676,2026,2026-03-30,"Barsapara Cricket Stadium, Guwahati",1,31,Chennai Super Kings,Rajasthan Royals,MW Short,SN Khan,Sandeep Sharma,1,0,0,0,0,0,0,,,,
1527676,2026,2026-03-30,"Barsapara Cricket Stadium, Guwahati",1,32,Chennai Super Kings,Rajasthan Royals,SN Khan,MW Short,Sandeep Sharma,1,0,0,0,0,0,0,,,,
1527676,2026,2026-03-30,"Barsapara Cricket Stadium, Guwahati",1,33,Chennai Super Kings,Rajasthan Royals,MW Short,SN Khan,Sandeep Sharma,0,0,0,0,0,0,0,caught,MW Short,{'name': 'YBK Jaiswal'},
1527676,2026,2026-03-30,"Barsapara Cricket Stadium, Guwahati",1,34,Chennai Super Kings,Rajasthan Royals,Kartik Sharma,SN Khan,Sandeep Sharma,2,0,0,0,0,0,0,,,,
1527676,2026,2026-03-30,"Barsapara Cricket Stadium, Guwahati",1,35,Chennai Super Kings,Rajasthan Royals,Kartik Sharma,SN Khan,Sandeep Sharma,1,0,0,0,0,0,0,,,,
1527676,2026,2026-03-30,"Barsapara Cricket Stadium, Guwahati",1,36,Chennai Super Kings,Rajasthan Royals,SN Khan,Kartik Sharma,Sandeep Sharma,0,0,0,0,0,0,0,,,,
1527676,2026,2026-03-30,"Barsapara Cricket Stadium, Guwahati",1,37,Chennai Super Kings,Rajasthan Royals,Kartik Sharma,SN Khan,Ravi Bishnoi,0,0,0,0,0,0,0,,,,
1527676,2026,2026-03-30,"Barsapara Cricket Stadium, Guwahati",1,38,Chennai Super Kings,Rajasthan Royals,Kartik Sharma,SN Khan,Ravi Bishnoi,1,0,0,0,0,0,0,,,,
1527676,2026,2026-03-30,"Barsapara Cricket Stadium, Guwahati",1,39,Chennai Super Kings,Rajasthan Royals,SN Khan,Kartik Sharma,Ravi Bishnoi,1,0,0,0,0,0,0,,,,
1527676,2026,2026-03-30,"Barsapara Cricket Stadium, Guwahati",1,40,Chennai Super Kings,Rajasthan Royals,Kartik Sharma,SN Khan,Ravi Bishnoi,1,0,0,0,0,0,0,,,,
1527676,2026,2026-03-30,"Barsapara Cricket Stadium, Guwahati",1,41,Chennai Super Kings,Rajasthan Royals,SN Khan,Kartik Sharma,Ravi Bishnoi,1,0,0,0,0,0,0,,,,
1527676,2026,2026-03-30,"Barsapara Cricket Stadium, Guwahati",1,42,Chennai Super Kings,Rajasthan Royals,Kartik Sharma,SN Khan,Ravi Bishnoi,6,0,0,0,0,0,0,,,,
1527676,2026,2026-03-30,"Barsapara Cricket Stadium, Guwahati",1,43,Chennai Super Kings,Rajasthan Royals,SN Khan,Kartik Sharma,RA Jadeja,0,0,0,0,0,0,0,,,,
1527676,2026,2026-03-30,"Barsapara Cricket Stadium, Guwahati",1,44,Chennai Super Kings,Rajasthan Royals,SN Khan,Kartik Sharma,RA Jadeja,0,0,0,0,0,0,0,lbw,SN Khan,,
1527676,2026,2026-03-30,"Barsapara Cricket Stadium, Guwahati",1,45,Chennai Super Kings,Rajasthan Royals,S Dube,Kartik Sharma,RA Jadeja,6,0,0,0,0,0,0,,,,
1527676,2026,2026-03-30,"Barsapara Cricket Stadium, Guwahati",1,46,Chennai Super Kings,Rajasthan Royals,S Dube,Kartik Sharma,RA Jadeja,0,0,0,0,0,0,0,,,,
1527676,2026,2026-03-30,"Barsapara Cricket Stadium, Guwahati",1,47,Chennai Super Kings,Rajasthan Royals,S Dube,Kartik Sharma,RA Jadeja,0,0,0,0,0,0,0,,,,
1527676,2026,2026-03-30,"Barsapara Cricket Stadium, Guwahati",1,48,Chennai Super Kings,Rajasthan Royals,S Dube,Kartik Sharma,RA Jadeja,0,0,0,0,0,0,0,caught,S Dube,{'name': 'Ravi Bishnoi'},
1527676,2026,2026-03-30,"Barsapara Cricket Stadium, Guwahati",1,49,Chennai Super Kings,Rajasthan Royals,Kartik Sharma,J Overton,Ravi Bishnoi,2,0,0,0,0,0,0,,,,
1527676,2026,2026-03-30,"Barsapara Cricket Stadium, Guwahati",1,50,Chennai Super Kings,Rajasthan Royals,Kartik Sharma,J Overton,Ravi Bishnoi,0,0,0,0,0,0,0,,,,
1527676,2026,2026-03-30,"Barsapara Cricket Stadium, Guwahati",1,51,Chennai Super Kings,Rajasthan Royals,Kartik Sharma,J Overton,Ravi Bishnoi,1,0,0,0,0,0,0,,,,
1527676,2026,2026-03-30,"Barsapara Cricket Stadium, Guwahati",1,52,Chennai Super Kings,Rajasthan Royals,J Overton,Kartik Sharma,Ravi Bishnoi,0,0,0,0,0,0,0,,,,
1527676,2026,2026-03-30,"Barsapara Cricket Stadium, Guwahati",1,53,Chennai Super Kings,Rajasthan Royals,J Overton,Kartik Sharma,Ravi Bishnoi,1,0,0,0,0,0,0,,,,
1527676,2026,2026-03-30,"Barsapara Cricket Stadium, Guwahati",1,54,Chennai Super Kings,Rajasthan Royals,Kartik Sharma,J Overton,Ravi Bishnoi,1,0,0,0,0,0,0,,,,
1527676,2026,2026-03-30,"Barsapara Cricket Stadium, Guwahati",1,55,Chennai Super Kings,Rajasthan Royals,Kartik Sharma,J Overton,RA Jadeja,0,0,0,0,0,0,0,,,,
1527676,2026,2026-03-30,"Barsapara Cricket Stadium, Guwahati",1,56,Chennai Super Kings,Rajasthan Royals,Kartik Sharma,J Overton,RA Jadeja,0,0,0,0,0,0,0,,,,
1527676,2026,2026-03-30,"Barsapara Cricket Stadium, Guwahati",1,57,Chennai Super Kings,Rajasthan Royals,Kartik Sharma,J Overton,RA Jadeja,1,0,0,0,0,0,0,,,,
1527676,2026,2026-03-30,"Barsapara Cricket Stadium, Guwahati",1,58,Chennai Super Kings,Rajasthan Royals,J Overton,Kartik Sharma,RA Jadeja,0,0,0,0,0,0,0,,,,
1527676,2026,2026-03-30,"Barsapara Cricket Stadium, Guwahati",1,59,Chennai Super Kings,Rajasthan Royals,J Overton,Kartik Sharma,RA Jadeja,6,0,0,0,0,0,0,,,,
1527676,2026,2026-03-30,"Barsapara Cricket Stadium, Guwahati",1,60,Chennai Super Kings,Rajasthan Royals,J Overton,Kartik Sharma,RA Jadeja,1,0,0,0,0,0,0,,,,
1527676,2026,2026-03-30,"Barsapara Cricket Stadium, Guwahati",1,61,Chennai Super Kings,Rajasthan Royals,J Overton,Kartik Sharma,Brijesh Sharma,1,0,0,0,0,0,0,,,,
1527676,2026,2026-03-30,"Barsapara Cricket Stadium, Guwahati",1,62,Chennai Super Kings,Rajasthan Royals,Kartik Sharma,J Overton,Brijesh Sharma,0,1,1,0,0,0,0,,,,
1527676,2026,2026-03-30,"Barsapara Cricket Stadium, Guwahati",1,63,Chennai Super Kings,Rajasthan Royals,Kartik Sharma,J Overton,Brijesh Sharma,2,0,0,0,0,0,0,,,,
1527676,2026,2026-03-30,"Barsapara Cricket Stadium, Guwahati",1,64,Chennai Super Kings,Rajasthan Royals,Kartik Sharma,J Overton,Brijesh Sharma,0,0,0,0,0,0,0,lbw,Kartik Sharma,,
1527676,2026,2026-03-30,"Barsapara Cricket Stadium, Guwahati",1,65,Chennai Super Kings,Rajasthan Royals,Noor Ahmad,J Overton,Brijesh Sharma,0,0,0,0,0,0,0,,,,
1527676,2026,2026-03-30,"Barsapara Cricket Stadium, Guwahati",1,66,Chennai Super Kings,Rajasthan Royals,Noor Ahmad,J Overton,Brijesh Sharma,0,0,0,0,0,0,0,,,,
1527676,2026,2026-03-30,"Barsapara Cricket Stadium, Guwahati",1,67,Chennai Super Kings,Rajasthan Royals,Noor Ahmad,J Overton,Brijesh Sharma,0,0,0,0,0,0,0,,,,
1527676,2026,2026-03-30,"Barsapara Cricket Stadium, Guwahati",1,67,Chennai Super Kings,Rajasthan Royals,J Overton,Noor Ahmad,RA Jadeja,1,0,0,0,0,0,0,,,,
1527676,2026,2026-03-30,"Barsapara Cricket Stadium, Guwahati",1,68,Chennai Super Kings,Rajasthan Royals,Noor Ahmad,J Overton,RA Jadeja,1,0,0,0,0,0,0,,,,
1527676,2026,2026-03-30,"Barsapara Cricket Stadium, Guwahati",1,69,Chennai Super Kings,Rajasthan Royals,J Overton,Noor Ahmad,RA Jadeja,0,0,0,0,0,0,0,,,,
1527676,2026,2026-03-30,"Barsapara Cricket Stadium, Guwahati",1,70,Chennai Super Kings,Rajasthan Royals,J Overton,Noor Ahmad,RA Jadeja,2,0,0,0,0,0,0,,,,
1527676,2026,2026-03-30,"Barsapara Cricket Stadium, Guwahati",1,71,Chennai Super Kings,Rajasthan Royals,J Overton,Noor Ahmad,RA Jadeja,0,1,0,0,0,1,0,,,,
1527676,2026,2026-03-30,"Barsapara Cricket Stadium, Guwahati",1,72,Chennai Super Kings,Rajasthan Royals,Noor Ahmad,J Overton,RA Jadeja,0,0,0,0,0,0,0,,,,
1527676,2026,2026-03-30,"Barsapara Cricket Stadium, Guwahati",1,73,Chennai Super Kings,Rajasthan Royals,J Overton,Noor Ahmad,JC Archer,3,0,0,0,0,0,0,,,,
1527676,2026,2026-03-30,"Barsapara Cricket Stadium, Guwahati",1,74,Chennai Super Kings,Rajasthan Royals,Noor Ahmad,J Overton,JC Archer,0,0,0,0,0,0,0,,,,
1527676,2026,2026-03-30,"Barsapara Cricket Stadium, Guwahati",1,75,Chennai Super Kings,Rajasthan Royals,Noor Ahmad,J Overton,JC Archer,0,0,0,0,0,0,0,,,,
1527676,2026,2026-03-30,"Barsapara Cricket Stadium, Guwahati",1,76,Chennai Super Kings,Rajasthan Royals,Noor Ahmad,J Overton,JC Archer,0,0,0,0,0,0,0,,,,
1527676,2026,2026-03-30,"Barsapara Cricket Stadium, Guwahati",1,77,Chennai Super Kings,Rajasthan Royals,Noor Ahmad,J Overton,JC Archer,0,0,0,0,0,0,0,caught,Noor Ahmad,{'name': 'Dhruv Jurel'},
1527676,2026,2026-03-30,"Barsapara Cricket Stadium, Guwahati",1,78,Chennai Super Kings,Rajasthan Royals,MJ Henry,J Overton,JC Archer,0,0,0,0,0,0,0,,,,
1527676,2026,2026-03-30,"Barsapara Cricket Stadium, Guwahati",1,79,Chennai Super Kings,Rajasthan Royals,J Overton,MJ Henry,N Burger,2,0,0,0,0,0,0,,,,
1527676,2026,2026-03-30,"Barsapara Cricket Stadium, Guwahati",1,80,Chennai Super Kings,Rajasthan Royals,J Overton,MJ Henry,N Burger,0,0,0,0,0,0,0,,,,
1527676,2026,2026-03-30,"Barsapara Cricket Stadium, Guwahati",1,81,Chennai Super Kings,Rajasthan Royals,J Overton,MJ Henry,N Burger,0,0,0,0,0,0,0,,,,
1527676,2026,2026-03-30,"Barsapara Cricket Stadium, Guwahati",1,82,Chennai Super Kings,Rajasthan Royals,J Overton,MJ Henry,N Burger,0,0,0,0,0,0,0,,,,
1527676,2026,2026-03-30,"Barsapara Cricket Stadium, Guwahati",1,83,Chennai Super Kings,Rajasthan Royals,J Overton,MJ Henry,N Burger,0,1,1,0,0,0,0,,,,
1527676,2026,2026-03-30,"Barsapara Cricket Stadium, Guwahati",1,84,Chennai Super Kings,Rajasthan Royals,J Overton,MJ Henry,N Burger,0,0,0,0,0,0,0,,,,
1527676,2026,2026-03-30,"Barsapara Cricket Stadium, Guwahati",1,85,Chennai Super Kings,Rajasthan Royals,J Overton,MJ Henry,N Burger,1,0,0,0,0,0,0,,,,
1527676,2026,2026-03-30,"Barsapara Cricket Stadium, Guwahati",1,85,Chennai Super Kings,Rajasthan Royals,J Overton,MJ Henry,Brijesh Sharma,1,0,0,0,0,0,0,,,,
1527676,2026,2026-03-30,"Barsapara Cricket Stadium, Guwahati",1,86,Chennai Super Kings,Rajasthan Royals,MJ Henry,J Overton,Brijesh Sharma,0,0,0,0,0,0,0,,,,
1527676,2026,2026-03-30,"Barsapara Cricket Stadium, Guwahati",1,87,Chennai Super Kings,Rajasthan Royals,MJ Henry,J Overton,Brijesh Sharma,0,0,0,0,0,0,0,,,,
1527676,2026,2026-03-30,"Barsapara Cricket Stadium, Guwahati",1,88,Chennai Super Kings,Rajasthan Royals,MJ Henry,J Overton,Brijesh Sharma,4,0,0,0,0,0,0,,,,
1527676,2026,2026-03-30,"Barsapara Cricket Stadium, Guwahati",1,89,Chennai Super Kings,Rajasthan Royals,MJ Henry,J Overton,Brijesh Sharma,1,0,0,0,0,0,0,,,,
1527676,2026,2026-03-30,"Barsapara Cricket Stadium, Guwahati",1,90,Chennai Super Kings,Rajasthan Royals,J Overton,MJ Henry,Brijesh Sharma,1,0,0,0,0,0,0,,,,
1527676,2026,2026-03-30,"Barsapara Cricket Stadium, Guwahati",1,91,Chennai Super Kings,Rajasthan Royals,J Overton,MJ Henry,Ravi Bishnoi,1,0,0,0,0,0,0,,,,
1527676,2026,2026-03-30,"Barsapara Cricket Stadium, Guwahati",1,92,Chennai Super Kings,Rajasthan Royals,MJ Henry,J Overton,Ravi Bishnoi,0,0,0,0,0,0,0,,,,
1527676,2026,2026-03-30,"Barsapara Cricket Stadium, Guwahati",1,93,Chennai Super Kings,Rajasthan Royals,MJ Henry,J Overton,Ravi Bishnoi,0,0,0,0,0,0,0,caught and bowled,MJ Henry,,
1527676,2026,2026-03-30,"Barsapara Cricket Stadium, Guwahati",1,94,Chennai Super Kings,Rajasthan Royals,A Kamboj,J Overton,Ravi Bishnoi,0,0,0,0,0,0,0,,,,
1527676,2026,2026-03-30,"Barsapara Cricket Stadium, Guwahati",1,95,Chennai Super Kings,Rajasthan Royals,A Kamboj,J Overton,Ravi Bishnoi,0,0,0,0,0,0,0,,,,
1527676,2026,2026-03-30,"Barsapara Cricket Stadium, Guwahati",1,96,Chennai Super Kings,Rajasthan Royals,A Kamboj,J Overton,Ravi Bishnoi,0,0,0,0,0,0,0,,,,
1527676,2026,2026-03-30,"Barsapara Cricket Stadium, Guwahati",1,97,Chennai Super Kings,Rajasthan Royals,J Overton,A Kamboj,JC Archer,0,0,0,0,0,0,0,,,,
1527676,2026,2026-03-30,"Barsapara Cricket Stadium, Guwahati",1,98,Chennai Super Kings,Rajasthan Royals,J Overton,A Kamboj,JC Archer,0,0,0,0,0,0,0,,,,
1527676,2026,2026-03-30,"Barsapara Cricket Stadium, Guwahati",1,99,Chennai Super Kings,Rajasthan Royals,J Overton,A Kamboj,JC Archer,0,0,0,0,0,0,0,,,,
1527676,2026,2026-03-30,"Barsapara Cricket Stadium, Guwahati",1,100,Chennai Super Kings,Rajasthan Royals,J Overton,A Kamboj,JC Archer,0,0,0,0,0,0,0,,,,
1527676,2026,2026-03-30,"Barsapara Cricket Stadium, Guwahati",1,101,Chennai Super Kings,Rajasthan Royals,J Overton,A Kamboj,JC Archer,4,0,0,0,0,0,0,,,,
1527676,2026,2026-03-30,"Barsapara Cricket Stadium, Guwahati",1,102,Chennai Super Kings,Rajasthan Royals,J Overton,A Kamboj,JC Archer,1,0,0,0,0,0,0,,,,
1527676,2026,2026-03-30,"Barsapara Cricket Stadium, Guwahati",1,103,Chennai Super Kings,Rajasthan Royals,J Overton,A Kamboj,Sandeep Sharma,4,0,0,0,0,0,0,,,,
1527676,2026,2026-03-30,"Barsapara Cricket Stadium, Guwahati",1,104,Chennai Super Kings,Rajasthan Royals,J Overton,A Kamboj,Sandeep Sharma,1,0,0,0,0,0,0,,,,
1527676,2026,2026-03-30,"Barsapara Cricket Stadium, Guwahati",1,105,Chennai Super Kings,Rajasthan Royals,A Kamboj,J Overton,Sandeep Sharma,0,1,0,0,0,1,0,,,,
1527676,2026,2026-03-30,"Barsapara Cricket Stadium, Guwahati",1,106,Chennai Super Kings,Rajasthan Royals,J Overton,A Kamboj,Sandeep Sharma,1,0,0,0,0,0,0,,,,
1527676,2026,2026-03-30,"Barsapara Cricket Stadium, Guwahati",1,107,Chennai Super Kings,Rajasthan Royals,A Kamboj,J Overton,Sandeep Sharma,1,0,0,0,0,0,0,,,,
1527676,2026,2026-03-30,"Barsapara Cricket Stadium, Guwahati",1,108,Chennai Super Kings,Rajasthan Royals,J Overton,A Kamboj,Sandeep Sharma,1,0,0,0,0,0,0,,,,
1527676,2026,2026-03-30,"Barsapara Cricket Stadium, Guwahati",1,109,Chennai Super Kings,Rajasthan Royals,J Overton,A Kamboj,N Burger,1,0,0,0,0,0,0,,,,
1527676,2026,2026-03-30,"Barsapara Cricket Stadium, Guwahati",1,110,Chennai Super Kings,Rajasthan Royals,A Kamboj,J Overton,N Burger,0,1,0,1,0,0,0,,,,
1527676,2026,2026-03-30,"Barsapara Cricket Stadium, Guwahati",1,111,Chennai Super Kings,Rajasthan Royals,A Kamboj,J Overton,N Burger,4,0,0,0,0,0,0,,,,
1527676,2026,2026-03-30,"Barsapara Cricket Stadium, Guwahati",1,112,Chennai Super Kings,Rajasthan Royals,A Kamboj,J Overton,N Burger,0,1,0,0,0,1,0,,,,
1527676,2026,2026-03-30,"Barsapara Cricket Stadium, Guwahati",1,113,Chennai Super Kings,Rajasthan Royals,J Overton,A Kamboj,N Burger,1,0,0,0,0,0,0,,,,
1527676,2026,2026-03-30,"Barsapara Cricket Stadium, Guwahati",1,114,Chennai Super Kings,Rajasthan Royals,A Kamboj,J Overton,N Burger,1,0,0,0,0,0,0,,,,
1527676,2026,2026-03-30,"Barsapara Cricket Stadium, Guwahati",1,115,Chennai Super Kings,Rajasthan Royals,J Overton,A Kamboj,N Burger,0,1,0,0,0,1,0,,,,
1527676,2026,2026-03-30,"Barsapara Cricket Stadium, Guwahati",1,115,Chennai Super Kings,Rajasthan Royals,J Overton,A Kamboj,Sandeep Sharma,6,0,0,0,0,0,0,,,,
1527676,2026,2026-03-30,"Barsapara Cricket Stadium, Guwahati",1,116,Chennai Super Kings,Rajasthan Royals,J Overton,A Kamboj,Sandeep Sharma,1,0,0,0,0,0,0,,,,
1527676,2026,2026-03-30,"Barsapara Cricket Stadium, Guwahati",1,117,Chennai Super Kings,Rajasthan Royals,A Kamboj,J Overton,Sandeep Sharma,1,0,0,0,0,0,0,,,,
1527676,2026,2026-03-30,"Barsapara Cricket Stadium, Guwahati",1,118,Chennai Super Kings,Rajasthan Royals,J Overton,A Kamboj,Sandeep Sharma,1,0,0,0,0,0,0,run out,J Overton,{'name': 'Dhruv Jurel'},{'name': 'SO Hetmyer'}
1527676,2026,2026-03-30,"Barsapara Cricket Stadium, Guwahati",2,1,Rajasthan Royals,Chennai Super Kings,YBK Jaiswal,V Suryavanshi,MJ Henry,2,0,0,0,0,0,0,,,,
1527676,2026,2026-03-30,"Barsapara Cricket Stadium, Guwahati",2,2,Rajasthan Royals,Chennai Super Kings,YBK Jaiswal,V Suryavanshi,MJ Henry,1,0,0,0,0,0,0,,,,
1527676,2026,2026-03-30,"Barsapara Cricket Stadium, Guwahati",2,3,Rajasthan Royals,Chennai Super Kings,V Suryavanshi,YBK Jaiswal,MJ Henry,4,0,0,0,0,0,0,,,,
1527676,2026,2026-03-30,"Barsapara Cricket Stadium, Guwahati",2,4,Rajasthan Royals,Chennai Super Kings,V Suryavanshi,YBK Jaiswal,MJ Henry,6,0,0,0,0,0,0,,,,
1527676,2026,2026-03-30,"Barsapara Cricket Stadium, Guwahati",2,5,Rajasthan Royals,Chennai Super Kings,V Suryavanshi,YBK Jaiswal,MJ Henry,1,0,0,0,0,0,0,,,,
1527676,2026,2026-03-30,"Barsapara Cricket Stadium, Guwahati",2,6,Rajasthan Royals,Chennai Super Kings,YBK Jaiswal,V Suryavanshi,MJ Henry,4,0,0,0,0,0,0,,,,
1527676,2026,2026-03-30,"Barsapara Cricket Stadium, Guwahati",2,7,Rajasthan Royals,Chennai Super Kings,V Suryavanshi,YBK Jaiswal,KK Ahmed,0,1,0,0,0,1,0,,,,
1527676,2026,2026-03-30,"Barsapara Cricket Stadium, Guwahati",2,8,Rajasthan Royals,Chennai Super Kings,YBK Jaiswal,V Suryavanshi,KK Ahmed,0,0,0,0,0,0,0,,,,
1527676,2026,2026-03-30,"Barsapara Cricket Stadium, Guwahati",2,9,Rajasthan Royals,Chennai Super Kings,YBK Jaiswal,V Suryavanshi,KK Ahmed,0,0,0,0,0,0,0,,,,
1527676,2026,2026-03-30,"Barsapara Cricket Stadium, Guwahati",2,10,Rajasthan Royals,Chennai Super Kings,YBK Jaiswal,V Suryavanshi,KK Ahmed,0,0,0,0,0,0,0,,,,
1527676,2026,2026-03-30,"Barsapara Cricket Stadium, Guwahati",2,11,Rajasthan Royals,Chennai Super Kings,YBK Jaiswal,V Suryavanshi,KK Ahmed,1,0,0,0,0,0,0,,,,
1527676,2026,2026-03-30,"Barsapara Cricket Stadium, Guwahati",2,12,Rajasthan Royals,Chennai Super Kings,V Suryavanshi,YBK Jaiswal,KK Ahmed,4,0,0,0,0,0,0,,,,
1527676,2026,2026-03-30,"Barsapara Cricket Stadium, Guwahati",2,13,Rajasthan Royals,Chennai Super Kings,YBK Jaiswal,V Suryavanshi,MJ Henry,0,0,0,0,0,0,0,,,,
1527676,2026,2026-03-30,"Barsapara Cricket Stadium, Guwahati",2,14,Rajasthan Royals,Chennai Super Kings,YBK Jaiswal,V Suryavanshi,MJ Henry,1,0,0,0,0,0,0,,,,
1527676,2026,2026-03-30,"Barsapara Cricket Stadium, Guwahati",2,15,Rajasthan Royals,Chennai Super Kings,V Suryavanshi,YBK Jaiswal,MJ Henry,1,0,0,0,0,0,0,,,,
1527676,2026,2026-03-30,"Barsapara Cricket Stadium, Guwahati",2,16,Rajasthan Royals,Chennai Super Kings,YBK Jaiswal,V Suryavanshi,MJ Henry,1,0,0,0,0,0,0,,,,
1527676,2026,2026-03-30,"Barsapara Cricket Stadium, Guwahati",2,17,Rajasthan Royals,Chennai Super Kings,V Suryavanshi,YBK Jaiswal,MJ Henry,6,0,0,0,0,0,0,,,,
1527676,2026,2026-03-30,"Barsapara Cricket Stadium, Guwahati",2,18,Rajasthan Royals,Chennai Super Kings,V Suryavanshi,YBK Jaiswal,MJ Henry,1,0,0,0,0,0,0,,,,
1527676,2026,2026-03-30,"Barsapara Cricket Stadium, Guwahati",2,19,Rajasthan Royals,Chennai Super Kings,V Suryavanshi,YBK Jaiswal,KK Ahmed,1,0,0,0,0,0,0,,,,
1527676,2026,2026-03-30,"Barsapara Cricket Stadium, Guwahati",2,20,Rajasthan Royals,Chennai Super Kings,YBK Jaiswal,V Suryavanshi,KK Ahmed,4,0,0,0,0,0,0,,,,
1527676,2026,2026-03-30,"Barsapara Cricket Stadium, Guwahati",2,21,Rajasthan Royals,Chennai Super Kings,YBK Jaiswal,V Suryavanshi,KK Ahmed,0,0,0,0,0,0,0,,,,
1527676,2026,2026-03-30,"Barsapara Cricket Stadium, Guwahati",2,22,Rajasthan Royals,Chennai Super Kings,YBK Jaiswal,V Suryavanshi,KK Ahmed,0,0,0,0,0,0,0,,,,
1527676,2026,2026-03-30,"Barsapara Cricket Stadium, Guwahati",2,23,Rajasthan Royals,Chennai Super Kings,YBK Jaiswal,V Suryavanshi,KK Ahmed,0,0,0,0,0,0,0,,,,
1527676,2026,2026-03-30,"Barsapara Cricket Stadium, Guwahati",2,24,Rajasthan Royals,Chennai Super Kings,YBK Jaiswal,V Suryavanshi,KK Ahmed,1,0,0,0,0,0,0,,,,
1527676,2026,2026-03-30,"Barsapara Cricket Stadium, Guwahati",2,25,Rajasthan Royals,Chennai Super Kings,YBK Jaiswal,V Suryavanshi,A Kamboj,0,0,0,0,0,0,0,,,,
1527676,2026,2026-03-30,"Barsapara Cricket Stadium, Guwahati",2,26,Rajasthan Royals,Chennai Super Kings,YBK Jaiswal,V Suryavanshi,A Kamboj,1,0,0,0,0,0,0,,,,
1527676,2026,2026-03-30,"Barsapara Cricket Stadium, Guwahati",2,27,Rajasthan Royals,Chennai Super Kings,V Suryavanshi,YBK Jaiswal,A Kamboj,4,0,0,0,0,0,0,,,,
1527676,2026,2026-03-30,"Barsapara Cricket Stadium, Guwahati",2,28,Rajasthan Royals,Chennai Super Kings,V Suryavanshi,YBK Jaiswal,A Kamboj,4,0,0,0,0,0,0,,,,
1527676,2026,2026-03-30,"Barsapara Cricket Stadium, Guwahati",2,29,Rajasthan Royals,Chennai Super Kings,V Suryavanshi,YBK Jaiswal,A Kamboj,0,0,0,0,0,0,0,,,,
1527676,2026,2026-03-30,"Barsapara Cricket Stadium, Guwahati",2,30,Rajasthan Royals,Chennai Super Kings,V Suryavanshi,YBK Jaiswal,A Kamboj,6,0,0,0,0,0,0,,,,
1527676,2026,2026-03-30,"Barsapara Cricket Stadium, Guwahati",2,31,Rajasthan Royals,Chennai Super Kings,YBK Jaiswal,V Suryavanshi,Noor Ahmad,0,4,0,0,4,0,0,,,,
1527676,2026,2026-03-30,"Barsapara Cricket Stadium, Guwahati",2,32,Rajasthan Royals,Chennai Super Kings,YBK Jaiswal,V Suryavanshi,Noor Ahmad,0,0,0,0,0,0,0,,,,
1527676,2026,2026-03-30,"Barsapara Cricket Stadium, Guwahati",2,33,Rajasthan Royals,Chennai Super Kings,YBK Jaiswal,V Suryavanshi,Noor Ahmad,1,0,0,0,0,0,0,,,,
1527676,2026,2026-03-30,"Barsapara Cricket Stadium, Guwahati",2,34,Rajasthan Royals,Chennai Super Kings,V Suryavanshi,YBK Jaiswal,Noor Ahmad,6,0,0,0,0,0,0,,,,
1527676,2026,2026-03-30,"Barsapara Cricket Stadium, Guwahati",2,35,Rajasthan Royals,Chennai Super Kings,V Suryavanshi,YBK Jaiswal,Noor Ahmad,6,0,0,0,0,0,0,,,,
1527676,2026,2026-03-30,"Barsapara Cricket Stadium, Guwahati",2,36,Rajasthan Royals,Chennai Super Kings,V Suryavanshi,YBK Jaiswal,Noor Ahmad,2,0,0,0,0,0,0,,,,
1527676,2026,2026-03-30,"Barsapara Cricket Stadium, Guwahati",2,37,Rajasthan Royals,Chennai Super Kings,YBK Jaiswal,V Suryavanshi,A Kamboj,1,0,0,0,0,0,0,,,,
1527676,2026,2026-03-30,"Barsapara Cricket Stadium, Guwahati",2,38,Rajasthan Royals,Chennai Super Kings,V Suryavanshi,YBK Jaiswal,A Kamboj,0,0,0,0,0,0,0,caught,V Suryavanshi,{'name': 'SN Khan'},
1527676,2026,2026-03-30,"Barsapara Cricket Stadium, Guwahati",2,39,Rajasthan Royals,Chennai Super Kings,Dhruv Jurel,YBK Jaiswal,A Kamboj,1,0,0,0,0,0,0,,,,
1527676,2026,2026-03-30,"Barsapara Cricket Stadium, Guwahati",2,40,Rajasthan Royals,Chennai Super Kings,YBK Jaiswal,Dhruv Jurel,A Kamboj,0,0,0,0,0,0,0,,,,
1527676,2026,2026-03-30,"Barsapara Cricket Stadium, Guwahati",2,41,Rajasthan Royals,Chennai Super Kings,YBK Jaiswal,Dhruv Jurel,A Kamboj,1,0,0,0,0,0,0,,,,
1527676,2026,2026-03-30,"Barsapara Cricket Stadium, Guwahati",2,42,Rajasthan Royals,Chennai Super Kings,Dhruv Jurel,YBK Jaiswal,A Kamboj,0,0,0,0,0,0,0,,,,
1527676,2026,2026-03-30,"Barsapara Cricket Stadium, Guwahati",2,43,Rajasthan Royals,Chennai Super Kings,YBK Jaiswal,Dhruv Jurel,J Overton,1,0,0,0,0,0,0,,,,
1527676,2026,2026-03-30,"Barsapara Cricket Stadium, Guwahati",2,44,Rajasthan Royals,Chennai Super Kings,Dhruv Jurel,YBK Jaiswal,J Overton,0,0,0,0,0,0,0,,,,
1527676,2026,2026-03-30,"Barsapara Cricket Stadium, Guwahati",2,45,Rajasthan Royals,Chennai Super Kings,Dhruv Jurel,YBK Jaiswal,J Overton,4,0,0,0,0,0,0,,,,
1527676,2026,2026-03-30,"Barsapara Cricket Stadium, Guwahati",2,46,Rajasthan Royals,Chennai Super Kings,Dhruv Jurel,YBK Jaiswal,J Overton,4,0,0,0,0,0,0,,,,
1527676,2026,2026-03-30,"Barsapara Cricket Stadium, Guwahati",2,47,Rajasthan Royals,Chennai Super Kings,Dhruv Jurel,YBK Jaiswal,J Overton,1,0,0,0,0,0,0,,,,
1527676,2026,2026-03-30,"Barsapara Cricket Stadium, Guwahati",2,48,Rajasthan Royals,Chennai Super Kings,YBK Jaiswal,Dhruv Jurel,J Overton,4,0,0,0,0,0,0,,,,
1527676,2026,2026-03-30,"Barsapara Cricket Stadium, Guwahati",2,49,Rajasthan Royals,Chennai Super Kings,Dhruv Jurel,YBK Jaiswal,A Kamboj,4,0,0,0,0,0,0,,,,
1527676,2026,2026-03-30,"Barsapara Cricket Stadium, Guwahati",2,50,Rajasthan Royals,Chennai Super Kings,Dhruv Jurel,YBK Jaiswal,A Kamboj,4,0,0,0,0,0,0,,,,
1527676,2026,2026-03-30,"Barsapara Cricket Stadium, Guwahati",2,51,Rajasthan Royals,Chennai Super Kings,Dhruv Jurel,YBK Jaiswal,A Kamboj,0,0,0,0,0,0,0,bowled,Dhruv Jurel,,
1527676,2026,2026-03-30,"Barsapara Cricket Stadium, Guwahati",2,52,Rajasthan Royals,Chennai Super Kings,R Parag,YBK Jaiswal,A Kamboj,1,0,0,0,0,0,0,,,,
1527676,2026,2026-03-30,"Barsapara Cricket Stadium, Guwahati",2,53,Rajasthan Royals,Chennai Super Kings,YBK Jaiswal,R Parag,A Kamboj,0,0,0,0,0,0,0,,,,
1527676,2026,2026-03-30,"Barsapara Cricket Stadium, Guwahati",2,54,Rajasthan Royals,Chennai Super Kings,YBK Jaiswal,R Parag,A Kamboj,0,0,0,0,0,0,0,,,,
1527676,2026,2026-03-30,"Barsapara Cricket Stadium, Guwahati",2,55,Rajasthan Royals,Chennai Super Kings,R Parag,YBK Jaiswal,KK Ahmed,1,0,0,0,0,0,0,,,,
1527676,2026,2026-03-30,"Barsapara Cricket Stadium, Guwahati",2,56,Rajasthan Royals,Chennai Super Kings,YBK Jaiswal,R Parag,KK Ahmed,1,0,0,0,0,0,0,,,,
1527676,2026,2026-03-30,"Barsapara Cricket Stadium, Guwahati",2,57,Rajasthan Royals,Chennai Super Kings,R Parag,YBK Jaiswal,KK Ahmed,0,0,0,0,0,0,0,,,,
1527676,2026,2026-03-30,"Barsapara Cricket Stadium, Guwahati",2,58,Rajasthan Royals,Chennai Super Kings,R Parag,YBK Jaiswal,KK Ahmed,0,0,0,0,0,0,0,,,,
1527676,2026,2026-03-30,"Barsapara Cricket Stadium, Guwahati",2,59,Rajasthan Royals,Chennai Super Kings,R Parag,YBK Jaiswal,KK Ahmed,4,0,0,0,0,0,0,,,,
1527676,2026,2026-03-30,"Barsapara Cricket Stadium, Guwahati",2,60,Rajasthan Royals,Chennai Super Kings,R Parag,YBK Jaiswal,KK Ahmed,0,0,0,0,0,0,0,,,,
1527676,2026,2026-03-30,"Barsapara Cricket Stadium, Guwahati",2,61,Rajasthan Royals,Chennai Super Kings,YBK Jaiswal,R Parag,Noor Ahmad,1,0,0,0,0,0,0,,,,
1527676,2026,2026-03-30,"Barsapara Cricket Stadium, Guwahati",2,62,Rajasthan Royals,Chennai Super Kings,R Parag,YBK Jaiswal,Noor Ahmad,1,0,0,0,0,0,0,,,,
1527676,2026,2026-03-30,"Barsapara Cricket Stadium, Guwahati",2,63,Rajasthan Royals,Chennai Super Kings,YBK Jaiswal,R Parag,Noor Ahmad,0,0,0,0,0,0,0,,,,
1527676,2026,2026-03-30,"Barsapara Cricket Stadium, Guwahati",2,64,Rajasthan Royals,Chennai Super Kings,YBK Jaiswal,R Parag,Noor Ahmad,1,0,0,0,0,0,0,,,,
1527676,2026,2026-03-30,"Barsapara Cricket Stadium, Guwahati",2,65,Rajasthan Royals,Chennai Super Kings,R Parag,YBK Jaiswal,Noor Ahmad,0,0,0,0,0,0,0,,,,
1527676,2026,2026-03-30,"Barsapara Cricket Stadium, Guwahati",2,66,Rajasthan Royals,Chennai Super Kings,R Parag,YBK Jaiswal,Noor Ahmad,6,0,0,0,0,0,0,,,,
1527676,2026,2026-03-30,"Barsapara Cricket Stadium, Guwahati",2,67,Rajasthan Royals,Chennai Super Kings,YBK Jaiswal,R Parag,MJ Henry,6,0,0,0,0,0,0,,,,
1527676,2026,2026-03-30,"Barsapara Cricket Stadium, Guwahati",2,68,Rajasthan Royals,Chennai Super Kings,YBK Jaiswal,R Parag,MJ Henry,2,0,0,0,0,0,0,,,,
1527676,2026,2026-03-30,"Barsapara Cricket Stadium, Guwahati",2,69,Rajasthan Royals,Chennai Super Kings,YBK Jaiswal,R Parag,MJ Henry,1,0,0,0,0,0,0,,,,
1527676,2026,2026-03-30,"Barsapara Cricket Stadium, Guwahati",2,70,Rajasthan Royals,Chennai Super Kings,R Parag,YBK Jaiswal,MJ Henry,1,0,0,0,0,0,0,,,,
1527676,2026,2026-03-30,"Barsapara Cricket Stadium, Guwahati",2,71,Rajasthan Royals,Chennai Super Kings,YBK Jaiswal,R Parag,MJ Henry,1,0,0,0,0,0,0,,,,
1527676,2026,2026-03-30,"Barsapara Cricket Stadium, Guwahati",2,72,Rajasthan Royals,Chennai Super Kings,R Parag,YBK Jaiswal,MJ Henry,0,1,1,0,0,0,0,,,,
1527676,2026,2026-03-30,"Barsapara Cricket Stadium, Guwahati",2,73,Rajasthan Royals,Chennai Super Kings,R Parag,YBK Jaiswal,MJ Henry,0,0,0,0,0,0,0,,,,
1527676,2026,2026-03-30,"Barsapara Cricket Stadium, Guwahati",2,73,Rajasthan Royals,Chennai Super Kings,YBK Jaiswal,R Parag,MW Short,1,0,0,0,0,0,0,,,,
1527677,2026,2026-03-31,"Maharaja Yadavindra Singh International Cricket Stadium, New Chandigarh",1,1,Gujarat Titans,Punjab Kings,B Sai Sudharsan,Shubman Gill,Arshdeep Singh,1,0,0,0,0,0,0,,,,
1527677,2026,2026-03-31,"Maharaja Yadavindra Singh International Cricket Stadium, New Chandigarh",1,2,Gujarat Titans,Punjab Kings,Shubman Gill,B Sai Sudharsan,Arshdeep Singh,1,0,0,0,0,0,0,,,,
1527677,2026,2026-03-31,"Maharaja Yadavindra Singh International Cricket Stadium, New Chandigarh",1,3,Gujarat Titans,Punjab Kings,B Sai Sudharsan,Shubman Gill,Arshdeep Singh,0,1,1,0,0,0,0,,,,
1527677,2026,2026-03-31,"Maharaja Yadavindra Singh International Cricket Stadium, New Chandigarh",1,4,Gujarat Titans,Punjab Kings,B Sai Sudharsan,Shubman Gill,Arshdeep Singh,4,0,0,0,0,0,0,,,,
1527677,2026,2026-03-31,"Maharaja Yadavindra Singh International Cricket Stadium, New Chandigarh",1,5,Gujarat Titans,Punjab Kings,B Sai Sudharsan,Shubman Gill,Arshdeep Singh,0,0,0,0,0,0,0,,,,
1527677,2026,2026-03-31,"Maharaja Yadavindra Singh International Cricket Stadium, New Chandigarh",1,6,Gujarat Titans,Punjab Kings,B Sai Sudharsan,Shubman Gill,Arshdeep Singh,1,0,0,0,0,0,0,,,,
1527677,2026,2026-03-31,"Maharaja Yadavindra Singh International Cricket Stadium, New Chandigarh",1,7,Gujarat Titans,Punjab Kings,Shubman Gill,B Sai Sudharsan,Arshdeep Singh,1,0,0,0,0,0,0,,,,
1527677,2026,2026-03-31,"Maharaja Yadavindra Singh International Cricket Stadium, New Chandigarh",1,7,Gujarat Titans,Punjab Kings,Shubman Gill,B Sai Sudharsan,XC Bartlett,0,0,0,0,0,0,0,,,,
1527677,2026,2026-03-31,"Maharaja Yadavindra Singh International Cricket Stadium, New Chandigarh",1,8,Gujarat Titans,Punjab Kings,Shubman Gill,B Sai Sudharsan,XC Bartlett,4,0,0,0,0,0,0,,,,
1527677,2026,2026-03-31,"Maharaja Yadavindra Singh International Cricket Stadium, New Chandigarh",1,9,Gujarat Titans,Punjab Kings,Shubman Gill,B Sai Sudharsan,XC Bartlett,4,0,0,0,0,0,0,,,,
1527677,2026,2026-03-31,"Maharaja Yadavindra Singh International Cricket Stadium, New Chandigarh",1,10,Gujarat Titans,Punjab Kings,Shubman Gill,B Sai Sudharsan,XC Bartlett,1,0,0,0,0,0,0,,,,
1527677,2026,2026-03-31,"Maharaja Yadavindra Singh International Cricket Stadium, New Chandigarh",1,11,Gujarat Titans,Punjab Kings,B Sai Sudharsan,Shubman Gill,XC Bartlett,1,0,0,0,0,0,0,,,,
1527677,2026,2026-03-31,"Maharaja Yadavindra Singh International Cricket Stadium, New Chandigarh",1,12,Gujarat Titans,Punjab Kings,Shubman Gill,B Sai Sudharsan,XC Bartlett,4,0,0,0,0,0,0,,,,
1527677,2026,2026-03-31,"Maharaja Yadavindra Singh International Cricket Stadium, New Chandigarh",1,13,Gujarat Titans,Punjab Kings,B Sai Sudharsan,Shubman Gill,Arshdeep Singh,4,0,0,0,0,0,0,,,,
1527677,2026,2026-03-31,"Maharaja Yadavindra Singh International Cricket Stadium, New Chandigarh",1,14,Gujarat Titans,Punjab Kings,B Sai Sudharsan,Shubman Gill,Arshdeep Singh,0,0,0,0,0,0,0,,,,
1527677,2026,2026-03-31,"Maharaja Yadavindra Singh International Cricket Stadium, New Chandigarh",1,15,Gujarat Titans,Punjab Kings,B Sai Sudharsan,Shubman Gill,Arshdeep Singh,1,0,0,0,0,0,0,,,,
1527677,2026,2026-03-31,"Maharaja Yadavindra Singh International Cricket Stadium, New Chandigarh",1,16,Gujarat Titans,Punjab Kings,Shubman Gill,B Sai Sudharsan,Arshdeep Singh,0,1,1,0,0,0,0,,,,
1527677,2026,2026-03-31,"Maharaja Yadavindra Singh International Cricket Stadium, New Chandigarh",1,17,Gujarat Titans,Punjab Kings,Shubman Gill,B Sai Sudharsan,Arshdeep Singh,4,0,0,0,0,0,0,,,,
1527677,2026,2026-03-31,"Maharaja Yadavindra Singh International Cricket Stadium, New Chandigarh",1,18,Gujarat Titans,Punjab Kings,Shubman Gill,B Sai Sudharsan,Arshdeep Singh,0,0,0,0,0,0,0,,,,
1527677,2026,2026-03-31,"Maharaja Yadavindra Singh International Cricket Stadium, New Chandigarh",1,19,Gujarat Titans,Punjab Kings,Shubman Gill,B Sai Sudharsan,Arshdeep Singh,2,0,0,0,0,0,0,,,,
1527677,2026,2026-03-31,"Maharaja Yadavindra Singh International Cricket Stadium, New Chandigarh",1,19,Gujarat Titans,Punjab Kings,B Sai Sudharsan,Shubman Gill,M Jansen,1,0,0,0,0,0,0,,,,
1527677,2026,2026-03-31,"Maharaja Yadavindra Singh International Cricket Stadium, New Chandigarh",1,20,Gujarat Titans,Punjab Kings,Shubman Gill,B Sai Sudharsan,M Jansen,1,0,0,0,0,0,0,,,,
1527677,2026,2026-03-31,"Maharaja Yadavindra Singh International Cricket Stadium, New Chandigarh",1,21,Gujarat Titans,Punjab Kings,B Sai Sudharsan,Shubman Gill,M Jansen,0,0,0,0,0,0,0,,,,
1527677,2026,2026-03-31,"Maharaja Yadavindra Singh International Cricket Stadium, New Chandigarh",1,22,Gujarat Titans,Punjab Kings,B Sai Sudharsan,Shubman Gill,M Jansen,0,0,0,0,0,0,0,caught,B Sai Sudharsan,{'name': 'SS Iyer'},
1527677,2026,2026-03-31,"Maharaja Yadavindra Singh International Cricket Stadium, New Chandigarh",1,23,Gujarat Titans,Punjab Kings,JC Buttler,Shubman Gill,M Jansen,0,0,0,0,0,0,0,,,,
1527677,2026,2026-03-31,"Maharaja Yadavindra Singh International Cricket Stadium, New Chandigarh",1,24,Gujarat Titans,Punjab Kings,JC Buttler,Shubman Gill,M Jansen,0,0,0,0,0,0,0,,,,
1527677,2026,2026-03-31,"Maharaja Yadavindra Singh International Cricket Stadium, New Chandigarh",1,25,Gujarat Titans,Punjab Kings,Shubman Gill,JC Buttler,Vijaykumar Vyshak,0,0,0,0,0,0,0,,,,
1527677,2026,2026-03-31,"Maharaja Yadavindra Singh International Cricket Stadium, New Chandigarh",1,26,Gujarat Titans,Punjab Kings,Shubman Gill,JC Buttler,Vijaykumar Vyshak,1,0,0,0,0,0,0,,,,
1527677,2026,2026-03-31,"Maharaja Yadavindra Singh International Cricket Stadium, New Chandigarh",1,27,Gujarat Titans,Punjab Kings,JC Buttler,Shubman Gill,Vijaykumar Vyshak,4,0,0,0,0,0,0,,,,
1527677,2026,2026-03-31,"Maharaja Yadavindra Singh International Cricket Stadium, New Chandigarh",1,28,Gujarat Titans,Punjab Kings,JC Buttler,Shubman Gill,Vijaykumar Vyshak,1,0,0,0,0,0,0,,,,
1527677,2026,2026-03-31,"Maharaja Yadavindra Singh International Cricket Stadium, New Chandigarh",1,29,Gujarat Titans,Punjab Kings,Shubman Gill,JC Buttler,Vijaykumar Vyshak,0,0,0,0,0,0,0,,,,
1527677,2026,2026-03-31,"Maharaja Yadavindra Singh International Cricket Stadium, New Chandigarh",1,30,Gujarat Titans,Punjab Kings,Shubman Gill,JC Buttler,Vijaykumar Vyshak,4,0,0,0,0,0,0,,,,
1527677,2026,2026-03-31,"Maharaja Yadavindra Singh International Cricket Stadium, New Chandigarh",1,31,Gujarat Titans,Punjab Kings,JC Buttler,Shubman Gill,M Jansen,1,0,0,0,0,0,0,,,,
1527677,2026,2026-03-31,"Maharaja Yadavindra Singh International Cricket Stadium, New Chandigarh",1,32,Gujarat Titans,Punjab Kings,Shubman Gill,JC Buttler,M Jansen,1,0,0,0,0,0,0,,,,
1527677,2026,2026-03-31,"Maharaja Yadavindra Singh International Cricket Stadium, New Chandigarh",1,33,Gujarat Titans,Punjab Kings,JC Buttler,Shubman Gill,M Jansen,0,0,0,0,0,0,0,,,,
1527677,2026,2026-03-31,"Maharaja Yadavindra Singh International Cricket Stadium, New Chandigarh",1,34,Gujarat Titans,Punjab Kings,JC Buttler,Shubman Gill,M Jansen,4,0,0,0,0,0,0,,,,
1527677,2026,2026-03-31,"Maharaja Yadavindra Singh International Cricket Stadium, New Chandigarh",1,35,Gujarat Titans,Punjab Kings,JC Buttler,Shubman Gill,M Jansen,0,0,0,0,0,0,0,,,,
1527677,2026,2026-03-31,"Maharaja Yadavindra Singh International Cricket Stadium, New Chandigarh",1,36,Gujarat Titans,Punjab Kings,JC Buttler,Shubman Gill,M Jansen,1,0,0,0,0,0,0,,,,
1527677,2026,2026-03-31,"Maharaja Yadavindra Singh International Cricket Stadium, New Chandigarh",1,37,Gujarat Titans,Punjab Kings,JC Buttler,Shubman Gill,Vijaykumar Vyshak,1,0,0,0,0,0,0,,,,
1527677,2026,2026-03-31,"Maharaja Yadavindra Singh International Cricket Stadium, New Chandigarh",1,38,Gujarat Titans,Punjab Kings,Shubman Gill,JC Buttler,Vijaykumar Vyshak,1,0,0,0,0,0,0,,,,
1527677,2026,2026-03-31,"Maharaja Yadavindra Singh International Cricket Stadium, New Chandigarh",1,39,Gujarat Titans,Punjab Kings,JC Buttler,Shubman Gill,Vijaykumar Vyshak,6,0,0,0,0,0,0,,,,
1527677,2026,2026-03-31,"Maharaja Yadavindra Singh International Cricket Stadium, New Chandigarh",1,40,Gujarat Titans,Punjab Kings,JC Buttler,Shubman Gill,Vijaykumar Vyshak,0,1,0,0,0,1,0,,,,
1527677,2026,2026-03-31,"Maharaja Yadavindra Singh International Cricket Stadium, New Chandigarh",1,41,Gujarat Titans,Punjab Kings,Shubman Gill,JC Buttler,Vijaykumar Vyshak,0,0,0,0,0,0,0,,,,
1527677,2026,2026-03-31,"Maharaja Yadavindra Singh International Cricket Stadium, New Chandigarh",1,42,Gujarat Titans,Punjab Kings,Shubman Gill,JC Buttler,Vijaykumar Vyshak,2,0,0,0,0,0,0,,,,
1527677,2026,2026-03-31,"Maharaja Yadavindra Singh International Cricket Stadium, New Chandigarh",1,43,Gujarat Titans,Punjab Kings,JC Buttler,Shubman Gill,YS Chahal,1,0,0,0,0,0,0,,,,
1527677,2026,2026-03-31,"Maharaja Yadavindra Singh International Cricket Stadium, New Chandigarh",1,44,Gujarat Titans,Punjab Kings,Shubman Gill,JC Buttler,YS Chahal,0,0,0,0,0,0,0,,,,
1527677,2026,2026-03-31,"Maharaja Yadavindra Singh International Cricket Stadium, New Chandigarh",1,45,Gujarat Titans,Punjab Kings,Shubman Gill,JC Buttler,YS Chahal,0,1,0,0,0,1,0,,,,
1527677,2026,2026-03-31,"Maharaja Yadavindra Singh International Cricket Stadium, New Chandigarh",1,46,Gujarat Titans,Punjab Kings,JC Buttler,Shubman Gill,YS Chahal,1,0,0,0,0,0,0,,,,
1527677,2026,2026-03-31,"Maharaja Yadavindra Singh International Cricket Stadium, New Chandigarh",1,47,Gujarat Titans,Punjab Kings,Shubman Gill,JC Buttler,YS Chahal,1,0,0,0,0,0,0,,,,
1527677,2026,2026-03-31,"Maharaja Yadavindra Singh International Cricket Stadium, New Chandigarh",1,48,Gujarat Titans,Punjab Kings,JC Buttler,Shubman Gill,YS Chahal,1,0,0,0,0,0,0,,,,
1527677,2026,2026-03-31,"Maharaja Yadavindra Singh International Cricket Stadium, New Chandigarh",1,49,Gujarat Titans,Punjab Kings,JC Buttler,Shubman Gill,XC Bartlett,0,0,0,0,0,0,0,,,,
1527677,2026,2026-03-31,"Maharaja Yadavindra Singh International Cricket Stadium, New Chandigarh",1,50,Gujarat Titans,Punjab Kings,JC Buttler,Shubman Gill,XC Bartlett,0,0,0,0,0,0,0,,,,
1527677,2026,2026-03-31,"Maharaja Yadavindra Singh International Cricket Stadium, New Chandigarh",1,51,Gujarat Titans,Punjab Kings,JC Buttler,Shubman Gill,XC Bartlett,1,0,0,0,0,0,0,,,,
1527677,2026,2026-03-31,"Maharaja Yadavindra Singh International Cricket Stadium, New Chandigarh",1,52,Gujarat Titans,Punjab Kings,Shubman Gill,JC Buttler,XC Bartlett,0,0,0,0,0,0,0,,,,
1527677,2026,2026-03-31,"Maharaja Yadavindra Singh International Cricket Stadium, New Chandigarh",1,53,Gujarat Titans,Punjab Kings,Shubman Gill,JC Buttler,XC Bartlett,1,0,0,0,0,0,0,,,,
1527677,2026,2026-03-31,"Maharaja Yadavindra Singh International Cricket Stadium, New Chandigarh",1,54,Gujarat Titans,Punjab Kings,JC Buttler,Shubman Gill,XC Bartlett,4,0,0,0,0,0,0,,,,
1527677,2026,2026-03-31,"Maharaja Yadavindra Singh International Cricket Stadium, New Chandigarh",1,55,Gujarat Titans,Punjab Kings,Shubman Gill,JC Buttler,YS Chahal,0,1,1,0,0,0,0,,,,
1527677,2026,2026-03-31,"Maharaja Yadavindra Singh International Cricket Stadium, New Chandigarh",1,56,Gujarat Titans,Punjab Kings,Shubman Gill,JC Buttler,YS Chahal,4,0,0,0,0,0,0,,,,
1527677,2026,2026-03-31,"Maharaja Yadavindra Singh International Cricket Stadium, New Chandigarh",1,57,Gujarat Titans,Punjab Kings,Shubman Gill,JC Buttler,YS Chahal,2,0,0,0,0,0,0,,,,
1527677,2026,2026-03-31,"Maharaja Yadavindra Singh International Cricket Stadium, New Chandigarh",1,58,Gujarat Titans,Punjab Kings,Shubman Gill,JC Buttler,YS Chahal,0,0,0,0,0,0,0,caught,Shubman Gill,{'name': 'C Connolly'},
1527677,2026,2026-03-31,"Maharaja Yadavindra Singh International Cricket Stadium, New Chandigarh",1,59,Gujarat Titans,Punjab Kings,GD Phillips,JC Buttler,YS Chahal,0,0,0,0,0,0,0,,,,
1527677,2026,2026-03-31,"Maharaja Yadavindra Singh International Cricket Stadium, New Chandigarh",1,60,Gujarat Titans,Punjab Kings,GD Phillips,JC Buttler,YS Chahal,1,0,0,0,0,0,0,,,,
1527677,2026,2026-03-31,"Maharaja Yadavindra Singh International Cricket Stadium, New Chandigarh",1,61,Gujarat Titans,Punjab Kings,JC Buttler,GD Phillips,YS Chahal,0,0,0,0,0,0,0,,,,
1527677,2026,2026-03-31,"Maharaja Yadavindra Singh International Cricket Stadium, New Chandigarh",1,61,Gujarat Titans,Punjab Kings,GD Phillips,JC Buttler,M Jansen,1,0,0,0,0,0,0,,,,
1527677,2026,2026-03-31,"Maharaja Yadavindra Singh International Cricket Stadium, New Chandigarh",1,62,Gujarat Titans,Punjab Kings,JC Buttler,GD Phillips,M Jansen,1,0,0,0,0,0,0,,,,
1527677,2026,2026-03-31,"Maharaja Yadavindra Singh International Cricket Stadium, New Chandigarh",1,63,Gujarat Titans,Punjab Kings,GD Phillips,JC Buttler,M Jansen,1,0,0,0,0,0,0,,,,
1527677,2026,2026-03-31,"Maharaja Yadavindra Singh International Cricket Stadium, New Chandigarh",1,64,Gujarat Titans,Punjab Kings,JC Buttler,GD Phillips,M Jansen,1,0,0,0,0,0,0,,,,
1527677,2026,2026-03-31,"Maharaja Yadavindra Singh International Cricket Stadium, New Chandigarh",1,65,Gujarat Titans,Punjab Kings,GD Phillips,JC Buttler,M Jansen,1,0,0,0,0,0,0,,,,
1527677,2026,2026-03-31,"Maharaja Yadavindra Singh International Cricket Stadium, New Chandigarh",1,66,Gujarat Titans,Punjab Kings,JC Buttler,GD Phillips,M Jansen,0,0,0,0,0,0,0,,,,
1527677,2026,2026-03-31,"Maharaja Yadavindra Singh International Cricket Stadium, New Chandigarh",1,67,Gujarat Titans,Punjab Kings,GD Phillips,JC Buttler,YS Chahal,6,0,0,0,0,0,0,,,,
1527677,2026,2026-03-31,"Maharaja Yadavindra Singh International Cricket Stadium, New Chandigarh",1,68,Gujarat Titans,Punjab Kings,GD Phillips,JC Buttler,YS Chahal,1,0,0,0,0,0,0,,,,
1527677,2026,2026-03-31,"Maharaja Yadavindra Singh International Cricket Stadium, New Chandigarh",1,69,Gujarat Titans,Punjab Kings,JC Buttler,GD Phillips,YS Chahal,0,0,0,0,0,0,0,,,,
1527677,2026,2026-03-31,"Maharaja Yadavindra Singh International Cricket Stadium, New Chandigarh",1,70,Gujarat Titans,Punjab Kings,JC Buttler,GD Phillips,YS Chahal,1,0,0,0,0,0,0,,,,
1527677,2026,2026-03-31,"Maharaja Yadavindra Singh International Cricket Stadium, New Chandigarh",1,71,Gujarat Titans,Punjab Kings,GD Phillips,JC Buttler,YS Chahal,4,0,0,0,0,0,0,,,,
1527677,2026,2026-03-31,"Maharaja Yadavindra Singh International Cricket Stadium, New Chandigarh",1,72,Gujarat Titans,Punjab Kings,GD Phillips,JC Buttler,YS Chahal,1,0,0,0,0,0,0,,,,
1527677,2026,2026-03-31,"Maharaja Yadavindra Singh International Cricket Stadium, New Chandigarh",1,73,Gujarat Titans,Punjab Kings,GD Phillips,JC Buttler,XC Bartlett,1,0,0,0,0,0,0,,,,
1527677,2026,2026-03-31,"Maharaja Yadavindra Singh International Cricket Stadium, New Chandigarh",1,74,Gujarat Titans,Punjab Kings,JC Buttler,GD Phillips,XC Bartlett,0,0,0,0,0,0,0,,,,
1527677,2026,2026-03-31,"Maharaja Yadavindra Singh International Cricket Stadium, New Chandigarh",1,75,Gujarat Titans,Punjab Kings,JC Buttler,GD Phillips,XC Bartlett,6,0,0,0,0,0,0,,,,
1527677,2026,2026-03-31,"Maharaja Yadavindra Singh International Cricket Stadium, New Chandigarh",1,76,Gujarat Titans,Punjab Kings,JC Buttler,GD Phillips,XC Bartlett,1,0,0,0,0,0,0,,,,
1527677,2026,2026-03-31,"Maharaja Yadavindra Singh International Cricket Stadium, New Chandigarh",1,77,Gujarat Titans,Punjab Kings,GD Phillips,JC Buttler,XC Bartlett,0,0,0,0,0,0,0,,,,
1527677,2026,2026-03-31,"Maharaja Yadavindra Singh International Cricket Stadium, New Chandigarh",1,78,Gujarat Titans,Punjab Kings,GD Phillips,JC Buttler,XC Bartlett,1,0,0,0,0,0,0,,,,
1527677,2026,2026-03-31,"Maharaja Yadavindra Singh International Cricket Stadium, New Chandigarh",1,79,Gujarat Titans,Punjab Kings,GD Phillips,JC Buttler,Vijaykumar Vyshak,1,0,0,0,0,0,0,,,,
1527677,2026,2026-03-31,"Maharaja Yadavindra Singh International Cricket Stadium, New Chandigarh",1,80,Gujarat Titans,Punjab Kings,JC Buttler,GD Phillips,Vijaykumar Vyshak,1,0,0,0,0,0,0,,,,
1527677,2026,2026-03-31,"Maharaja Yadavindra Singh International Cricket Stadium, New Chandigarh",1,81,Gujarat Titans,Punjab Kings,GD Phillips,JC Buttler,Vijaykumar Vyshak,2,0,0,0,0,0,0,,,,
1527677,2026,2026-03-31,"Maharaja Yadavindra Singh International Cricket Stadium, New Chandigarh",1,82,Gujarat Titans,Punjab Kings,GD Phillips,JC Buttler,Vijaykumar Vyshak,2,0,0,0,0,0,0,,,,
1527677,2026,2026-03-31,"Maharaja Yadavindra Singh International Cricket Stadium, New Chandigarh",1,83,Gujarat Titans,Punjab Kings,GD Phillips,JC Buttler,Vijaykumar Vyshak,2,0,0,0,0,0,0,,,,
1527677,2026,2026-03-31,"Maharaja Yadavindra Singh International Cricket Stadium, New Chandigarh",1,84,Gujarat Titans,Punjab Kings,GD Phillips,JC Buttler,Vijaykumar Vyshak,0,0,0,0,0,0,0,caught,GD Phillips,{'name': 'M Jansen'},
1527677,2026,2026-03-31,"Maharaja Yadavindra Singh International Cricket Stadium, New Chandigarh",1,85,Gujarat Titans,Punjab Kings,JC Buttler,Washington Sundar,Arshdeep Singh,1,0,0,0,0,0,0,,,,
1527677,2026,2026-03-31,"Maharaja Yadavindra Singh International Cricket Stadium, New Chandigarh",1,86,Gujarat Titans,Punjab Kings,Washington Sundar,JC Buttler,Arshdeep Singh,2,0,0,0,0,0,0,,,,
1527677,2026,2026-03-31,"Maharaja Yadavindra Singh International Cricket Stadium, New Chandigarh",1,87,Gujarat Titans,Punjab Kings,Washington Sundar,JC Buttler,Arshdeep Singh,4,0,0,0,0,0,0,,,,
1527677,2026,2026-03-31,"Maharaja Yadavindra Singh International Cricket Stadium, New Chandigarh",1,88,Gujarat Titans,Punjab Kings,Washington Sundar,JC Buttler,Arshdeep Singh,0,0,0,0,0,0,0,,,,
1527677,2026,2026-03-31,"Maharaja Yadavindra Singh International Cricket Stadium, New Chandigarh",1,89,Gujarat Titans,Punjab Kings,Washington Sundar,JC Buttler,Arshdeep Singh,0,0,0,0,0,0,0,,,,
1527677,2026,2026-03-31,"Maharaja Yadavindra Singh International Cricket Stadium, New Chandigarh",1,90,Gujarat Titans,Punjab Kings,Washington Sundar,JC Buttler,Arshdeep Singh,0,1,1,0,0,0,0,,,,
1527677,2026,2026-03-31,"Maharaja Yadavindra Singh International Cricket Stadium, New Chandigarh",1,91,Gujarat Titans,Punjab Kings,Washington Sundar,JC Buttler,Arshdeep Singh,1,0,0,0,0,0,0,,,,
1527677,2026,2026-03-31,"Maharaja Yadavindra Singh International Cricket Stadium, New Chandigarh",1,91,Gujarat Titans,Punjab Kings,Washington Sundar,JC Buttler,YS Chahal,1,0,0,0,0,0,0,,,,
1527677,2026,2026-03-31,"Maharaja Yadavindra Singh International Cricket Stadium, New Chandigarh",1,92,Gujarat Titans,Punjab Kings,JC Buttler,Washington Sundar,YS Chahal,0,0,0,0,0,0,0,,,,
1527677,2026,2026-03-31,"Maharaja Yadavindra Singh International Cricket Stadium, New Chandigarh",1,93,Gujarat Titans,Punjab Kings,JC Buttler,Washington Sundar,YS Chahal,0,0,0,0,0,0,0,,,,
1527677,2026,2026-03-31,"Maharaja Yadavindra Singh International Cricket Stadium, New Chandigarh",1,94,Gujarat Titans,Punjab Kings,JC Buttler,Washington Sundar,YS Chahal,0,0,0,0,0,0,0,caught,JC Buttler,{'name': 'XC Bartlett'},
1527677,2026,2026-03-31,"Maharaja Yadavindra Singh International Cricket Stadium, New Chandigarh",1,95,Gujarat Titans,Punjab Kings,M Shahrukh Khan,Washington Sundar,YS Chahal,1,0,0,0,0,0,0,,,,
1527677,2026,2026-03-31,"Maharaja Yadavindra Singh International Cricket Stadium, New Chandigarh",1,96,Gujarat Titans,Punjab Kings,Washington Sundar,M Shahrukh Khan,YS Chahal,1,0,0,0,0,0,0,,,,
1527677,2026,2026-03-31,"Maharaja Yadavindra Singh International Cricket Stadium, New Chandigarh",1,97,Gujarat Titans,Punjab Kings,Washington Sundar,M Shahrukh Khan,M Jansen,1,0,0,0,0,0,0,,,,
1527677,2026,2026-03-31,"Maharaja Yadavindra Singh International Cricket Stadium, New Chandigarh",1,98,Gujarat Titans,Punjab Kings,M Shahrukh Khan,Washington Sundar,M Jansen,1,0,0,0,0,0,0,,,,
1527677,2026,2026-03-31,"Maharaja Yadavindra Singh International Cricket Stadium, New Chandigarh",1,99,Gujarat Titans,Punjab Kings,Washington Sundar,M Shahrukh Khan,M Jansen,1,0,0,0,0,0,0,,,,
1527677,2026,2026-03-31,"Maharaja Yadavindra Singh International Cricket Stadium, New Chandigarh",1,100,Gujarat Titans,Punjab Kings,M Shahrukh Khan,Washington Sundar,M Jansen,1,0,0,0,0,0,0,,,,
1527677,2026,2026-03-31,"Maharaja Yadavindra Singh International Cricket Stadium, New Chandigarh",1,101,Gujarat Titans,Punjab Kings,Washington Sundar,M Shahrukh Khan,M Jansen,0,0,0,0,0,0,0,,,,
1527677,2026,2026-03-31,"Maharaja Yadavindra Singh International Cricket Stadium, New Chandigarh",1,102,Gujarat Titans,Punjab Kings,Washington Sundar,M Shahrukh Khan,M Jansen,2,0,0,0,0,0,0,,,,
1527677,2026,2026-03-31,"Maharaja Yadavindra Singh International Cricket Stadium, New Chandigarh",1,103,Gujarat Titans,Punjab Kings,M Shahrukh Khan,Washington Sundar,XC Bartlett,1,0,0,0,0,0,0,,,,
1527677,2026,2026-03-31,"Maharaja Yadavindra Singh International Cricket Stadium, New Chandigarh",1,104,Gujarat Titans,Punjab Kings,Washington Sundar,M Shahrukh Khan,XC Bartlett,0,1,1,0,0,0,0,,,,
1527677,2026,2026-03-31,"Maharaja Yadavindra Singh International Cricket Stadium, New Chandigarh",1,105,Gujarat Titans,Punjab Kings,Washington Sundar,M Shahrukh Khan,XC Bartlett,0,0,0,0,0,0,0,,,,
1527677,2026,2026-03-31,"Maharaja Yadavindra Singh International Cricket Stadium, New Chandigarh",1,106,Gujarat Titans,Punjab Kings,Washington Sundar,M Shahrukh Khan,XC Bartlett,0,0,0,0,0,0,0,,,,
1527677,2026,2026-03-31,"Maharaja Yadavindra Singh International Cricket Stadium, New Chandigarh",1,107,Gujarat Titans,Punjab Kings,Washington Sundar,M Shahrukh Khan,XC Bartlett,4,0,0,0,0,0,0,,,,
1527677,2026,2026-03-31,"Maharaja Yadavindra Singh International Cricket Stadium, New Chandigarh",1,108,Gujarat Titans,Punjab Kings,Washington Sundar,M Shahrukh Khan,XC Bartlett,1,0,0,0,0,0,0,,,,
1527677,2026,2026-03-31,"Maharaja Yadavindra Singh International Cricket Stadium, New Chandigarh",1,109,Gujarat Titans,Punjab Kings,M Shahrukh Khan,Washington Sundar,XC Bartlett,0,0,0,0,0,0,0,,,,
1527677,2026,2026-03-31,"Maharaja Yadavindra Singh International Cricket Stadium, New Chandigarh",1,109,Gujarat Titans,Punjab Kings,Washington Sundar,M Shahrukh Khan,Vijaykumar Vyshak,0,0,0,0,0,0,0,caught,Washington Sundar,{'name': 'Arshdeep Singh'},
1527677,2026,2026-03-31,"Maharaja Yadavindra Singh International Cricket Stadium, New Chandigarh",1,110,Gujarat Titans,Punjab Kings,R Tewatia,M Shahrukh Khan,Vijaykumar Vyshak,0,0,0,0,0,0,0,,,,
1527677,2026,2026-03-31,"Maharaja Yadavindra Singh International Cricket Stadium, New Chandigarh",1,111,Gujarat Titans,Punjab Kings,R Tewatia,M Shahrukh Khan,Vijaykumar Vyshak,2,0,0,0,0,0,0,,,,
1527677,2026,2026-03-31,"Maharaja Yadavindra Singh International Cricket Stadium, New Chandigarh",1,112,Gujarat Titans,Punjab Kings,R Tewatia,M Shahrukh Khan,Vijaykumar Vyshak,2,0,0,0,0,0,0,,,,
1527677,2026,2026-03-31,"Maharaja Yadavindra Singh International Cricket Stadium, New Chandigarh",1,113,Gujarat Titans,Punjab Kings,R Tewatia,M Shahrukh Khan,Vijaykumar Vyshak,0,1,1,0,0,0,0,,,,
1527677,2026,2026-03-31,"Maharaja Yadavindra Singh International Cricket Stadium, New Chandigarh",1,114,Gujarat Titans,Punjab Kings,R Tewatia,M Shahrukh Khan,Vijaykumar Vyshak,1,0,0,0,0,0,0,,,,
1527677,2026,2026-03-31,"Maharaja Yadavindra Singh International Cricket Stadium, New Chandigarh",1,115,Gujarat Titans,Punjab Kings,M Shahrukh Khan,R Tewatia,Vijaykumar Vyshak,0,0,0,0,0,0,0,caught,M Shahrukh Khan,{'name': 'Arshdeep Singh'},
1527677,2026,2026-03-31,"Maharaja Yadavindra Singh International Cricket Stadium, New Chandigarh",1,115,Gujarat Titans,Punjab Kings,R Tewatia,Rashid Khan,Arshdeep Singh,0,1,1,0,0,0,0,,,,
1527677,2026,2026-03-31,"Maharaja Yadavindra Singh International Cricket Stadium, New Chandigarh",1,116,Gujarat Titans,Punjab Kings,R Tewatia,Rashid Khan,Arshdeep Singh,0,0,0,0,0,0,0,,,,
1527677,2026,2026-03-31,"Maharaja Yadavindra Singh International Cricket Stadium, New Chandigarh",1,117,Gujarat Titans,Punjab Kings,R Tewatia,Rashid Khan,Arshdeep Singh,0,0,0,0,0,0,0,,,,
1527677,2026,2026-03-31,"Maharaja Yadavindra Singh International Cricket Stadium, New Chandigarh",1,118,Gujarat Titans,Punjab Kings,R Tewatia,Rashid Khan,Arshdeep Singh,4,0,0,0,0,0,0,,,,
1527677,2026,2026-03-31,"Maharaja Yadavindra Singh International Cricket Stadium, New Chandigarh",1,119,Gujarat Titans,Punjab Kings,R Tewatia,Rashid Khan,Arshdeep Singh,1,1,0,1,0,0,0,,,,
1527677,2026,2026-03-31,"Maharaja Yadavindra Singh International Cricket Stadium, New Chandigarh",1,120,Gujarat Titans,Punjab Kings,Rashid Khan,R Tewatia,Arshdeep Singh,0,1,1,0,0,0,0,,,,
1527677,2026,2026-03-31,"Maharaja Yadavindra Singh International Cricket Stadium, New Chandigarh",1,121,Gujarat Titans,Punjab Kings,Rashid Khan,R Tewatia,Arshdeep Singh,0,2,2,0,0,0,0,,,,
1527677,2026,2026-03-31,"Maharaja Yadavindra Singh International Cricket Stadium, New Chandigarh",1,122,Gujarat Titans,Punjab Kings,R Tewatia,Rashid Khan,Arshdeep Singh,0,0,0,0,0,0,0,,,,
1527677,2026,2026-03-31,"Maharaja Yadavindra Singh International Cricket Stadium, New Chandigarh",1,123,Gujarat Titans,Punjab Kings,R Tewatia,Rashid Khan,Arshdeep Singh,1,0,0,0,0,0,0,,,,
1527677,2026,2026-03-31,"Maharaja Yadavindra Singh International Cricket Stadium, New Chandigarh",1,124,Gujarat Titans,Punjab Kings,Rashid Khan,R Tewatia,Arshdeep Singh,0,1,1,0,0,0,0,,,,
1527677,2026,2026-03-31,"Maharaja Yadavindra Singh International Cricket Stadium, New Chandigarh",1,125,Gujarat Titans,Punjab Kings,Rashid Khan,R Tewatia,Arshdeep Singh,0,0,0,0,0,0,0,,,,
1527677,2026,2026-03-31,"Maharaja Yadavindra Singh International Cricket Stadium, New Chandigarh",2,1,Punjab Kings,Gujarat Titans,Priyansh Arya,P Simran Singh,Mohammed Siraj,0,0,0,0,0,0,0,,,,
1527677,2026,2026-03-31,"Maharaja Yadavindra Singh International Cricket Stadium, New Chandigarh",2,2,Punjab Kings,Gujarat Titans,Priyansh Arya,P Simran Singh,Mohammed Siraj,0,0,0,0,0,0,0,,,,
1527677,2026,2026-03-31,"Maharaja Yadavindra Singh International Cricket Stadium, New Chandigarh",2,3,Punjab Kings,Gujarat Titans,Priyansh Arya,P Simran Singh,Mohammed Siraj,0,0,0,0,0,0,0,,,,
1527677,2026,2026-03-31,"Maharaja Yadavindra Singh International Cricket Stadium, New Chandigarh",2,4,Punjab Kings,Gujarat Titans,Priyansh Arya,P Simran Singh,Mohammed Siraj,0,0,0,0,0,0,0,,,,
1527677,2026,2026-03-31,"Maharaja Yadavindra Singh International Cricket Stadium, New Chandigarh",2,5,Punjab Kings,Gujarat Titans,Priyansh Arya,P Simran Singh,Mohammed Siraj,6,0,0,0,0,0,0,,,,
1527677,2026,2026-03-31,"Maharaja Yadavindra Singh International Cricket Stadium, New Chandigarh",2,6,Punjab Kings,Gujarat Titans,Priyansh Arya,P Simran Singh,Mohammed Siraj,1,0,0,0,0,0,0,,,,
1527677,2026,2026-03-31,"Maharaja Yadavindra Singh International Cricket Stadium, New Chandigarh",2,7,Punjab Kings,Gujarat Titans,Priyansh Arya,P Simran Singh,K Rabada,0,0,0,0,0,0,0,,,,
1527677,2026,2026-03-31,"Maharaja Yadavindra Singh International Cricket Stadium, New Chandigarh",2,8,Punjab Kings,Gujarat Titans,Priyansh Arya,P Simran Singh,K Rabada,0,0,0,0,0,0,0,caught,Priyansh Arya,{'name': 'Ashok Sharma'},
1527677,2026,2026-03-31,"Maharaja Yadavindra Singh International Cricket Stadium, New Chandigarh",2,9,Punjab Kings,Gujarat Titans,C Connolly,P Simran Singh,K Rabada,0,0,0,0,0,0,0,,,,
1527677,2026,2026-03-31,"Maharaja Yadavindra Singh International Cricket Stadium, New Chandigarh",2,10,Punjab Kings,Gujarat Titans,C Connolly,P Simran Singh,K Rabada,1,0,0,0,0,0,0,,,,
1527677,2026,2026-03-31,"Maharaja Yadavindra Singh International Cricket Stadium, New Chandigarh",2,11,Punjab Kings,Gujarat Titans,P Simran Singh,C Connolly,K Rabada,1,0,0,0,0,0,0,,,,
1527677,2026,2026-03-31,"Maharaja Yadavindra Singh International Cricket Stadium, New Chandigarh",2,12,Punjab Kings,Gujarat Titans,C Connolly,P Simran Singh,K Rabada,1,0,0,0,0,0,0,,,,
1527677,2026,2026-03-31,"Maharaja Yadavindra Singh International Cricket Stadium, New Chandigarh",2,13,Punjab Kings,Gujarat Titans,C Connolly,P Simran Singh,Mohammed Siraj,0,0,0,0,0,0,0,,,,
1527677,2026,2026-03-31,"Maharaja Yadavindra Singh International Cricket Stadium, New Chandigarh",2,14,Punjab Kings,Gujarat Titans,C Connolly,P Simran Singh,Mohammed Siraj,1,0,0,0,0,0,0,,,,
1527677,2026,2026-03-31,"Maharaja Yadavindra Singh International Cricket Stadium, New Chandigarh",2,15,Punjab Kings,Gujarat Titans,P Simran Singh,C Connolly,Mohammed Siraj,0,0,0,0,0,0,0,,,,
1527677,2026,2026-03-31,"Maharaja Yadavindra Singh International Cricket Stadium, New Chandigarh",2,16,Punjab Kings,Gujarat Titans,P Simran Singh,C Connolly,Mohammed Siraj,1,0,0,0,0,0,0,,,,
1527677,2026,2026-03-31,"Maharaja Yadavindra Singh International Cricket Stadium, New Chandigarh",2,17,Punjab Kings,Gujarat Titans,C Connolly,P Simran Singh,Mohammed Siraj,2,0,0,0,0,0,0,,,,
1527677,2026,2026-03-31,"Maharaja Yadavindra Singh International Cricket Stadium, New Chandigarh",2,18,Punjab Kings,Gujarat Titans,C Connolly,P Simran Singh,Mohammed Siraj,4,0,0,0,0,0,0,,,,
1527677,2026,2026-03-31,"Maharaja Yadavindra Singh International Cricket Stadium, New Chandigarh",2,19,Punjab Kings,Gujarat Titans,P Simran Singh,C Connolly,K Rabada,6,0,0,0,0,0,0,,,,
1527677,2026,2026-03-31,"Maharaja Yadavindra Singh International Cricket Stadium, New Chandigarh",2,20,Punjab Kings,Gujarat Titans,P Simran Singh,C Connolly,K Rabada,6,0,0,0,0,0,0,,,,
1527677,2026,2026-03-31,"Maharaja Yadavindra Singh International Cricket Stadium, New Chandigarh",2,21,Punjab Kings,Gujarat Titans,P Simran Singh,C Connolly,K Rabada,0,0,0,0,0,0,0,,,,
1527677,2026,2026-03-31,"Maharaja Yadavindra Singh International Cricket Stadium, New Chandigarh",2,22,Punjab Kings,Gujarat Titans,P Simran Singh,C Connolly,K Rabada,1,0,0,0,0,0,0,,,,
1527677,2026,2026-03-31,"Maharaja Yadavindra Singh International Cricket Stadium, New Chandigarh",2,23,Punjab Kings,Gujarat Titans,C Connolly,P Simran Singh,K Rabada,0,0,0,0,0,0,0,,,,
1527677,2026,2026-03-31,"Maharaja Yadavindra Singh International Cricket Stadium, New Chandigarh",2,24,Punjab Kings,Gujarat Titans,C Connolly,P Simran Singh,K Rabada,6,0,0,0,0,0,0,,,,
1527677,2026,2026-03-31,"Maharaja Yadavindra Singh International Cricket Stadium, New Chandigarh",2,25,Punjab Kings,Gujarat Titans,P Simran Singh,C Connolly,Ashok Sharma,1,0,0,0,0,0,0,,,,
1527677,2026,2026-03-31,"Maharaja Yadavindra Singh International Cricket Stadium, New Chandigarh",2,26,Punjab Kings,Gujarat Titans,C Connolly,P Simran Singh,Ashok Sharma,0,0,0,0,0,0,0,,,,
1527677,2026,2026-03-31,"Maharaja Yadavindra Singh International Cricket Stadium, New Chandigarh",2,27,Punjab Kings,Gujarat Titans,C Connolly,P Simran Singh,Ashok Sharma,0,0,0,0,0,0,0,,,,
1527677,2026,2026-03-31,"Maharaja Yadavindra Singh International Cricket Stadium, New Chandigarh",2,28,Punjab Kings,Gujarat Titans,C Connolly,P Simran Singh,Ashok Sharma,0,1,1,0,0,0,0,,,,
1527677,2026,2026-03-31,"Maharaja Yadavindra Singh International Cricket Stadium, New Chandigarh",2,29,Punjab Kings,Gujarat Titans,C Connolly,P Simran Singh,Ashok Sharma,6,0,0,0,0,0,0,,,,
1527677,2026,2026-03-31,"Maharaja Yadavindra Singh International Cricket Stadium, New Chandigarh",2,30,Punjab Kings,Gujarat Titans,C Connolly,P Simran Singh,Ashok Sharma,1,0,0,0,0,0,0,,,,
1527677,2026,2026-03-31,"Maharaja Yadavindra Singh International Cricket Stadium, New Chandigarh",2,31,Punjab Kings,Gujarat Titans,P Simran Singh,C Connolly,Ashok Sharma,4,0,0,0,0,0,0,,,,
1527677,2026,2026-03-31,"Maharaja Yadavindra Singh International Cricket Stadium, New Chandigarh",2,31,Punjab Kings,Gujarat Titans,C Connolly,P Simran Singh,Rashid Khan,0,0,0,0,0,0,0,,,,
1527677,2026,2026-03-31,"Maharaja Yadavindra Singh International Cricket Stadium, New Chandigarh",2,32,Punjab Kings,Gujarat Titans,C Connolly,P Simran Singh,Rashid Khan,4,0,0,0,0,0,0,,,,
1527677,2026,2026-03-31,"Maharaja Yadavindra Singh International Cricket Stadium, New Chandigarh",2,33,Punjab Kings,Gujarat Titans,C Connolly,P Simran Singh,Rashid Khan,1,0,0,0,0,0,0,,,,
1527677,2026,2026-03-31,"Maharaja Yadavindra Singh International Cricket Stadium, New Chandigarh",2,34,Punjab Kings,Gujarat Titans,P Simran Singh,C Connolly,Rashid Khan,0,0,0,0,0,0,0,,,,
1527677,2026,2026-03-31,"Maharaja Yadavindra Singh International Cricket Stadium, New Chandigarh",2,35,Punjab Kings,Gujarat Titans,P Simran Singh,C Connolly,Rashid Khan,0,0,0,0,0,0,0,,,,
1527677,2026,2026-03-31,"Maharaja Yadavindra Singh International Cricket Stadium, New Chandigarh",2,36,Punjab Kings,Gujarat Titans,P Simran Singh,C Connolly,Rashid Khan,0,0,0,0,0,0,0,,,,
1527677,2026,2026-03-31,"Maharaja Yadavindra Singh International Cricket Stadium, New Chandigarh",2,37,Punjab Kings,Gujarat Titans,C Connolly,P Simran Singh,Washington Sundar,1,0,0,0,0,0,0,,,,
1527677,2026,2026-03-31,"Maharaja Yadavindra Singh International Cricket Stadium, New Chandigarh",2,38,Punjab Kings,Gujarat Titans,P Simran Singh,C Connolly,Washington Sundar,0,0,0,0,0,0,0,,,,
1527677,2026,2026-03-31,"Maharaja Yadavindra Singh International Cricket Stadium, New Chandigarh",2,39,Punjab Kings,Gujarat Titans,P Simran Singh,C Connolly,Washington Sundar,1,0,0,0,0,0,0,,,,
1527677,2026,2026-03-31,"Maharaja Yadavindra Singh International Cricket Stadium, New Chandigarh",2,40,Punjab Kings,Gujarat Titans,C Connolly,P Simran Singh,Washington Sundar,1,0,0,0,0,0,0,,,,
1527677,2026,2026-03-31,"Maharaja Yadavindra Singh International Cricket Stadium, New Chandigarh",2,41,Punjab Kings,Gujarat Titans,P Simran Singh,C Connolly,Washington Sundar,6,0,0,0,0,0,0,,,,
1527677,2026,2026-03-31,"Maharaja Yadavindra Singh International Cricket Stadium, New Chandigarh",2,42,Punjab Kings,Gujarat Titans,P Simran Singh,C Connolly,Washington Sundar,0,0,0,0,0,0,0,,,,
1527677,2026,2026-03-31,"Maharaja Yadavindra Singh International Cricket Stadium, New Chandigarh",2,43,Punjab Kings,Gujarat Titans,C Connolly,P Simran Singh,Rashid Khan,0,0,0,0,0,0,0,,,,
1527677,2026,2026-03-31,"Maharaja Yadavindra Singh International Cricket Stadium, New Chandigarh",2,44,Punjab Kings,Gujarat Titans,C Connolly,P Simran Singh,Rashid Khan,6,0,0,0,0,0,0,,,,
1527677,2026,2026-03-31,"Maharaja Yadavindra Singh International Cricket Stadium, New Chandigarh",2,45,Punjab Kings,Gujarat Titans,C Connolly,P Simran Singh,Rashid Khan,1,0,0,0,0,0,0,,,,
1527677,2026,2026-03-31,"Maharaja Yadavindra Singh International Cricket Stadium, New Chandigarh",2,46,Punjab Kings,Gujarat Titans,P Simran Singh,C Connolly,Rashid Khan,0,0,0,0,0,0,0,,,,
1527677,2026,2026-03-31,"Maharaja Yadavindra Singh International Cricket Stadium, New Chandigarh",2,47,Punjab Kings,Gujarat Titans,P Simran Singh,C Connolly,Rashid Khan,0,0,0,0,0,0,0,,,,
1527677,2026,2026-03-31,"Maharaja Yadavindra Singh International Cricket Stadium, New Chandigarh",2,48,Punjab Kings,Gujarat Titans,P Simran Singh,C Connolly,Rashid Khan,1,0,0,0,0,0,0,,,,
1527677,2026,2026-03-31,"Maharaja Yadavindra Singh International Cricket Stadium, New Chandigarh",2,49,Punjab Kings,Gujarat Titans,P Simran Singh,C Connolly,Washington Sundar,6,0,0,0,0,0,0,,,,
1527677,2026,2026-03-31,"Maharaja Yadavindra Singh International Cricket Stadium, New Chandigarh",2,50,Punjab Kings,Gujarat Titans,P Simran Singh,C Connolly,Washington Sundar,1,0,0,0,0,0,0,,,,
1527677,2026,2026-03-31,"Maharaja Yadavindra Singh International Cricket Stadium, New Chandigarh",2,51,Punjab Kings,Gujarat Titans,C Connolly,P Simran Singh,Washington Sundar,0,0,0,0,0,0,0,,,,
1527677,2026,2026-03-31,"Maharaja Yadavindra Singh International Cricket Stadium, New Chandigarh",2,52,Punjab Kings,Gujarat Titans,C Connolly,P Simran Singh,Washington Sundar,1,0,0,0,0,0,0,,,,
1527677,2026,2026-03-31,"Maharaja Yadavindra Singh International Cricket Stadium, New Chandigarh",2,53,Punjab Kings,Gujarat Titans,P Simran Singh,C Connolly,Washington Sundar,1,0,0,0,0,0,0,,,,
1527677,2026,2026-03-31,"Maharaja Yadavindra Singh International Cricket Stadium, New Chandigarh",2,54,Punjab Kings,Gujarat Titans,C Connolly,P Simran Singh,Washington Sundar,0,0,0,0,0,0,0,,,,
1527677,2026,2026-03-31,"Maharaja Yadavindra Singh International Cricket Stadium, New Chandigarh",2,55,Punjab Kings,Gujarat Titans,P Simran Singh,C Connolly,Rashid Khan,1,0,0,0,0,0,0,,,,
1527677,2026,2026-03-31,"Maharaja Yadavindra Singh International Cricket Stadium, New Chandigarh",2,56,Punjab Kings,Gujarat Titans,C Connolly,P Simran Singh,Rashid Khan,1,0,0,0,0,0,0,,,,
1527677,2026,2026-03-31,"Maharaja Yadavindra Singh International Cricket Stadium, New Chandigarh",2,57,Punjab Kings,Gujarat Titans,P Simran Singh,C Connolly,Rashid Khan,0,0,0,0,0,0,0,caught,P Simran Singh,{'name': 'M Prasidh Krishna'},
1527677,2026,2026-03-31,"Maharaja Yadavindra Singh International Cricket Stadium, New Chandigarh",2,58,Punjab Kings,Gujarat Titans,SS Iyer,C Connolly,Rashid Khan,2,0,0,0,0,0,0,,,,
1527677,2026,2026-03-31,"Maharaja Yadavindra Singh International Cricket Stadium, New Chandigarh",2,59,Punjab Kings,Gujarat Titans,SS Iyer,C Connolly,Rashid Khan,1,0,0,0,0,0,0,,,,
1527677,2026,2026-03-31,"Maharaja Yadavindra Singh International Cricket Stadium, New Chandigarh",2,60,Punjab Kings,Gujarat Titans,C Connolly,SS Iyer,Rashid Khan,0,0,0,0,0,0,0,,,,
1527677,2026,2026-03-31,"Maharaja Yadavindra Singh International Cricket Stadium, New Chandigarh",2,61,Punjab Kings,Gujarat Titans,SS Iyer,C Connolly,Ashok Sharma,0,0,0,0,0,0,0,,,,
1527677,2026,2026-03-31,"Maharaja Yadavindra Singh International Cricket Stadium, New Chandigarh",2,62,Punjab Kings,Gujarat Titans,SS Iyer,C Connolly,Ashok Sharma,6,0,0,0,0,0,0,,,,
1527677,2026,2026-03-31,"Maharaja Yadavindra Singh International Cricket Stadium, New Chandigarh",2,63,Punjab Kings,Gujarat Titans,SS Iyer,C Connolly,Ashok Sharma,6,0,0,0,0,0,0,,,,
1527677,2026,2026-03-31,"Maharaja Yadavindra Singh International Cricket Stadium, New Chandigarh",2,64,Punjab Kings,Gujarat Titans,SS Iyer,C Connolly,Ashok Sharma,0,0,0,0,0,0,0,,,,
1527677,2026,2026-03-31,"Maharaja Yadavindra Singh International Cricket Stadium, New Chandigarh",2,65,Punjab Kings,Gujarat Titans,SS Iyer,C Connolly,Ashok Sharma,0,0,0,0,0,0,0,,,,
1527677,2026,2026-03-31,"Maharaja Yadavindra Singh International Cricket Stadium, New Chandigarh",2,66,Punjab Kings,Gujarat Titans,SS Iyer,C Connolly,Ashok Sharma,1,0,0,0,0,0,0,,,,
1527677,2026,2026-03-31,"Maharaja Yadavindra Singh International Cricket Stadium, New Chandigarh",2,67,Punjab Kings,Gujarat Titans,SS Iyer,C Connolly,Rashid Khan,1,0,0,0,0,0,0,,,,
1527677,2026,2026-03-31,"Maharaja Yadavindra Singh International Cricket Stadium, New Chandigarh",2,68,Punjab Kings,Gujarat Titans,C Connolly,SS Iyer,Rashid Khan,6,0,0,0,0,0,0,,,,
1527677,2026,2026-03-31,"Maharaja Yadavindra Singh International Cricket Stadium, New Chandigarh",2,69,Punjab Kings,Gujarat Titans,C Connolly,SS Iyer,Rashid Khan,1,0,0,0,0,0,0,,,,
1527677,2026,2026-03-31,"Maharaja Yadavindra Singh International Cricket Stadium, New Chandigarh",2,70,Punjab Kings,Gujarat Titans,SS Iyer,C Connolly,Rashid Khan,1,0,0,0,0,0,0,,,,
1527677,2026,2026-03-31,"Maharaja Yadavindra Singh International Cricket Stadium, New Chandigarh",2,71,Punjab Kings,Gujarat Titans,C Connolly,SS Iyer,Rashid Khan,0,0,0,0,0,0,0,,,,
1527677,2026,2026-03-31,"Maharaja Yadavindra Singh International Cricket Stadium, New Chandigarh",2,72,Punjab Kings,Gujarat Titans,C Connolly,SS Iyer,Rashid Khan,2,0,0,0,0,0,0,,,,
1527677,2026,2026-03-31,"Maharaja Yadavindra Singh International Cricket Stadium, New Chandigarh",2,73,Punjab Kings,Gujarat Titans,SS Iyer,C Connolly,M Prasidh Krishna,0,0,0,0,0,0,0,caught,SS Iyer,{'name': 'Washington Sundar'},
1527677,2026,2026-03-31,"Maharaja Yadavindra Singh International Cricket Stadium, New Chandigarh",2,74,Punjab Kings,Gujarat Titans,N Wadhera,C Connolly,M Prasidh Krishna,0,0,0,0,0,0,0,,,,
1527677,2026,2026-03-31,"Maharaja Yadavindra Singh International Cricket Stadium, New Chandigarh",2,75,Punjab Kings,Gujarat Titans,N Wadhera,C Connolly,M Prasidh Krishna,0,0,0,0,0,0,0,,,,
1527677,2026,2026-03-31,"Maharaja Yadavindra Singh International Cricket Stadium, New Chandigarh",2,76,Punjab Kings,Gujarat Titans,N Wadhera,C Connolly,M Prasidh Krishna,2,0,0,0,0,0,0,,,,
1527677,2026,2026-03-31,"Maharaja Yadavindra Singh International Cricket Stadium, New Chandigarh",2,77,Punjab Kings,Gujarat Titans,N Wadhera,C Connolly,M Prasidh Krishna,0,0,0,0,0,0,0,,,,
1527677,2026,2026-03-31,"Maharaja Yadavindra Singh International Cricket Stadium, New Chandigarh",2,78,Punjab Kings,Gujarat Titans,N Wadhera,C Connolly,M Prasidh Krishna,1,0,0,0,0,0,0,,,,
1527677,2026,2026-03-31,"Maharaja Yadavindra Singh International Cricket Stadium, New Chandigarh",2,79,Punjab Kings,Gujarat Titans,N Wadhera,C Connolly,Washington Sundar,0,0,0,0,0,0,0,caught,N Wadhera,{'name': 'Shubman Gill'},
1527677,2026,2026-03-31,"Maharaja Yadavindra Singh International Cricket Stadium, New Chandigarh",2,80,Punjab Kings,Gujarat Titans,Shashank Singh,C Connolly,Washington Sundar,2,0,0,0,0,0,0,,,,
1527677,2026,2026-03-31,"Maharaja Yadavindra Singh International Cricket Stadium, New Chandigarh",2,81,Punjab Kings,Gujarat Titans,Shashank Singh,C Connolly,Washington Sundar,1,0,0,0,0,0,0,,,,
1527677,2026,2026-03-31,"Maharaja Yadavindra Singh International Cricket Stadium, New Chandigarh",2,82,Punjab Kings,Gujarat Titans,C Connolly,Shashank Singh,Washington Sundar,0,0,0,0,0,0,0,,,,
1527677,2026,2026-03-31,"Maharaja Yadavindra Singh International Cricket Stadium, New Chandigarh",2,83,Punjab Kings,Gujarat Titans,C Connolly,Shashank Singh,Washington Sundar,1,0,0,0,0,0,0,,,,
1527677,2026,2026-03-31,"Maharaja Yadavindra Singh International Cricket Stadium, New Chandigarh",2,84,Punjab Kings,Gujarat Titans,Shashank Singh,C Connolly,Washington Sundar,1,0,0,0,0,0,0,,,,
1527677,2026,2026-03-31,"Maharaja Yadavindra Singh International Cricket Stadium, New Chandigarh",2,85,Punjab Kings,Gujarat Titans,Shashank Singh,C Connolly,M Prasidh Krishna,0,0,0,0,0,0,0,,,,
1527677,2026,2026-03-31,"Maharaja Yadavindra Singh International Cricket Stadium, New Chandigarh",2,86,Punjab Kings,Gujarat Titans,Shashank Singh,C Connolly,M Prasidh Krishna,0,0,0,0,0,0,0,caught,Shashank Singh,{'name': 'JC Buttler'},
1527677,2026,2026-03-31,"Maharaja Yadavindra Singh International Cricket Stadium, New Chandigarh",2,87,Punjab Kings,Gujarat Titans,MP Stoinis,C Connolly,M Prasidh Krishna,0,0,0,0,0,0,0,,,,
1527677,2026,2026-03-31,"Maharaja Yadavindra Singh International Cricket Stadium, New Chandigarh",2,88,Punjab Kings,Gujarat Titans,MP Stoinis,C Connolly,M Prasidh Krishna,0,0,0,0,0,0,0,caught,MP Stoinis,{'name': 'Rashid Khan'},
1527677,2026,2026-03-31,"Maharaja Yadavindra Singh International Cricket Stadium, New Chandigarh",2,89,Punjab Kings,Gujarat Titans,M Jansen,C Connolly,M Prasidh Krishna,1,0,0,0,0,0,0,,,,
1527677,2026,2026-03-31,"Maharaja Yadavindra Singh International Cricket Stadium, New Chandigarh",2,90,Punjab Kings,Gujarat Titans,C Connolly,M Jansen,M Prasidh Krishna,0,1,1,0,0,0,0,,,,
1527677,2026,2026-03-31,"Maharaja Yadavindra Singh International Cricket Stadium, New Chandigarh",2,91,Punjab Kings,Gujarat Titans,C Connolly,M Jansen,M Prasidh Krishna,1,0,0,0,0,0,0,,,,
1527677,2026,2026-03-31,"Maharaja Yadavindra Singh International Cricket Stadium, New Chandigarh",2,91,Punjab Kings,Gujarat Titans,C Connolly,M Jansen,K Rabada,4,0,0,0,0,0,0,,,,
1527677,2026,2026-03-31,"Maharaja Yadavindra Singh International Cricket Stadium, New Chandigarh",2,92,Punjab Kings,Gujarat Titans,C Connolly,M Jansen,K Rabada,1,0,0,0,0,0,0,,,,
1527677,2026,2026-03-31,"Maharaja Yadavindra Singh International Cricket Stadium, New Chandigarh",2,93,Punjab Kings,Gujarat Titans,M Jansen,C Connolly,K Rabada,0,0,0,0,0,0,0,,,,
1527677,2026,2026-03-31,"Maharaja Yadavindra Singh International Cricket Stadium, New Chandigarh",2,94,Punjab Kings,Gujarat Titans,M Jansen,C Connolly,K Rabada,1,0,0,0,0,0,0,,,,
1527677,2026,2026-03-31,"Maharaja Yadavindra Singh International Cricket Stadium, New Chandigarh",2,95,Punjab Kings,Gujarat Titans,C Connolly,M Jansen,K Rabada,0,0,0,0,0,0,0,,,,
1527677,2026,2026-03-31,"Maharaja Yadavindra Singh International Cricket Stadium, New Chandigarh",2,96,Punjab Kings,Gujarat Titans,C Connolly,M Jansen,K Rabada,6,0,0,0,0,0,0,,,,
1527677,2026,2026-03-31,"Maharaja Yadavindra Singh International Cricket Stadium, New Chandigarh",2,97,Punjab Kings,Gujarat Titans,M Jansen,C Connolly,M Prasidh Krishna,0,0,0,0,0,0,0,,,,
1527677,2026,2026-03-31,"Maharaja Yadavindra Singh International Cricket Stadium, New Chandigarh",2,98,Punjab Kings,Gujarat Titans,M Jansen,C Connolly,M Prasidh Krishna,6,0,0,0,0,0,0,,,,
1527677,2026,2026-03-31,"Maharaja Yadavindra Singh International Cricket Stadium, New Chandigarh",2,99,Punjab Kings,Gujarat Titans,M Jansen,C Connolly,M Prasidh Krishna,0,1,1,0,0,0,0,,,,
1527677,2026,2026-03-31,"Maharaja Yadavindra Singh International Cricket Stadium, New Chandigarh",2,100,Punjab Kings,Gujarat Titans,M Jansen,C Connolly,M Prasidh Krishna,1,0,0,0,0,0,0,,,,
1527677,2026,2026-03-31,"Maharaja Yadavindra Singh International Cricket Stadium, New Chandigarh",2,101,Punjab Kings,Gujarat Titans,C Connolly,M Jansen,M Prasidh Krishna,0,0,0,0,0,0,0,,,,
1527677,2026,2026-03-31,"Maharaja Yadavindra Singh International Cricket Stadium, New Chandigarh",2,102,Punjab Kings,Gujarat Titans,C Connolly,M Jansen,M Prasidh Krishna,1,0,0,0,0,0,0,,,,
1527677,2026,2026-03-31,"Maharaja Yadavindra Singh International Cricket Stadium, New Chandigarh",2,103,Punjab Kings,Gujarat Titans,M Jansen,C Connolly,M Prasidh Krishna,0,0,0,0,0,0,0,,,,
1527677,2026,2026-03-31,"Maharaja Yadavindra Singh International Cricket Stadium, New Chandigarh",2,103,Punjab Kings,Gujarat Titans,C Connolly,M Jansen,Ashok Sharma,1,0,0,0,0,0,0,,,,
1527677,2026,2026-03-31,"Maharaja Yadavindra Singh International Cricket Stadium, New Chandigarh",2,104,Punjab Kings,Gujarat Titans,M Jansen,C Connolly,Ashok Sharma,0,0,0,0,0,0,0,,,,
1527677,2026,2026-03-31,"Maharaja Yadavindra Singh International Cricket Stadium, New Chandigarh",2,105,Punjab Kings,Gujarat Titans,M Jansen,C Connolly,Ashok Sharma,0,1,1,0,0,0,0,,,,
1527677,2026,2026-03-31,"Maharaja Yadavindra Singh International Cricket Stadium, New Chandigarh",2,106,Punjab Kings,Gujarat Titans,M Jansen,C Connolly,Ashok Sharma,0,0,0,0,0,0,0,,,,
1527677,2026,2026-03-31,"Maharaja Yadavindra Singh International Cricket Stadium, New Chandigarh",2,107,Punjab Kings,Gujarat Titans,M Jansen,C Connolly,Ashok Sharma,0,0,0,0,0,0,0,caught,M Jansen,{'name': 'Shubman Gill'},
1527677,2026,2026-03-31,"Maharaja Yadavindra Singh International Cricket Stadium, New Chandigarh",2,108,Punjab Kings,Gujarat Titans,XC Bartlett,C Connolly,Ashok Sharma,2,0,0,0,0,0,0,,,,
1527677,2026,2026-03-31,"Maharaja Yadavindra Singh International Cricket Stadium, New Chandigarh",2,109,Punjab Kings,Gujarat Titans,XC Bartlett,C Connolly,Ashok Sharma,1,0,0,0,0,0,0,,,,
1527677,2026,2026-03-31,"Maharaja Yadavindra Singh International Cricket Stadium, New Chandigarh",2,109,Punjab Kings,Gujarat Titans,XC Bartlett,C Connolly,M Prasidh Krishna,6,0,0,0,0,0,0,,,,
1527677,2026,2026-03-31,"Maharaja Yadavindra Singh International Cricket Stadium, New Chandigarh",2,110,Punjab Kings,Gujarat Titans,XC Bartlett,C Connolly,M Prasidh Krishna,1,0,0,0,0,0,0,,,,
1527677,2026,2026-03-31,"Maharaja Yadavindra Singh International Cricket Stadium, New Chandigarh",2,111,Punjab Kings,Gujarat Titans,C Connolly,XC Bartlett,M Prasidh Krishna,4,0,0,0,0,0,0,,,,
1527677,2026,2026-03-31,"Maharaja Yadavindra Singh International Cricket Stadium, New Chandigarh",2,112,Punjab Kings,Gujarat Titans,C Connolly,XC Bartlett,M Prasidh Krishna,1,0,0,0,0,0,0,,,,
1527677,2026,2026-03-31,"Maharaja Yadavindra Singh International Cricket Stadium, New Chandigarh",2,113,Punjab Kings,Gujarat Titans,XC Bartlett,C Connolly,M Prasidh Krishna,1,0,0,0,0,0,0,,,,
1527677,2026,2026-03-31,"Maharaja Yadavindra Singh International Cricket Stadium, New Chandigarh",2,114,Punjab Kings,Gujarat Titans,C Connolly,XC Bartlett,M Prasidh Krishna,1,0,0,0,0,0,0,,,,
1527677,2026,2026-03-31,"Maharaja Yadavindra Singh International Cricket Stadium, New Chandigarh",2,115,Punjab Kings,Gujarat Titans,C Connolly,XC Bartlett,Washington Sundar,4,0,0,0,0,0,0,,,,
1527678,2026,2026-04-01,"Bharat Ratna Shri Atal Bihari Vajpayee Ekana Cricket Stadium, Lucknow",1,1,Lucknow Super Giants,Delhi Capitals,MR Marsh,RR Pant,Mukesh Kumar,1,0,0,0,0,0,0,,,,
1527678,2026,2026-04-01,"Bharat Ratna Shri Atal Bihari Vajpayee Ekana Cricket Stadium, Lucknow",1,2,Lucknow Super Giants,Delhi Capitals,RR Pant,MR Marsh,Mukesh Kumar,0,0,0,0,0,0,0,,,,
1527678,2026,2026-04-01,"Bharat Ratna Shri Atal Bihari Vajpayee Ekana Cricket Stadium, Lucknow",1,3,Lucknow Super Giants,Delhi Capitals,RR Pant,MR Marsh,Mukesh Kumar,4,0,0,0,0,0,0,,,,
1527678,2026,2026-04-01,"Bharat Ratna Shri Atal Bihari Vajpayee Ekana Cricket Stadium, Lucknow",1,4,Lucknow Super Giants,Delhi Capitals,RR Pant,MR Marsh,Mukesh Kumar,0,0,0,0,0,0,0,,,,
1527678,2026,2026-04-01,"Bharat Ratna Shri Atal Bihari Vajpayee Ekana Cricket Stadium, Lucknow",1,5,Lucknow Super Giants,Delhi Capitals,RR Pant,MR Marsh,Mukesh Kumar,0,1,1,0,0,0,0,,,,
1527678,2026,2026-04-01,"Bharat Ratna Shri Atal Bihari Vajpayee Ekana Cricket Stadium, Lucknow",1,6,Lucknow Super Giants,Delhi Capitals,RR Pant,MR Marsh,Mukesh Kumar,0,0,0,0,0,0,0,,,,
1527678,2026,2026-04-01,"Bharat Ratna Shri Atal Bihari Vajpayee Ekana Cricket Stadium, Lucknow",1,7,Lucknow Super Giants,Delhi Capitals,RR Pant,MR Marsh,Mukesh Kumar,0,0,0,0,0,0,0,,,,
1527678,2026,2026-04-01,"Bharat Ratna Shri Atal Bihari Vajpayee Ekana Cricket Stadium, Lucknow",1,7,Lucknow Super Giants,Delhi Capitals,MR Marsh,RR Pant,L Ngidi,4,0,0,0,0,0,0,,,,
1527678,2026,2026-04-01,"Bharat Ratna Shri Atal Bihari Vajpayee Ekana Cricket Stadium, Lucknow",1,8,Lucknow Super Giants,Delhi Capitals,MR Marsh,RR Pant,L Ngidi,0,0,0,0,0,0,0,,,,
1527678,2026,2026-04-01,"Bharat Ratna Shri Atal Bihari Vajpayee Ekana Cricket Stadium, Lucknow",1,9,Lucknow Super Giants,Delhi Capitals,MR Marsh,RR Pant,L Ngidi,4,0,0,0,0,0,0,,,,
1527678,2026,2026-04-01,"Bharat Ratna Shri Atal Bihari Vajpayee Ekana Cricket Stadium, Lucknow",1,10,Lucknow Super Giants,Delhi Capitals,MR Marsh,RR Pant,L Ngidi,1,0,0,0,0,0,0,,,,
1527678,2026,2026-04-01,"Bharat Ratna Shri Atal Bihari Vajpayee Ekana Cricket Stadium, Lucknow",1,11,Lucknow Super Giants,Delhi Capitals,RR Pant,MR Marsh,L Ngidi,0,0,0,0,0,0,0,,,,
1527678,2026,2026-04-01,"Bharat Ratna Shri Atal Bihari Vajpayee Ekana Cricket Stadium, Lucknow",1,12,Lucknow Super Giants,Delhi Capitals,RR Pant,MR Marsh,L Ngidi,1,0,0,0,0,0,0,,,,
1527678,2026,2026-04-01,"Bharat Ratna Shri Atal Bihari Vajpayee Ekana Cricket Stadium, Lucknow",1,13,Lucknow Super Giants,Delhi Capitals,RR Pant,MR Marsh,Mukesh Kumar,1,0,0,0,0,0,0,,,,
1527678,2026,2026-04-01,"Bharat Ratna Shri Atal Bihari Vajpayee Ekana Cricket Stadium, Lucknow",1,14,Lucknow Super Giants,Delhi Capitals,MR Marsh,RR Pant,Mukesh Kumar,0,0,0,0,0,0,0,,,,
1527678,2026,2026-04-01,"Bharat Ratna Shri Atal Bihari Vajpayee Ekana Cricket Stadium, Lucknow",1,15,Lucknow Super Giants,Delhi Capitals,MR Marsh,RR Pant,Mukesh Kumar,0,0,0,0,0,0,0,,,,
1527678,2026,2026-04-01,"Bharat Ratna Shri Atal Bihari Vajpayee Ekana Cricket Stadium, Lucknow",1,16,Lucknow Super Giants,Delhi Capitals,MR Marsh,RR Pant,Mukesh Kumar,1,0,0,0,0,0,0,,,,
1527678,2026,2026-04-01,"Bharat Ratna Shri Atal Bihari Vajpayee Ekana Cricket Stadium, Lucknow",1,17,Lucknow Super Giants,Delhi Capitals,RR Pant,MR Marsh,Mukesh Kumar,1,0,0,0,0,0,0,,,,
1527678,2026,2026-04-01,"Bharat Ratna Shri Atal Bihari Vajpayee Ekana Cricket Stadium, Lucknow",1,18,Lucknow Super Giants,Delhi Capitals,MR Marsh,RR Pant,Mukesh Kumar,0,0,0,0,0,0,0,run out,RR Pant,,
1527678,2026,2026-04-01,"Bharat Ratna Shri Atal Bihari Vajpayee Ekana Cricket Stadium, Lucknow",1,19,Lucknow Super Giants,Delhi Capitals,AK Markram,MR Marsh,AR Patel,0,0,0,0,0,0,0,,,,
1527678,2026,2026-04-01,"Bharat Ratna Shri Atal Bihari Vajpayee Ekana Cricket Stadium, Lucknow",1,20,Lucknow Super Giants,Delhi Capitals,AK Markram,MR Marsh,AR Patel,0,0,0,0,0,0,0,,,,
1527678,2026,2026-04-01,"Bharat Ratna Shri Atal Bihari Vajpayee Ekana Cricket Stadium, Lucknow",1,21,Lucknow Super Giants,Delhi Capitals,AK Markram,MR Marsh,AR Patel,1,0,0,0,0,0,0,,,,
1527678,2026,2026-04-01,"Bharat Ratna Shri Atal Bihari Vajpayee Ekana Cricket Stadium, Lucknow",1,22,Lucknow Super Giants,Delhi Capitals,MR Marsh,AK Markram,AR Patel,0,0,0,0,0,0,0,,,,
1527678,2026,2026-04-01,"Bharat Ratna Shri Atal Bihari Vajpayee Ekana Cricket Stadium, Lucknow",1,23,Lucknow Super Giants,Delhi Capitals,MR Marsh,AK Markram,AR Patel,1,0,0,0,0,0,0,,,,
1527678,2026,2026-04-01,"Bharat Ratna Shri Atal Bihari Vajpayee Ekana Cricket Stadium, Lucknow",1,24,Lucknow Super Giants,Delhi Capitals,AK Markram,MR Marsh,AR Patel,4,0,0,0,0,0,0,,,,
1527678,2026,2026-04-01,"Bharat Ratna Shri Atal Bihari Vajpayee Ekana Cricket Stadium, Lucknow",1,25,Lucknow Super Giants,Delhi Capitals,MR Marsh,AK Markram,Mukesh Kumar,0,4,0,0,0,4,0,,,,
1527678,2026,2026-04-01,"Bharat Ratna Shri Atal Bihari Vajpayee Ekana Cricket Stadium, Lucknow",1,26,Lucknow Super Giants,Delhi Capitals,MR Marsh,AK Markram,Mukesh Kumar,6,0,0,0,0,0,0,,,,
1527678,2026,2026-04-01,"Bharat Ratna Shri Atal Bihari Vajpayee Ekana Cricket Stadium, Lucknow",1,27,Lucknow Super Giants,Delhi Capitals,MR Marsh,AK Markram,Mukesh Kumar,0,1,1,0,0,0,0,,,,
1527678,2026,2026-04-01,"Bharat Ratna Shri Atal Bihari Vajpayee Ekana Cricket Stadium, Lucknow",1,28,Lucknow Super Giants,Delhi Capitals,MR Marsh,AK Markram,Mukesh Kumar,0,0,0,0,0,0,0,,,,
1527678,2026,2026-04-01,"Bharat Ratna Shri Atal Bihari Vajpayee Ekana Cricket Stadium, Lucknow",1,29,Lucknow Super Giants,Delhi Capitals,MR Marsh,AK Markram,Mukesh Kumar,1,0,0,0,0,0,0,,,,
1527678,2026,2026-04-01,"Bharat Ratna Shri Atal Bihari Vajpayee Ekana Cricket Stadium, Lucknow",1,30,Lucknow Super Giants,Delhi Capitals,AK Markram,MR Marsh,Mukesh Kumar,0,0,0,0,0,0,0,,,,
1527678,2026,2026-04-01,"Bharat Ratna Shri Atal Bihari Vajpayee Ekana Cricket Stadium, Lucknow",1,31,Lucknow Super Giants,Delhi Capitals,AK Markram,MR Marsh,Mukesh Kumar,0,0,0,0,0,0,0,,,,
1527678,2026,2026-04-01,"Bharat Ratna Shri Atal Bihari Vajpayee Ekana Cricket Stadium, Lucknow",1,31,Lucknow Super Giants,Delhi Capitals,MR Marsh,AK Markram,AR Patel,0,0,0,0,0,0,0,,,,
1527678,2026,2026-04-01,"Bharat Ratna Shri Atal Bihari Vajpayee Ekana Cricket Stadium, Lucknow",1,32,Lucknow Super Giants,Delhi Capitals,MR Marsh,AK Markram,AR Patel,0,4,0,0,4,0,0,,,,
1527678,2026,2026-04-01,"Bharat Ratna Shri Atal Bihari Vajpayee Ekana Cricket Stadium, Lucknow",1,33,Lucknow Super Giants,Delhi Capitals,MR Marsh,AK Markram,AR Patel,1,0,0,0,0,0,0,,,,
1527678,2026,2026-04-01,"Bharat Ratna Shri Atal Bihari Vajpayee Ekana Cricket Stadium, Lucknow",1,34,Lucknow Super Giants,Delhi Capitals,AK Markram,MR Marsh,AR Patel,6,0,0,0,0,0,0,,,,
1527678,2026,2026-04-01,"Bharat Ratna Shri Atal Bihari Vajpayee Ekana Cricket Stadium, Lucknow",1,35,Lucknow Super Giants,Delhi Capitals,AK Markram,MR Marsh,AR Patel,0,0,0,0,0,0,0,bowled,AK Markram,,
1527678,2026,2026-04-01,"Bharat Ratna Shri Atal Bihari Vajpayee Ekana Cricket Stadium, Lucknow",1,36,Lucknow Super Giants,Delhi Capitals,A Badoni,MR Marsh,AR Patel,0,0,0,0,0,0,0,,,,
1527678,2026,2026-04-01,"Bharat Ratna Shri Atal Bihari Vajpayee Ekana Cricket Stadium, Lucknow",1,37,Lucknow Super Giants,Delhi Capitals,MR Marsh,A Badoni,T Natarajan,1,0,0,0,0,0,0,,,,
1527678,2026,2026-04-01,"Bharat Ratna Shri Atal Bihari Vajpayee Ekana Cricket Stadium, Lucknow",1,38,Lucknow Super Giants,Delhi Capitals,A Badoni,MR Marsh,T Natarajan,0,0,0,0,0,0,0,,,,
1527678,2026,2026-04-01,"Bharat Ratna Shri Atal Bihari Vajpayee Ekana Cricket Stadium, Lucknow",1,39,Lucknow Super Giants,Delhi Capitals,A Badoni,MR Marsh,T Natarajan,0,0,0,0,0,0,0,caught,A Badoni,{'name': 'KL Rahul'},
1527678,2026,2026-04-01,"Bharat Ratna Shri Atal Bihari Vajpayee Ekana Cricket Stadium, Lucknow",1,40,Lucknow Super Giants,Delhi Capitals,N Pooran,MR Marsh,T Natarajan,0,0,0,0,0,0,0,,,,
1527678,2026,2026-04-01,"Bharat Ratna Shri Atal Bihari Vajpayee Ekana Cricket Stadium, Lucknow",1,41,Lucknow Super Giants,Delhi Capitals,N Pooran,MR Marsh,T Natarajan,1,0,0,0,0,0,0,,,,
1527678,2026,2026-04-01,"Bharat Ratna Shri Atal Bihari Vajpayee Ekana Cricket Stadium, Lucknow",1,42,Lucknow Super Giants,Delhi Capitals,MR Marsh,N Pooran,T Natarajan,0,0,0,0,0,0,0,,,,
1527678,2026,2026-04-01,"Bharat Ratna Shri Atal Bihari Vajpayee Ekana Cricket Stadium, Lucknow",1,43,Lucknow Super Giants,Delhi Capitals,N Pooran,MR Marsh,Kuldeep Yadav,4,0,0,0,0,0,0,,,,
1527678,2026,2026-04-01,"Bharat Ratna Shri Atal Bihari Vajpayee Ekana Cricket Stadium, Lucknow",1,44,Lucknow Super Giants,Delhi Capitals,N Pooran,MR Marsh,Kuldeep Yadav,0,0,0,0,0,0,0,,,,
1527678,2026,2026-04-01,"Bharat Ratna Shri Atal Bihari Vajpayee Ekana Cricket Stadium, Lucknow",1,45,Lucknow Super Giants,Delhi Capitals,N Pooran,MR Marsh,Kuldeep Yadav,1,0,0,0,0,0,0,,,,
1527678,2026,2026-04-01,"Bharat Ratna Shri Atal Bihari Vajpayee Ekana Cricket Stadium, Lucknow",1,46,Lucknow Super Giants,Delhi Capitals,MR Marsh,N Pooran,Kuldeep Yadav,1,0,0,0,0,0,0,,,,
1527678,2026,2026-04-01,"Bharat Ratna Shri Atal Bihari Vajpayee Ekana Cricket Stadium, Lucknow",1,47,Lucknow Super Giants,Delhi Capitals,N Pooran,MR Marsh,Kuldeep Yadav,1,0,0,0,0,0,0,,,,
1527678,2026,2026-04-01,"Bharat Ratna Shri Atal Bihari Vajpayee Ekana Cricket Stadium, Lucknow",1,48,Lucknow Super Giants,Delhi Capitals,MR Marsh,N Pooran,Kuldeep Yadav,0,0,0,0,0,0,0,,,,
1527678,2026,2026-04-01,"Bharat Ratna Shri Atal Bihari Vajpayee Ekana Cricket Stadium, Lucknow",1,49,Lucknow Super Giants,Delhi Capitals,N Pooran,MR Marsh,L Ngidi,1,0,0,0,0,0,0,,,,
1527678,2026,2026-04-01,"Bharat Ratna Shri Atal Bihari Vajpayee Ekana Cricket Stadium, Lucknow",1,50,Lucknow Super Giants,Delhi Capitals,MR Marsh,N Pooran,L Ngidi,0,0,0,0,0,0,0,,,,
1527678,2026,2026-04-01,"Bharat Ratna Shri Atal Bihari Vajpayee Ekana Cricket Stadium, Lucknow",1,51,Lucknow Super Giants,Delhi Capitals,MR Marsh,N Pooran,L Ngidi,6,0,0,0,0,0,0,,,,
1527678,2026,2026-04-01,"Bharat Ratna Shri Atal Bihari Vajpayee Ekana Cricket Stadium, Lucknow",1,52,Lucknow Super Giants,Delhi Capitals,MR Marsh,N Pooran,L Ngidi,1,0,0,0,0,0,0,,,,
1527678,2026,2026-04-01,"Bharat Ratna Shri Atal Bihari Vajpayee Ekana Cricket Stadium, Lucknow",1,53,Lucknow Super Giants,Delhi Capitals,N Pooran,MR Marsh,L Ngidi,0,0,0,0,0,0,0,bowled,N Pooran,,
1527678,2026,2026-04-01,"Bharat Ratna Shri Atal Bihari Vajpayee Ekana Cricket Stadium, Lucknow",1,54,Lucknow Super Giants,Delhi Capitals,Abdul Samad,MR Marsh,L Ngidi,0,0,0,0,0,0,0,,,,
1527678,2026,2026-04-01,"Bharat Ratna Shri Atal Bihari Vajpayee Ekana Cricket Stadium, Lucknow",1,55,Lucknow Super Giants,Delhi Capitals,MR Marsh,Abdul Samad,Kuldeep Yadav,6,0,0,0,0,0,0,,,,
1527678,2026,2026-04-01,"Bharat Ratna Shri Atal Bihari Vajpayee Ekana Cricket Stadium, Lucknow",1,56,Lucknow Super Giants,Delhi Capitals,MR Marsh,Abdul Samad,Kuldeep Yadav,0,0,0,0,0,0,0,,,,
1527678,2026,2026-04-01,"Bharat Ratna Shri Atal Bihari Vajpayee Ekana Cricket Stadium, Lucknow",1,57,Lucknow Super Giants,Delhi Capitals,MR Marsh,Abdul Samad,Kuldeep Yadav,0,0,0,0,0,0,0,caught,MR Marsh,{'name': 'T Stubbs'},
1527678,2026,2026-04-01,"Bharat Ratna Shri Atal Bihari Vajpayee Ekana Cricket Stadium, Lucknow",1,58,Lucknow Super Giants,Delhi Capitals,MD Choudhary,Abdul Samad,Kuldeep Yadav,4,0,0,0,0,0,0,,,,
1527678,2026,2026-04-01,"Bharat Ratna Shri Atal Bihari Vajpayee Ekana Cricket Stadium, Lucknow",1,59,Lucknow Super Giants,Delhi Capitals,MD Choudhary,Abdul Samad,Kuldeep Yadav,4,0,0,0,0,0,0,,,,
1527678,2026,2026-04-01,"Bharat Ratna Shri Atal Bihari Vajpayee Ekana Cricket Stadium, Lucknow",1,60,Lucknow Super Giants,Delhi Capitals,MD Choudhary,Abdul Samad,Kuldeep Yadav,1,0,0,0,0,0,0,,,,
1527678,2026,2026-04-01,"Bharat Ratna Shri Atal Bihari Vajpayee Ekana Cricket Stadium, Lucknow",1,61,Lucknow Super Giants,Delhi Capitals,MD Choudhary,Abdul Samad,AR Patel,1,0,0,0,0,0,0,,,,
1527678,2026,2026-04-01,"Bharat Ratna Shri Atal Bihari Vajpayee Ekana Cricket Stadium, Lucknow",1,62,Lucknow Super Giants,Delhi Capitals,Abdul Samad,MD Choudhary,AR Patel,1,0,0,0,0,0,0,,,,
1527678,2026,2026-04-01,"Bharat Ratna Shri Atal Bihari Vajpayee Ekana Cricket Stadium, Lucknow",1,63,Lucknow Super Giants,Delhi Capitals,MD Choudhary,Abdul Samad,AR Patel,0,0,0,0,0,0,0,,,,
1527678,2026,2026-04-01,"Bharat Ratna Shri Atal Bihari Vajpayee Ekana Cricket Stadium, Lucknow",1,64,Lucknow Super Giants,Delhi Capitals,MD Choudhary,Abdul Samad,AR Patel,1,0,0,0,0,0,0,,,,
1527678,2026,2026-04-01,"Bharat Ratna Shri Atal Bihari Vajpayee Ekana Cricket Stadium, Lucknow",1,65,Lucknow Super Giants,Delhi Capitals,Abdul Samad,MD Choudhary,AR Patel,1,0,0,0,0,0,0,,,,
1527678,2026,2026-04-01,"Bharat Ratna Shri Atal Bihari Vajpayee Ekana Cricket Stadium, Lucknow",1,66,Lucknow Super Giants,Delhi Capitals,MD Choudhary,Abdul Samad,AR Patel,0,0,0,0,0,0,0,,,,
1527678,2026,2026-04-01,"Bharat Ratna Shri Atal Bihari Vajpayee Ekana Cricket Stadium, Lucknow",1,67,Lucknow Super Giants,Delhi Capitals,Abdul Samad,MD Choudhary,V Nigam,0,4,0,0,0,4,0,,,,
1527678,2026,2026-04-01,"Bharat Ratna Shri Atal Bihari Vajpayee Ekana Cricket Stadium, Lucknow",1,68,Lucknow Super Giants,Delhi Capitals,Abdul Samad,MD Choudhary,V Nigam,4,0,0,0,0,0,0,,,,
1527678,2026,2026-04-01,"Bharat Ratna Shri Atal Bihari Vajpayee Ekana Cricket Stadium, Lucknow",1,69,Lucknow Super Giants,Delhi Capitals,Abdul Samad,MD Choudhary,V Nigam,1,0,0,0,0,0,0,,,,
1527678,2026,2026-04-01,"Bharat Ratna Shri Atal Bihari Vajpayee Ekana Cricket Stadium, Lucknow",1,70,Lucknow Super Giants,Delhi Capitals,MD Choudhary,Abdul Samad,V Nigam,1,0,0,0,0,0,0,,,,
1527678,2026,2026-04-01,"Bharat Ratna Shri Atal Bihari Vajpayee Ekana Cricket Stadium, Lucknow",1,71,Lucknow Super Giants,Delhi Capitals,Abdul Samad,MD Choudhary,V Nigam,2,0,0,0,0,0,0,,,,
1527678,2026,2026-04-01,"Bharat Ratna Shri Atal Bihari Vajpayee Ekana Cricket Stadium, Lucknow",1,72,Lucknow Super Giants,Delhi Capitals,Abdul Samad,MD Choudhary,V Nigam,0,0,0,0,0,0,0,,,,
1527678,2026,2026-04-01,"Bharat Ratna Shri Atal Bihari Vajpayee Ekana Cricket Stadium, Lucknow",1,73,Lucknow Super Giants,Delhi Capitals,MD Choudhary,Abdul Samad,T Natarajan,1,0,0,0,0,0,0,,,,
1527678,2026,2026-04-01,"Bharat Ratna Shri Atal Bihari Vajpayee Ekana Cricket Stadium, Lucknow",1,74,Lucknow Super Giants,Delhi Capitals,Abdul Samad,MD Choudhary,T Natarajan,2,0,0,0,0,0,0,,,,
1527678,2026,2026-04-01,"Bharat Ratna Shri Atal Bihari Vajpayee Ekana Cricket Stadium, Lucknow",1,75,Lucknow Super Giants,Delhi Capitals,Abdul Samad,MD Choudhary,T Natarajan,0,0,0,0,0,0,0,,,,
1527678,2026,2026-04-01,"Bharat Ratna Shri Atal Bihari Vajpayee Ekana Cricket Stadium, Lucknow",1,76,Lucknow Super Giants,Delhi Capitals,Abdul Samad,MD Choudhary,T Natarajan,4,0,0,0,0,0,0,,,,
1527678,2026,2026-04-01,"Bharat Ratna Shri Atal Bihari Vajpayee Ekana Cricket Stadium, Lucknow",1,77,Lucknow Super Giants,Delhi Capitals,Abdul Samad,MD Choudhary,T Natarajan,1,0,0,0,0,0,0,,,,
1527678,2026,2026-04-01,"Bharat Ratna Shri Atal Bihari Vajpayee Ekana Cricket Stadium, Lucknow",1,78,Lucknow Super Giants,Delhi Capitals,MD Choudhary,Abdul Samad,T Natarajan,1,0,0,0,0,0,0,,,,
1527678,2026,2026-04-01,"Bharat Ratna Shri Atal Bihari Vajpayee Ekana Cricket Stadium, Lucknow",1,79,Lucknow Super Giants,Delhi Capitals,MD Choudhary,Abdul Samad,Kuldeep Yadav,0,0,0,0,0,0,0,caught and bowled,MD Choudhary,,
1527678,2026,2026-04-01,"Bharat Ratna Shri Atal Bihari Vajpayee Ekana Cricket Stadium, Lucknow",1,80,Lucknow Super Giants,Delhi Capitals,Shahbaz Ahmed,Abdul Samad,Kuldeep Yadav,0,0,0,0,0,0,0,,,,
1527678,2026,2026-04-01,"Bharat Ratna Shri Atal Bihari Vajpayee Ekana Cricket Stadium, Lucknow",1,81,Lucknow Super Giants,Delhi Capitals,Shahbaz Ahmed,Abdul Samad,Kuldeep Yadav,1,0,0,0,0,0,0,,,,
1527678,2026,2026-04-01,"Bharat Ratna Shri Atal Bihari Vajpayee Ekana Cricket Stadium, Lucknow",1,82,Lucknow Super Giants,Delhi Capitals,Abdul Samad,Shahbaz Ahmed,Kuldeep Yadav,2,0,0,0,0,0,0,,,,
1527678,2026,2026-04-01,"Bharat Ratna Shri Atal Bihari Vajpayee Ekana Cricket Stadium, Lucknow",1,83,Lucknow Super Giants,Delhi Capitals,Abdul Samad,Shahbaz Ahmed,Kuldeep Yadav,0,0,0,0,0,0,0,,,,
1527678,2026,2026-04-01,"Bharat Ratna Shri Atal Bihari Vajpayee Ekana Cricket Stadium, Lucknow",1,84,Lucknow Super Giants,Delhi Capitals,Abdul Samad,Shahbaz Ahmed,Kuldeep Yadav,0,0,0,0,0,0,0,,,,
1527678,2026,2026-04-01,"Bharat Ratna Shri Atal Bihari Vajpayee Ekana Cricket Stadium, Lucknow",1,85,Lucknow Super Giants,Delhi Capitals,Shahbaz Ahmed,Abdul Samad,T Natarajan,0,0,0,0,0,0,0,,,,
1527678,2026,2026-04-01,"Bharat Ratna Shri Atal Bihari Vajpayee Ekana Cricket Stadium, Lucknow",1,86,Lucknow Super Giants,Delhi Capitals,Shahbaz Ahmed,Abdul Samad,T Natarajan,1,0,0,0,0,0,0,,,,
1527678,2026,2026-04-01,"Bharat Ratna Shri Atal Bihari Vajpayee Ekana Cricket Stadium, Lucknow",1,87,Lucknow Super Giants,Delhi Capitals,Abdul Samad,Shahbaz Ahmed,T Natarajan,6,0,0,0,0,0,0,,,,
1527678,2026,2026-04-01,"Bharat Ratna Shri Atal Bihari Vajpayee Ekana Cricket Stadium, Lucknow",1,88,Lucknow Super Giants,Delhi Capitals,Abdul Samad,Shahbaz Ahmed,T Natarajan,4,0,0,0,0,0,0,,,,
1527678,2026,2026-04-01,"Bharat Ratna Shri Atal Bihari Vajpayee Ekana Cricket Stadium, Lucknow",1,89,Lucknow Super Giants,Delhi Capitals,Abdul Samad,Shahbaz Ahmed,T Natarajan,1,0,0,0,0,0,0,,,,
1527678,2026,2026-04-01,"Bharat Ratna Shri Atal Bihari Vajpayee Ekana Cricket Stadium, Lucknow",1,90,Lucknow Super Giants,Delhi Capitals,Shahbaz Ahmed,Abdul Samad,T Natarajan,1,0,0,0,0,0,0,,,,
1527678,2026,2026-04-01,"Bharat Ratna Shri Atal Bihari Vajpayee Ekana Cricket Stadium, Lucknow",1,91,Lucknow Super Giants,Delhi Capitals,Shahbaz Ahmed,Abdul Samad,Kuldeep Yadav,1,0,0,0,0,0,0,,,,
1527678,2026,2026-04-01,"Bharat Ratna Shri Atal Bihari Vajpayee Ekana Cricket Stadium, Lucknow",1,92,Lucknow Super Giants,Delhi Capitals,Abdul Samad,Shahbaz Ahmed,Kuldeep Yadav,1,0,0,0,0,0,0,,,,
1527678,2026,2026-04-01,"Bharat Ratna Shri Atal Bihari Vajpayee Ekana Cricket Stadium, Lucknow",1,93,Lucknow Super Giants,Delhi Capitals,Shahbaz Ahmed,Abdul Samad,Kuldeep Yadav,1,0,0,0,0,0,0,,,,
1527678,2026,2026-04-01,"Bharat Ratna Shri Atal Bihari Vajpayee Ekana Cricket Stadium, Lucknow",1,94,Lucknow Super Giants,Delhi Capitals,Abdul Samad,Shahbaz Ahmed,Kuldeep Yadav,1,0,0,0,0,0,0,,,,
1527678,2026,2026-04-01,"Bharat Ratna Shri Atal Bihari Vajpayee Ekana Cricket Stadium, Lucknow",1,95,Lucknow Super Giants,Delhi Capitals,Shahbaz Ahmed,Abdul Samad,Kuldeep Yadav,1,0,0,0,0,0,0,,,,
1527678,2026,2026-04-01,"Bharat Ratna Shri Atal Bihari Vajpayee Ekana Cricket Stadium, Lucknow",1,96,Lucknow Super Giants,Delhi Capitals,Abdul Samad,Shahbaz Ahmed,Kuldeep Yadav,1,0,0,0,0,0,0,,,,
1527678,2026,2026-04-01,"Bharat Ratna Shri Atal Bihari Vajpayee Ekana Cricket Stadium, Lucknow",1,97,Lucknow Super Giants,Delhi Capitals,Abdul Samad,Shahbaz Ahmed,L Ngidi,1,0,0,0,0,0,0,,,,
1527678,2026,2026-04-01,"Bharat Ratna Shri Atal Bihari Vajpayee Ekana Cricket Stadium, Lucknow",1,98,Lucknow Super Giants,Delhi Capitals,Shahbaz Ahmed,Abdul Samad,L Ngidi,4,0,0,0,0,0,0,,,,
1527678,2026,2026-04-01,"Bharat Ratna Shri Atal Bihari Vajpayee Ekana Cricket Stadium, Lucknow",1,99,Lucknow Super Giants,Delhi Capitals,Shahbaz Ahmed,Abdul Samad,L Ngidi,1,0,0,0,0,0,0,,,,
1527678,2026,2026-04-01,"Bharat Ratna Shri Atal Bihari Vajpayee Ekana Cricket Stadium, Lucknow",1,100,Lucknow Super Giants,Delhi Capitals,Abdul Samad,Shahbaz Ahmed,L Ngidi,1,0,0,0,0,0,0,,,,
1527678,2026,2026-04-01,"Bharat Ratna Shri Atal Bihari Vajpayee Ekana Cricket Stadium, Lucknow",1,101,Lucknow Super Giants,Delhi Capitals,Shahbaz Ahmed,Abdul Samad,L Ngidi,0,0,0,0,0,0,0,,,,
1527678,2026,2026-04-01,"Bharat Ratna Shri Atal Bihari Vajpayee Ekana Cricket Stadium, Lucknow",1,102,Lucknow Super Giants,Delhi Capitals,Shahbaz Ahmed,Abdul Samad,L Ngidi,1,0,0,0,0,0,0,,,,
1527678,2026,2026-04-01,"Bharat Ratna Shri Atal Bihari Vajpayee Ekana Cricket Stadium, Lucknow",1,103,Lucknow Super Giants,Delhi Capitals,Shahbaz Ahmed,Abdul Samad,T Natarajan,1,0,0,0,0,0,0,,,,
1527678,2026,2026-04-01,"Bharat Ratna Shri Atal Bihari Vajpayee Ekana Cricket Stadium, Lucknow",1,104,Lucknow Super Giants,Delhi Capitals,Abdul Samad,Shahbaz Ahmed,T Natarajan,2,0,0,0,0,0,0,,,,
1527678,2026,2026-04-01,"Bharat Ratna Shri Atal Bihari Vajpayee Ekana Cricket Stadium, Lucknow",1,105,Lucknow Super Giants,Delhi Capitals,Abdul Samad,Shahbaz Ahmed,T Natarajan,0,0,0,0,0,0,0,caught,Abdul Samad,{'name': 'DA Miller'},
1527678,2026,2026-04-01,"Bharat Ratna Shri Atal Bihari Vajpayee Ekana Cricket Stadium, Lucknow",1,106,Lucknow Super Giants,Delhi Capitals,Mohammed Shami,Shahbaz Ahmed,T Natarajan,1,0,0,0,0,0,0,,,,
1527678,2026,2026-04-01,"Bharat Ratna Shri Atal Bihari Vajpayee Ekana Cricket Stadium, Lucknow",1,107,Lucknow Super Giants,Delhi Capitals,Shahbaz Ahmed,Mohammed Shami,T Natarajan,1,0,0,0,0,0,0,,,,
1527678,2026,2026-04-01,"Bharat Ratna Shri Atal Bihari Vajpayee Ekana Cricket Stadium, Lucknow",1,108,Lucknow Super Giants,Delhi Capitals,Mohammed Shami,Shahbaz Ahmed,T Natarajan,0,0,0,0,0,0,0,caught,Mohammed Shami,{'name': 'Kuldeep Yadav'},
1527678,2026,2026-04-01,"Bharat Ratna Shri Atal Bihari Vajpayee Ekana Cricket Stadium, Lucknow",1,109,Lucknow Super Giants,Delhi Capitals,Shahbaz Ahmed,A Nortje,L Ngidi,0,0,0,0,0,0,0,,,,
1527678,2026,2026-04-01,"Bharat Ratna Shri Atal Bihari Vajpayee Ekana Cricket Stadium, Lucknow",1,110,Lucknow Super Giants,Delhi Capitals,Shahbaz Ahmed,A Nortje,L Ngidi,1,0,0,0,0,0,0,,,,
1527678,2026,2026-04-01,"Bharat Ratna Shri Atal Bihari Vajpayee Ekana Cricket Stadium, Lucknow",1,111,Lucknow Super Giants,Delhi Capitals,A Nortje,Shahbaz Ahmed,L Ngidi,0,0,0,0,0,0,0,caught,A Nortje,{'name': 'T Stubbs'},
1527678,2026,2026-04-01,"Bharat Ratna Shri Atal Bihari Vajpayee Ekana Cricket Stadium, Lucknow",1,112,Lucknow Super Giants,Delhi Capitals,Mohsin Khan,Shahbaz Ahmed,L Ngidi,0,0,0,0,0,0,0,caught,Mohsin Khan,{'name': 'Mukesh Kumar'},
1527678,2026,2026-04-01,"Bharat Ratna Shri Atal Bihari Vajpayee Ekana Cricket Stadium, Lucknow",2,1,Delhi Capitals,Lucknow Super Giants,KL Rahul,P Nissanka,Mohammed Shami,0,0,0,0,0,0,0,caught,KL Rahul,{'name': 'Mohsin Khan'},
1527678,2026,2026-04-01,"Bharat Ratna Shri Atal Bihari Vajpayee Ekana Cricket Stadium, Lucknow",2,2,Delhi Capitals,Lucknow Super Giants,N Rana,P Nissanka,Mohammed Shami,0,1,1,0,0,0,0,,,,
1527678,2026,2026-04-01,"Bharat Ratna Shri Atal Bihari Vajpayee Ekana Cricket Stadium, Lucknow",2,3,Delhi Capitals,Lucknow Super Giants,N Rana,P Nissanka,Mohammed Shami,0,1,1,0,0,0,0,,,,
1527678,2026,2026-04-01,"Bharat Ratna Shri Atal Bihari Vajpayee Ekana Cricket Stadium, Lucknow",2,4,Delhi Capitals,Lucknow Super Giants,N Rana,P Nissanka,Mohammed Shami,0,0,0,0,0,0,0,,,,
1527678,2026,2026-04-01,"Bharat Ratna Shri Atal Bihari Vajpayee Ekana Cricket Stadium, Lucknow",2,5,Delhi Capitals,Lucknow Super Giants,N Rana,P Nissanka,Mohammed Shami,0,0,0,0,0,0,0,,,,
1527678,2026,2026-04-01,"Bharat Ratna Shri Atal Bihari Vajpayee Ekana Cricket Stadium, Lucknow",2,6,Delhi Capitals,Lucknow Super Giants,N Rana,P Nissanka,Mohammed Shami,4,0,0,0,0,0,0,,,,
1527678,2026,2026-04-01,"Bharat Ratna Shri Atal Bihari Vajpayee Ekana Cricket Stadium, Lucknow",2,7,Delhi Capitals,Lucknow Super Giants,N Rana,P Nissanka,Mohammed Shami,0,0,0,0,0,0,0,,,,
1527678,2026,2026-04-01,"Bharat Ratna Shri Atal Bihari Vajpayee Ekana Cricket Stadium, Lucknow",2,8,Delhi Capitals,Lucknow Super Giants,N Rana,P Nissanka,Mohammed Shami,0,0,0,0,0,0,0,,,,
1527678,2026,2026-04-01,"Bharat Ratna Shri Atal Bihari Vajpayee Ekana Cricket Stadium, Lucknow",2,7,Delhi Capitals,Lucknow Super Giants,P Nissanka,N Rana,Prince Yadav,1,0,0,0,0,0,0,,,,
1527678,2026,2026-04-01,"Bharat Ratna Shri Atal Bihari Vajpayee Ekana Cricket Stadium, Lucknow",2,8,Delhi Capitals,Lucknow Super Giants,N Rana,P Nissanka,Prince Yadav,0,0,0,0,0,0,0,,,,
1527678,2026,2026-04-01,"Bharat Ratna Shri Atal Bihari Vajpayee Ekana Cricket Stadium, Lucknow",2,9,Delhi Capitals,Lucknow Super Giants,N Rana,P Nissanka,Prince Yadav,0,0,0,0,0,0,0,,,,
1527678,2026,2026-04-01,"Bharat Ratna Shri Atal Bihari Vajpayee Ekana Cricket Stadium, Lucknow",2,10,Delhi Capitals,Lucknow Super Giants,N Rana,P Nissanka,Prince Yadav,4,0,0,0,0,0,0,,,,
1527678,2026,2026-04-01,"Bharat Ratna Shri Atal Bihari Vajpayee Ekana Cricket Stadium, Lucknow",2,11,Delhi Capitals,Lucknow Super Giants,N Rana,P Nissanka,Prince Yadav,0,0,0,0,0,0,0,,,,
1527678,2026,2026-04-01,"Bharat Ratna Shri Atal Bihari Vajpayee Ekana Cricket Stadium, Lucknow",2,12,Delhi Capitals,Lucknow Super Giants,N Rana,P Nissanka,Prince Yadav,0,1,1,0,0,0,0,,,,
1527678,2026,2026-04-01,"Bharat Ratna Shri Atal Bihari Vajpayee Ekana Cricket Stadium, Lucknow",2,13,Delhi Capitals,Lucknow Super Giants,N Rana,P Nissanka,Prince Yadav,1,0,0,0,0,0,0,,,,
1527678,2026,2026-04-01,"Bharat Ratna Shri Atal Bihari Vajpayee Ekana Cricket Stadium, Lucknow",2,13,Delhi Capitals,Lucknow Super Giants,N Rana,P Nissanka,Mohammed Shami,0,1,1,0,0,0,0,,,,
1527678,2026,2026-04-01,"Bharat Ratna Shri Atal Bihari Vajpayee Ekana Cricket Stadium, Lucknow",2,14,Delhi Capitals,Lucknow Super Giants,N Rana,P Nissanka,Mohammed Shami,0,0,0,0,0,0,0,,,,
1527678,2026,2026-04-01,"Bharat Ratna Shri Atal Bihari Vajpayee Ekana Cricket Stadium, Lucknow",2,15,Delhi Capitals,Lucknow Super Giants,N Rana,P Nissanka,Mohammed Shami,0,0,0,0,0,0,0,,,,
1527678,2026,2026-04-01,"Bharat Ratna Shri Atal Bihari Vajpayee Ekana Cricket Stadium, Lucknow",2,16,Delhi Capitals,Lucknow Super Giants,N Rana,P Nissanka,Mohammed Shami,0,0,0,0,0,0,0,,,,
1527678,2026,2026-04-01,"Bharat Ratna Shri Atal Bihari Vajpayee Ekana Cricket Stadium, Lucknow",2,17,Delhi Capitals,Lucknow Super Giants,N Rana,P Nissanka,Mohammed Shami,0,0,0,0,0,0,0,,,,
1527678,2026,2026-04-01,"Bharat Ratna Shri Atal Bihari Vajpayee Ekana Cricket Stadium, Lucknow",2,18,Delhi Capitals,Lucknow Super Giants,N Rana,P Nissanka,Mohammed Shami,6,0,0,0,0,0,0,,,,
1527678,2026,2026-04-01,"Bharat Ratna Shri Atal Bihari Vajpayee Ekana Cricket Stadium, Lucknow",2,19,Delhi Capitals,Lucknow Super Giants,N Rana,P Nissanka,Mohammed Shami,0,0,0,0,0,0,0,,,,
1527678,2026,2026-04-01,"Bharat Ratna Shri Atal Bihari Vajpayee Ekana Cricket Stadium, Lucknow",2,19,Delhi Capitals,Lucknow Super Giants,P Nissanka,N Rana,Mohsin Khan,0,0,0,0,0,0,0,,,,
1527678,2026,2026-04-01,"Bharat Ratna Shri Atal Bihari Vajpayee Ekana Cricket Stadium, Lucknow",2,20,Delhi Capitals,Lucknow Super Giants,P Nissanka,N Rana,Mohsin Khan,0,1,0,0,0,1,0,,,,
1527678,2026,2026-04-01,"Bharat Ratna Shri Atal Bihari Vajpayee Ekana Cricket Stadium, Lucknow",2,21,Delhi Capitals,Lucknow Super Giants,N Rana,P Nissanka,Mohsin Khan,0,0,0,0,0,0,0,caught,N Rana,{'name': 'Abdul Samad'},
1527678,2026,2026-04-01,"Bharat Ratna Shri Atal Bihari Vajpayee Ekana Cricket Stadium, Lucknow",2,22,Delhi Capitals,Lucknow Super Giants,Sameer Rizvi,P Nissanka,Mohsin Khan,0,2,0,0,0,2,0,,,,
1527678,2026,2026-04-01,"Bharat Ratna Shri Atal Bihari Vajpayee Ekana Cricket Stadium, Lucknow",2,23,Delhi Capitals,Lucknow Super Giants,Sameer Rizvi,P Nissanka,Mohsin Khan,0,0,0,0,0,0,0,,,,
1527678,2026,2026-04-01,"Bharat Ratna Shri Atal Bihari Vajpayee Ekana Cricket Stadium, Lucknow",2,24,Delhi Capitals,Lucknow Super Giants,Sameer Rizvi,P Nissanka,Mohsin Khan,0,0,0,0,0,0,0,,,,
1527678,2026,2026-04-01,"Bharat Ratna Shri Atal Bihari Vajpayee Ekana Cricket Stadium, Lucknow",2,25,Delhi Capitals,Lucknow Super Giants,P Nissanka,Sameer Rizvi,Prince Yadav,0,1,1,0,0,0,0,,,,
1527678,2026,2026-04-01,"Bharat Ratna Shri Atal Bihari Vajpayee Ekana Cricket Stadium, Lucknow",2,26,Delhi Capitals,Lucknow Super Giants,P Nissanka,Sameer Rizvi,Prince Yadav,0,0,0,0,0,0,0,,,,
1527678,2026,2026-04-01,"Bharat Ratna Shri Atal Bihari Vajpayee Ekana Cricket Stadium, Lucknow",2,27,Delhi Capitals,Lucknow Super Giants,P Nissanka,Sameer Rizvi,Prince Yadav,0,1,1,0,0,0,0,,,,
1527678,2026,2026-04-01,"Bharat Ratna Shri Atal Bihari Vajpayee Ekana Cricket Stadium, Lucknow",2,28,Delhi Capitals,Lucknow Super Giants,P Nissanka,Sameer Rizvi,Prince Yadav,0,0,0,0,0,0,0,caught,P Nissanka,{'name': 'RR Pant'},
1527678,2026,2026-04-01,"Bharat Ratna Shri Atal Bihari Vajpayee Ekana Cricket Stadium, Lucknow",2,29,Delhi Capitals,Lucknow Super Giants,AR Patel,Sameer Rizvi,Prince Yadav,0,1,1,0,0,0,0,,,,
1527678,2026,2026-04-01,"Bharat Ratna Shri Atal Bihari Vajpayee Ekana Cricket Stadium, Lucknow",2,30,Delhi Capitals,Lucknow Super Giants,AR Patel,Sameer Rizvi,Prince Yadav,0,0,0,0,0,0,0,bowled,AR Patel,,
1527678,2026,2026-04-01,"Bharat Ratna Shri Atal Bihari Vajpayee Ekana Cricket Stadium, Lucknow",2,31,Delhi Capitals,Lucknow Super Giants,T Stubbs,Sameer Rizvi,Prince Yadav,4,0,0,0,0,0,0,,,,
1527678,2026,2026-04-01,"Bharat Ratna Shri Atal Bihari Vajpayee Ekana Cricket Stadium, Lucknow",2,32,Delhi Capitals,Lucknow Super Giants,T Stubbs,Sameer Rizvi,Prince Yadav,0,0,0,0,0,0,0,,,,
1527678,2026,2026-04-01,"Bharat Ratna Shri Atal Bihari Vajpayee Ekana Cricket Stadium, Lucknow",2,33,Delhi Capitals,Lucknow Super Giants,T Stubbs,Sameer Rizvi,Prince Yadav,0,0,0,0,0,0,0,,,,
1527678,2026,2026-04-01,"Bharat Ratna Shri Atal Bihari Vajpayee Ekana Cricket Stadium, Lucknow",2,31,Delhi Capitals,Lucknow Super Giants,Sameer Rizvi,T Stubbs,Mohsin Khan,0,0,0,0,0,0,0,,,,
1527678,2026,2026-04-01,"Bharat Ratna Shri Atal Bihari Vajpayee Ekana Cricket Stadium, Lucknow",2,32,Delhi Capitals,Lucknow Super Giants,Sameer Rizvi,T Stubbs,Mohsin Khan,0,0,0,0,0,0,0,,,,
1527678,2026,2026-04-01,"Bharat Ratna Shri Atal Bihari Vajpayee Ekana Cricket Stadium, Lucknow",2,33,Delhi Capitals,Lucknow Super Giants,Sameer Rizvi,T Stubbs,Mohsin Khan,0,0,0,0,0,0,0,,,,
1527678,2026,2026-04-01,"Bharat Ratna Shri Atal Bihari Vajpayee Ekana Cricket Stadium, Lucknow",2,34,Delhi Capitals,Lucknow Super Giants,Sameer Rizvi,T Stubbs,Mohsin Khan,0,1,0,0,0,1,0,,,,
1527678,2026,2026-04-01,"Bharat Ratna Shri Atal Bihari Vajpayee Ekana Cricket Stadium, Lucknow",2,35,Delhi Capitals,Lucknow Super Giants,T Stubbs,Sameer Rizvi,Mohsin Khan,0,0,0,0,0,0,0,,,,
1527678,2026,2026-04-01,"Bharat Ratna Shri Atal Bihari Vajpayee Ekana Cricket Stadium, Lucknow",2,36,Delhi Capitals,Lucknow Super Giants,T Stubbs,Sameer Rizvi,Mohsin Khan,2,0,0,0,0,0,0,,,,
1527678,2026,2026-04-01,"Bharat Ratna Shri Atal Bihari Vajpayee Ekana Cricket Stadium, Lucknow",2,37,Delhi Capitals,Lucknow Super Giants,Sameer Rizvi,T Stubbs,Mohammed Shami,0,0,0,0,0,0,0,,,,
1527678,2026,2026-04-01,"Bharat Ratna Shri Atal Bihari Vajpayee Ekana Cricket Stadium, Lucknow",2,38,Delhi Capitals,Lucknow Super Giants,Sameer Rizvi,T Stubbs,Mohammed Shami,1,0,0,0,0,0,0,,,,
1527678,2026,2026-04-01,"Bharat Ratna Shri Atal Bihari Vajpayee Ekana Cricket Stadium, Lucknow",2,39,Delhi Capitals,Lucknow Super Giants,T Stubbs,Sameer Rizvi,Mohammed Shami,1,0,0,0,0,0,0,,,,
1527678,2026,2026-04-01,"Bharat Ratna Shri Atal Bihari Vajpayee Ekana Cricket Stadium, Lucknow",2,40,Delhi Capitals,Lucknow Super Giants,Sameer Rizvi,T Stubbs,Mohammed Shami,1,0,0,0,0,0,0,,,,
1527678,2026,2026-04-01,"Bharat Ratna Shri Atal Bihari Vajpayee Ekana Cricket Stadium, Lucknow",2,41,Delhi Capitals,Lucknow Super Giants,T Stubbs,Sameer Rizvi,Mohammed Shami,1,0,0,0,0,0,0,,,,
1527678,2026,2026-04-01,"Bharat Ratna Shri Atal Bihari Vajpayee Ekana Cricket Stadium, Lucknow",2,42,Delhi Capitals,Lucknow Super Giants,Sameer Rizvi,T Stubbs,Mohammed Shami,0,1,1,0,0,0,0,,,,
1527678,2026,2026-04-01,"Bharat Ratna Shri Atal Bihari Vajpayee Ekana Cricket Stadium, Lucknow",2,43,Delhi Capitals,Lucknow Super Giants,Sameer Rizvi,T Stubbs,Mohammed Shami,2,0,0,0,0,0,0,,,,
1527678,2026,2026-04-01,"Bharat Ratna Shri Atal Bihari Vajpayee Ekana Cricket Stadium, Lucknow",2,43,Delhi Capitals,Lucknow Super Giants,T Stubbs,Sameer Rizvi,A Nortje,1,0,0,0,0,0,0,,,,
1527678,2026,2026-04-01,"Bharat Ratna Shri Atal Bihari Vajpayee Ekana Cricket Stadium, Lucknow",2,44,Delhi Capitals,Lucknow Super Giants,Sameer Rizvi,T Stubbs,A Nortje,0,0,0,0,0,0,0,,,,
1527678,2026,2026-04-01,"Bharat Ratna Shri Atal Bihari Vajpayee Ekana Cricket Stadium, Lucknow",2,45,Delhi Capitals,Lucknow Super Giants,Sameer Rizvi,T Stubbs,A Nortje,0,1,1,0,0,0,0,,,,
1527678,2026,2026-04-01,"Bharat Ratna Shri Atal Bihari Vajpayee Ekana Cricket Stadium, Lucknow",2,46,Delhi Capitals,Lucknow Super Giants,Sameer Rizvi,T Stubbs,A Nortje,1,0,0,0,0,0,0,,,,
1527678,2026,2026-04-01,"Bharat Ratna Shri Atal Bihari Vajpayee Ekana Cricket Stadium, Lucknow",2,47,Delhi Capitals,Lucknow Super Giants,T Stubbs,Sameer Rizvi,A Nortje,2,0,0,0,0,0,0,,,,
1527678,2026,2026-04-01,"Bharat Ratna Shri Atal Bihari Vajpayee Ekana Cricket Stadium, Lucknow",2,48,Delhi Capitals,Lucknow Super Giants,T Stubbs,Sameer Rizvi,A Nortje,1,0,0,0,0,0,0,,,,
1527678,2026,2026-04-01,"Bharat Ratna Shri Atal Bihari Vajpayee Ekana Cricket Stadium, Lucknow",2,49,Delhi Capitals,Lucknow Super Giants,Sameer Rizvi,T Stubbs,A Nortje,0,1,1,0,0,0,0,,,,
1527678,2026,2026-04-01,"Bharat Ratna Shri Atal Bihari Vajpayee Ekana Cricket Stadium, Lucknow",2,50,Delhi Capitals,Lucknow Super Giants,Sameer Rizvi,T Stubbs,A Nortje,6,0,0,0,0,0,0,,,,
1527678,2026,2026-04-01,"Bharat Ratna Shri Atal Bihari Vajpayee Ekana Cricket Stadium, Lucknow",2,49,Delhi Capitals,Lucknow Super Giants,T Stubbs,Sameer Rizvi,Mohammed Shami,1,0,0,0,0,0,0,,,,
1527678,2026,2026-04-01,"Bharat Ratna Shri Atal Bihari Vajpayee Ekana Cricket Stadium, Lucknow",2,50,Delhi Capitals,Lucknow Super Giants,Sameer Rizvi,T Stubbs,Mohammed Shami,1,0,0,0,0,0,0,,,,
1527678,2026,2026-04-01,"Bharat Ratna Shri Atal Bihari Vajpayee Ekana Cricket Stadium, Lucknow",2,51,Delhi Capitals,Lucknow Super Giants,T Stubbs,Sameer Rizvi,Mohammed Shami,1,0,0,0,0,0,0,,,,
1527678,2026,2026-04-01,"Bharat Ratna Shri Atal Bihari Vajpayee Ekana Cricket Stadium, Lucknow",2,52,Delhi Capitals,Lucknow Super Giants,Sameer Rizvi,T Stubbs,Mohammed Shami,1,0,0,0,0,0,0,,,,
1527678,2026,2026-04-01,"Bharat Ratna Shri Atal Bihari Vajpayee Ekana Cricket Stadium, Lucknow",2,53,Delhi Capitals,Lucknow Super Giants,T Stubbs,Sameer Rizvi,Mohammed Shami,0,0,0,0,0,0,0,,,,
1527678,2026,2026-04-01,"Bharat Ratna Shri Atal Bihari Vajpayee Ekana Cricket Stadium, Lucknow",2,54,Delhi Capitals,Lucknow Super Giants,T Stubbs,Sameer Rizvi,Mohammed Shami,4,0,0,0,0,0,0,,,,
1527678,2026,2026-04-01,"Bharat Ratna Shri Atal Bihari Vajpayee Ekana Cricket Stadium, Lucknow",2,55,Delhi Capitals,Lucknow Super Giants,Sameer Rizvi,T Stubbs,Shahbaz Ahmed,2,0,0,0,0,0,0,,,,
1527678,2026,2026-04-01,"Bharat Ratna Shri Atal Bihari Vajpayee Ekana Cricket Stadium, Lucknow",2,56,Delhi Capitals,Lucknow Super Giants,Sameer Rizvi,T Stubbs,Shahbaz Ahmed,4,0,0,0,0,0,0,,,,
1527678,2026,2026-04-01,"Bharat Ratna Shri Atal Bihari Vajpayee Ekana Cricket Stadium, Lucknow",2,57,Delhi Capitals,Lucknow Super Giants,Sameer Rizvi,T Stubbs,Shahbaz Ahmed,1,0,0,0,0,0,0,,,,
1527678,2026,2026-04-01,"Bharat Ratna Shri Atal Bihari Vajpayee Ekana Cricket Stadium, Lucknow",2,58,Delhi Capitals,Lucknow Super Giants,T Stubbs,Sameer Rizvi,Shahbaz Ahmed,1,0,0,0,0,0,0,,,,
1527678,2026,2026-04-01,"Bharat Ratna Shri Atal Bihari Vajpayee Ekana Cricket Stadium, Lucknow",2,59,Delhi Capitals,Lucknow Super Giants,Sameer Rizvi,T Stubbs,Shahbaz Ahmed,4,0,0,0,0,0,0,,,,
1527678,2026,2026-04-01,"Bharat Ratna Shri Atal Bihari Vajpayee Ekana Cricket Stadium, Lucknow",2,60,Delhi Capitals,Lucknow Super Giants,Sameer Rizvi,T Stubbs,Shahbaz Ahmed,4,0,0,0,0,0,0,,,,
1527678,2026,2026-04-01,"Bharat Ratna Shri Atal Bihari Vajpayee Ekana Cricket Stadium, Lucknow",2,61,Delhi Capitals,Lucknow Super Giants,T Stubbs,Sameer Rizvi,A Nortje,1,0,0,0,0,0,0,,,,
1527678,2026,2026-04-01,"Bharat Ratna Shri Atal Bihari Vajpayee Ekana Cricket Stadium, Lucknow",2,62,Delhi Capitals,Lucknow Super Giants,Sameer Rizvi,T Stubbs,A Nortje,2,0,0,0,0,0,0,,,,
1527678,2026,2026-04-01,"Bharat Ratna Shri Atal Bihari Vajpayee Ekana Cricket Stadium, Lucknow",2,63,Delhi Capitals,Lucknow Super Giants,Sameer Rizvi,T Stubbs,A Nortje,1,0,0,0,0,0,0,,,,
1527678,2026,2026-04-01,"Bharat Ratna Shri Atal Bihari Vajpayee Ekana Cricket Stadium, Lucknow",2,64,Delhi Capitals,Lucknow Super Giants,T Stubbs,Sameer Rizvi,A Nortje,1,0,0,0,0,0,0,,,,
1527678,2026,2026-04-01,"Bharat Ratna Shri Atal Bihari Vajpayee Ekana Cricket Stadium, Lucknow",2,65,Delhi Capitals,Lucknow Super Giants,Sameer Rizvi,T Stubbs,A Nortje,0,0,0,0,0,0,0,,,,
1527678,2026,2026-04-01,"Bharat Ratna Shri Atal Bihari Vajpayee Ekana Cricket Stadium, Lucknow",2,66,Delhi Capitals,Lucknow Super Giants,Sameer Rizvi,T Stubbs,A Nortje,1,0,0,0,0,0,0,,,,
1527678,2026,2026-04-01,"Bharat Ratna Shri Atal Bihari Vajpayee Ekana Cricket Stadium, Lucknow",2,67,Delhi Capitals,Lucknow Super Giants,Sameer Rizvi,T Stubbs,Mohsin Khan,1,0,0,0,0,0,0,,,,
1527678,2026,2026-04-01,"Bharat Ratna Shri Atal Bihari Vajpayee Ekana Cricket Stadium, Lucknow",2,68,Delhi Capitals,Lucknow Super Giants,T Stubbs,Sameer Rizvi,Mohsin Khan,0,0,0,0,0,0,0,,,,
1527678,2026,2026-04-01,"Bharat Ratna Shri Atal Bihari Vajpayee Ekana Cricket Stadium, Lucknow",2,69,Delhi Capitals,Lucknow Super Giants,T Stubbs,Sameer Rizvi,Mohsin Khan,0,0,0,0,0,0,0,,,,
1527678,2026,2026-04-01,"Bharat Ratna Shri Atal Bihari Vajpayee Ekana Cricket Stadium, Lucknow",2,70,Delhi Capitals,Lucknow Super Giants,T Stubbs,Sameer Rizvi,Mohsin Khan,0,1,1,0,0,0,0,,,,
1527678,2026,2026-04-01,"Bharat Ratna Shri Atal Bihari Vajpayee Ekana Cricket Stadium, Lucknow",2,71,Delhi Capitals,Lucknow Super Giants,T Stubbs,Sameer Rizvi,Mohsin Khan,1,0,0,0,0,0,0,,,,
1527678,2026,2026-04-01,"Bharat Ratna Shri Atal Bihari Vajpayee Ekana Cricket Stadium, Lucknow",2,72,Delhi Capitals,Lucknow Super Giants,Sameer Rizvi,T Stubbs,Mohsin Khan,0,0,0,0,0,0,0,,,,
1527678,2026,2026-04-01,"Bharat Ratna Shri Atal Bihari Vajpayee Ekana Cricket Stadium, Lucknow",2,73,Delhi Capitals,Lucknow Super Giants,Sameer Rizvi,T Stubbs,Mohsin Khan,1,0,0,0,0,0,0,,,,
1527678,2026,2026-04-01,"Bharat Ratna Shri Atal Bihari Vajpayee Ekana Cricket Stadium, Lucknow",2,73,Delhi Capitals,Lucknow Super Giants,Sameer Rizvi,T Stubbs,Prince Yadav,0,0,0,0,0,0,0,,,,
1527678,2026,2026-04-01,"Bharat Ratna Shri Atal Bihari Vajpayee Ekana Cricket Stadium, Lucknow",2,74,Delhi Capitals,Lucknow Super Giants,Sameer Rizvi,T Stubbs,Prince Yadav,1,0,0,0,0,0,0,,,,
1527678,2026,2026-04-01,"Bharat Ratna Shri Atal Bihari Vajpayee Ekana Cricket Stadium, Lucknow",2,75,Delhi Capitals,Lucknow Super Giants,T Stubbs,Sameer Rizvi,Prince Yadav,1,0,0,0,0,0,0,,,,
1527678,2026,2026-04-01,"Bharat Ratna Shri Atal Bihari Vajpayee Ekana Cricket Stadium, Lucknow",2,76,Delhi Capitals,Lucknow Super Giants,Sameer Rizvi,T Stubbs,Prince Yadav,0,0,0,0,0,0,0,,,,
1527678,2026,2026-04-01,"Bharat Ratna Shri Atal Bihari Vajpayee Ekana Cricket Stadium, Lucknow",2,77,Delhi Capitals,Lucknow Super Giants,Sameer Rizvi,T Stubbs,Prince Yadav,2,0,0,0,0,0,0,,,,
1527678,2026,2026-04-01,"Bharat Ratna Shri Atal Bihari Vajpayee Ekana Cricket Stadium, Lucknow",2,78,Delhi Capitals,Lucknow Super Giants,Sameer Rizvi,T Stubbs,Prince Yadav,2,0,0,0,0,0,0,,,,
1527678,2026,2026-04-01,"Bharat Ratna Shri Atal Bihari Vajpayee Ekana Cricket Stadium, Lucknow",2,79,Delhi Capitals,Lucknow Super Giants,T Stubbs,Sameer Rizvi,AK Markram,1,0,0,0,0,0,0,,,,
1527678,2026,2026-04-01,"Bharat Ratna Shri Atal Bihari Vajpayee Ekana Cricket Stadium, Lucknow",2,80,Delhi Capitals,Lucknow Super Giants,Sameer Rizvi,T Stubbs,AK Markram,2,0,0,0,0,0,0,,,,
1527678,2026,2026-04-01,"Bharat Ratna Shri Atal Bihari Vajpayee Ekana Cricket Stadium, Lucknow",2,81,Delhi Capitals,Lucknow Super Giants,Sameer Rizvi,T Stubbs,AK Markram,0,0,0,0,0,0,0,,,,
1527678,2026,2026-04-01,"Bharat Ratna Shri Atal Bihari Vajpayee Ekana Cricket Stadium, Lucknow",2,82,Delhi Capitals,Lucknow Super Giants,Sameer Rizvi,T Stubbs,AK Markram,6,0,0,0,0,0,0,,,,
1527678,2026,2026-04-01,"Bharat Ratna Shri Atal Bihari Vajpayee Ekana Cricket Stadium, Lucknow",2,83,Delhi Capitals,Lucknow Super Giants,Sameer Rizvi,T Stubbs,AK Markram,4,0,0,0,0,0,0,,,,
1527678,2026,2026-04-01,"Bharat Ratna Shri Atal Bihari Vajpayee Ekana Cricket Stadium, Lucknow",2,84,Delhi Capitals,Lucknow Super Giants,Sameer Rizvi,T Stubbs,AK Markram,0,0,0,0,0,0,0,,,,
1527678,2026,2026-04-01,"Bharat Ratna Shri Atal Bihari Vajpayee Ekana Cricket Stadium, Lucknow",2,85,Delhi Capitals,Lucknow Super Giants,T Stubbs,Sameer Rizvi,A Nortje,1,0,0,0,0,0,0,,,,
1527678,2026,2026-04-01,"Bharat Ratna Shri Atal Bihari Vajpayee Ekana Cricket Stadium, Lucknow",2,86,Delhi Capitals,Lucknow Super Giants,Sameer Rizvi,T Stubbs,A Nortje,0,0,0,0,0,0,0,,,,
1527678,2026,2026-04-01,"Bharat Ratna Shri Atal Bihari Vajpayee Ekana Cricket Stadium, Lucknow",2,87,Delhi Capitals,Lucknow Super Giants,Sameer Rizvi,T Stubbs,A Nortje,1,0,0,0,0,0,0,,,,
1527678,2026,2026-04-01,"Bharat Ratna Shri Atal Bihari Vajpayee Ekana Cricket Stadium, Lucknow",2,88,Delhi Capitals,Lucknow Super Giants,T Stubbs,Sameer Rizvi,A Nortje,4,0,0,0,0,0,0,,,,
1527678,2026,2026-04-01,"Bharat Ratna Shri Atal Bihari Vajpayee Ekana Cricket Stadium, Lucknow",2,89,Delhi Capitals,Lucknow Super Giants,T Stubbs,Sameer Rizvi,A Nortje,0,0,0,0,0,0,0,,,,
1527678,2026,2026-04-01,"Bharat Ratna Shri Atal Bihari Vajpayee Ekana Cricket Stadium, Lucknow",2,90,Delhi Capitals,Lucknow Super Giants,T Stubbs,Sameer Rizvi,A Nortje,1,0,0,0,0,0,0,,,,
1527678,2026,2026-04-01,"Bharat Ratna Shri Atal Bihari Vajpayee Ekana Cricket Stadium, Lucknow",2,91,Delhi Capitals,Lucknow Super Giants,T Stubbs,Sameer Rizvi,Mohsin Khan,1,0,0,0,0,0,0,,,,
1527678,2026,2026-04-01,"Bharat Ratna Shri Atal Bihari Vajpayee Ekana Cricket Stadium, Lucknow",2,92,Delhi Capitals,Lucknow Super Giants,Sameer Rizvi,T Stubbs,Mohsin Khan,1,0,0,0,0,0,0,,,,
1527678,2026,2026-04-01,"Bharat Ratna Shri Atal Bihari Vajpayee Ekana Cricket Stadium, Lucknow",2,93,Delhi Capitals,Lucknow Super Giants,T Stubbs,Sameer Rizvi,Mohsin Khan,1,0,0,0,0,0,0,,,,
1527678,2026,2026-04-01,"Bharat Ratna Shri Atal Bihari Vajpayee Ekana Cricket Stadium, Lucknow",2,94,Delhi Capitals,Lucknow Super Giants,Sameer Rizvi,T Stubbs,Mohsin Khan,4,0,0,0,0,0,0,,,,
1527678,2026,2026-04-01,"Bharat Ratna Shri Atal Bihari Vajpayee Ekana Cricket Stadium, Lucknow",2,95,Delhi Capitals,Lucknow Super Giants,Sameer Rizvi,T Stubbs,Mohsin Khan,6,0,0,0,0,0,0,,,,
1527678,2026,2026-04-01,"Bharat Ratna Shri Atal Bihari Vajpayee Ekana Cricket Stadium, Lucknow",2,96,Delhi Capitals,Lucknow Super Giants,Sameer Rizvi,T Stubbs,Mohsin Khan,0,0,0,0,0,0,0,,,,
1527678,2026,2026-04-01,"Bharat Ratna Shri Atal Bihari Vajpayee Ekana Cricket Stadium, Lucknow",2,97,Delhi Capitals,Lucknow Super Giants,T Stubbs,Sameer Rizvi,A Nortje,0,0,0,0,0,0,0,,,,
1527678,2026,2026-04-01,"Bharat Ratna Shri Atal Bihari Vajpayee Ekana Cricket Stadium, Lucknow",2,98,Delhi Capitals,Lucknow Super Giants,T Stubbs,Sameer Rizvi,A Nortje,6,0,0,0,0,0,0,,,,
1527678,2026,2026-04-01,"Bharat Ratna Shri Atal Bihari Vajpayee Ekana Cricket Stadium, Lucknow",2,99,Delhi Capitals,Lucknow Super Giants,T Stubbs,Sameer Rizvi,A Nortje,1,0,0,0,0,0,0,,,,
1527678,2026,2026-04-01,"Bharat Ratna Shri Atal Bihari Vajpayee Ekana Cricket Stadium, Lucknow",2,100,Delhi Capitals,Lucknow Super Giants,Sameer Rizvi,T Stubbs,A Nortje,0,5,5,0,0,0,0,,,,
1527678,2026,2026-04-01,"Bharat Ratna Shri Atal Bihari Vajpayee Ekana Cricket Stadium, Lucknow",2,101,Delhi Capitals,Lucknow Super Giants,Sameer Rizvi,T Stubbs,A Nortje,0,0,0,0,0,0,0,,,,
1527678,2026,2026-04-01,"Bharat Ratna Shri Atal Bihari Vajpayee Ekana Cricket Stadium, Lucknow",2,102,Delhi Capitals,Lucknow Super Giants,Sameer Rizvi,T Stubbs,A Nortje,1,0,0,0,0,0,0,,,,
1527678,2026,2026-04-01,"Bharat Ratna Shri Atal Bihari Vajpayee Ekana Cricket Stadium, Lucknow",2,103,Delhi Capitals,Lucknow Super Giants,T Stubbs,Sameer Rizvi,A Nortje,0,0,0,0,0,0,0,,,,
1527678,2026,2026-04-01,"Bharat Ratna Shri Atal Bihari Vajpayee Ekana Cricket Stadium, Lucknow",2,103,Delhi Capitals,Lucknow Super Giants,Sameer Rizvi,T Stubbs,Abdul Samad,6,0,0,0,0,0,0,,,,
1527679,2026,2026-04-02,"Eden Gardens, Kolkata",1,1,Sunrisers Hyderabad,Kolkata Knight Riders,TM Head,Abhishek Sharma,VG Arora,0,0,0,0,0,0,0,,,,
1527679,2026,2026-04-02,"Eden Gardens, Kolkata",1,2,Sunrisers Hyderabad,Kolkata Knight Riders,TM Head,Abhishek Sharma,VG Arora,0,0,0,0,0,0,0,,,,
1527679,2026,2026-04-02,"Eden Gardens, Kolkata",1,3,Sunrisers Hyderabad,Kolkata Knight Riders,TM Head,Abhishek Sharma,VG Arora,0,0,0,0,0,0,0,,,,
1527679,2026,2026-04-02,"Eden Gardens, Kolkata",1,4,Sunrisers Hyderabad,Kolkata Knight Riders,TM Head,Abhishek Sharma,VG Arora,1,0,0,0,0,0,0,,,,
1527679,2026,2026-04-02,"Eden Gardens, Kolkata",1,5,Sunrisers Hyderabad,Kolkata Knight Riders,Abhishek Sharma,TM Head,VG Arora,1,0,0,0,0,0,0,,,,
1527679,2026,2026-04-02,"Eden Gardens, Kolkata",1,6,Sunrisers Hyderabad,Kolkata Knight Riders,TM Head,Abhishek Sharma,VG Arora,4,0,0,0,0,0,0,,,,
1527679,2026,2026-04-02,"Eden Gardens, Kolkata",1,7,Sunrisers Hyderabad,Kolkata Knight Riders,Abhishek Sharma,TM Head,B Muzarabani,1,0,0,0,0,0,0,,,,
1527679,2026,2026-04-02,"Eden Gardens, Kolkata",1,8,Sunrisers Hyderabad,Kolkata Knight Riders,TM Head,Abhishek Sharma,B Muzarabani,4,0,0,0,0,0,0,,,,
1527679,2026,2026-04-02,"Eden Gardens, Kolkata",1,9,Sunrisers Hyderabad,Kolkata Knight Riders,TM Head,Abhishek Sharma,B Muzarabani,4,0,0,0,0,0,0,,,,
1527679,2026,2026-04-02,"Eden Gardens, Kolkata",1,10,Sunrisers Hyderabad,Kolkata Knight Riders,TM Head,Abhishek Sharma,B Muzarabani,1,0,0,0,0,0,0,,,,
1527679,2026,2026-04-02,"Eden Gardens, Kolkata",1,11,Sunrisers Hyderabad,Kolkata Knight Riders,Abhishek Sharma,TM Head,B Muzarabani,0,0,0,0,0,0,0,,,,
1527679,2026,2026-04-02,"Eden Gardens, Kolkata",1,12,Sunrisers Hyderabad,Kolkata Knight Riders,Abhishek Sharma,TM Head,B Muzarabani,6,0,0,0,0,0,0,,,,
1527679,2026,2026-04-02,"Eden Gardens, Kolkata",1,13,Sunrisers Hyderabad,Kolkata Knight Riders,TM Head,Abhishek Sharma,VG Arora,4,0,0,0,0,0,0,,,,
1527679,2026,2026-04-02,"Eden Gardens, Kolkata",1,14,Sunrisers Hyderabad,Kolkata Knight Riders,TM Head,Abhishek Sharma,VG Arora,0,0,0,0,0,0,0,,,,
1527679,2026,2026-04-02,"Eden Gardens, Kolkata",1,15,Sunrisers Hyderabad,Kolkata Knight Riders,TM Head,Abhishek Sharma,VG Arora,6,0,0,0,0,0,0,,,,
1527679,2026,2026-04-02,"Eden Gardens, Kolkata",1,16,Sunrisers Hyderabad,Kolkata Knight Riders,TM Head,Abhishek Sharma,VG Arora,6,0,0,0,0,0,0,,,,
1527679,2026,2026-04-02,"Eden Gardens, Kolkata",1,17,Sunrisers Hyderabad,Kolkata Knight Riders,TM Head,Abhishek Sharma,VG Arora,4,0,0,0,0,0,0,,,,
1527679,2026,2026-04-02,"Eden Gardens, Kolkata",1,18,Sunrisers Hyderabad,Kolkata Knight Riders,TM Head,Abhishek Sharma,VG Arora,0,1,1,0,0,0,0,,,,
1527679,2026,2026-04-02,"Eden Gardens, Kolkata",1,19,Sunrisers Hyderabad,Kolkata Knight Riders,TM Head,Abhishek Sharma,VG Arora,0,0,0,0,0,0,0,,,,
1527679,2026,2026-04-02,"Eden Gardens, Kolkata",1,19,Sunrisers Hyderabad,Kolkata Knight Riders,Abhishek Sharma,TM Head,SP Narine,0,0,0,0,0,0,0,,,,
1527679,2026,2026-04-02,"Eden Gardens, Kolkata",1,20,Sunrisers Hyderabad,Kolkata Knight Riders,Abhishek Sharma,TM Head,SP Narine,0,0,0,0,0,0,0,,,,
1527679,2026,2026-04-02,"Eden Gardens, Kolkata",1,21,Sunrisers Hyderabad,Kolkata Knight Riders,Abhishek Sharma,TM Head,SP Narine,1,0,0,0,0,0,0,,,,
1527679,2026,2026-04-02,"Eden Gardens, Kolkata",1,22,Sunrisers Hyderabad,Kolkata Knight Riders,TM Head,Abhishek Sharma,SP Narine,0,0,0,0,0,0,0,,,,
1527679,2026,2026-04-02,"Eden Gardens, Kolkata",1,23,Sunrisers Hyderabad,Kolkata Knight Riders,TM Head,Abhishek Sharma,SP Narine,2,0,0,0,0,0,0,,,,
1527679,2026,2026-04-02,"Eden Gardens, Kolkata",1,24,Sunrisers Hyderabad,Kolkata Knight Riders,TM Head,Abhishek Sharma,SP Narine,0,0,0,0,0,0,0,,,,
1527679,2026,2026-04-02,"Eden Gardens, Kolkata",1,25,Sunrisers Hyderabad,Kolkata Knight Riders,Abhishek Sharma,TM Head,CV Varun,6,0,0,0,0,0,0,,,,
1527679,2026,2026-04-02,"Eden Gardens, Kolkata",1,26,Sunrisers Hyderabad,Kolkata Knight Riders,Abhishek Sharma,TM Head,CV Varun,0,0,0,0,0,0,0,,,,
1527679,2026,2026-04-02,"Eden Gardens, Kolkata",1,27,Sunrisers Hyderabad,Kolkata Knight Riders,Abhishek Sharma,TM Head,CV Varun,6,0,0,0,0,0,0,,,,
1527679,2026,2026-04-02,"Eden Gardens, Kolkata",1,28,Sunrisers Hyderabad,Kolkata Knight Riders,Abhishek Sharma,TM Head,CV Varun,4,0,0,0,0,0,0,,,,
1527679,2026,2026-04-02,"Eden Gardens, Kolkata",1,29,Sunrisers Hyderabad,Kolkata Knight Riders,Abhishek Sharma,TM Head,CV Varun,0,1,1,0,0,0,0,,,,
1527679,2026,2026-04-02,"Eden Gardens, Kolkata",1,30,Sunrisers Hyderabad,Kolkata Knight Riders,Abhishek Sharma,TM Head,CV Varun,4,0,0,0,0,0,0,,,,
1527679,2026,2026-04-02,"Eden Gardens, Kolkata",1,31,Sunrisers Hyderabad,Kolkata Knight Riders,Abhishek Sharma,TM Head,CV Varun,4,0,0,0,0,0,0,,,,
1527679,2026,2026-04-02,"Eden Gardens, Kolkata",1,31,Sunrisers Hyderabad,Kolkata Knight Riders,TM Head,Abhishek Sharma,Kartik Tyagi,4,0,0,0,0,0,0,,,,
1527679,2026,2026-04-02,"Eden Gardens, Kolkata",1,32,Sunrisers Hyderabad,Kolkata Knight Riders,TM Head,Abhishek Sharma,Kartik Tyagi,0,1,1,0,0,0,0,,,,
1527679,2026,2026-04-02,"Eden Gardens, Kolkata",1,33,Sunrisers Hyderabad,Kolkata Knight Riders,TM Head,Abhishek Sharma,Kartik Tyagi,6,0,0,0,0,0,0,,,,
1527679,2026,2026-04-02,"Eden Gardens, Kolkata",1,34,Sunrisers Hyderabad,Kolkata Knight Riders,TM Head,Abhishek Sharma,Kartik Tyagi,0,0,0,0,0,0,0,,,,
1527679,2026,2026-04-02,"Eden Gardens, Kolkata",1,35,Sunrisers Hyderabad,Kolkata Knight Riders,TM Head,Abhishek Sharma,Kartik Tyagi,0,0,0,0,0,0,0,caught,TM Head,{'name': 'C Green'},
1527679,2026,2026-04-02,"Eden Gardens, Kolkata",1,36,Sunrisers Hyderabad,Kolkata Knight Riders,Ishan Kishan,Abhishek Sharma,Kartik Tyagi,1,0,0,0,0,0,0,,,,
1527679,2026,2026-04-02,"Eden Gardens, Kolkata",1,37,Sunrisers Hyderabad,Kolkata Knight Riders,Abhishek Sharma,Ishan Kishan,Kartik Tyagi,1,0,0,0,0,0,0,,,,
1527679,2026,2026-04-02,"Eden Gardens, Kolkata",1,37,Sunrisers Hyderabad,Kolkata Knight Riders,Abhishek Sharma,Ishan Kishan,SP Narine,1,0,0,0,0,0,0,,,,
1527679,2026,2026-04-02,"Eden Gardens, Kolkata",1,38,Sunrisers Hyderabad,Kolkata Knight Riders,Ishan Kishan,Abhishek Sharma,SP Narine,1,0,0,0,0,0,0,,,,
1527679,2026,2026-04-02,"Eden Gardens, Kolkata",1,39,Sunrisers Hyderabad,Kolkata Knight Riders,Abhishek Sharma,Ishan Kishan,SP Narine,4,0,0,0,0,0,0,,,,
1527679,2026,2026-04-02,"Eden Gardens, Kolkata",1,40,Sunrisers Hyderabad,Kolkata Knight Riders,Abhishek Sharma,Ishan Kishan,SP Narine,0,0,0,0,0,0,0,,,,
1527679,2026,2026-04-02,"Eden Gardens, Kolkata",1,41,Sunrisers Hyderabad,Kolkata Knight Riders,Abhishek Sharma,Ishan Kishan,SP Narine,6,0,0,0,0,0,0,,,,
1527679,2026,2026-04-02,"Eden Gardens, Kolkata",1,42,Sunrisers Hyderabad,Kolkata Knight Riders,Abhishek Sharma,Ishan Kishan,SP Narine,2,0,0,0,0,0,0,,,,
1527679,2026,2026-04-02,"Eden Gardens, Kolkata",1,43,Sunrisers Hyderabad,Kolkata Knight Riders,Ishan Kishan,Abhishek Sharma,Kartik Tyagi,0,0,0,0,0,0,0,,,,
1527679,2026,2026-04-02,"Eden Gardens, Kolkata",1,44,Sunrisers Hyderabad,Kolkata Knight Riders,Ishan Kishan,Abhishek Sharma,Kartik Tyagi,4,0,0,0,0,0,0,,,,
1527679,2026,2026-04-02,"Eden Gardens, Kolkata",1,45,Sunrisers Hyderabad,Kolkata Knight Riders,Ishan Kishan,Abhishek Sharma,Kartik Tyagi,4,0,0,0,0,0,0,,,,
1527679,2026,2026-04-02,"Eden Gardens, Kolkata",1,46,Sunrisers Hyderabad,Kolkata Knight Riders,Ishan Kishan,Abhishek Sharma,Kartik Tyagi,4,0,0,0,0,0,0,,,,
1527679,2026,2026-04-02,"Eden Gardens, Kolkata",1,47,Sunrisers Hyderabad,Kolkata Knight Riders,Ishan Kishan,Abhishek Sharma,Kartik Tyagi,0,0,0,0,0,0,0,,,,
1527679,2026,2026-04-02,"Eden Gardens, Kolkata",1,48,Sunrisers Hyderabad,Kolkata Knight Riders,Ishan Kishan,Abhishek Sharma,Kartik Tyagi,0,0,0,0,0,0,0,,,,
1527679,2026,2026-04-02,"Eden Gardens, Kolkata",1,49,Sunrisers Hyderabad,Kolkata Knight Riders,Abhishek Sharma,Ishan Kishan,B Muzarabani,1,0,0,0,0,0,0,,,,
1527679,2026,2026-04-02,"Eden Gardens, Kolkata",1,50,Sunrisers Hyderabad,Kolkata Knight Riders,Ishan Kishan,Abhishek Sharma,B Muzarabani,0,0,0,0,0,0,0,caught,Ishan Kishan,{'name': 'RK Singh'},
1527679,2026,2026-04-02,"Eden Gardens, Kolkata",1,51,Sunrisers Hyderabad,Kolkata Knight Riders,H Klaasen,Abhishek Sharma,B Muzarabani,1,0,0,0,0,0,0,,,,
1527679,2026,2026-04-02,"Eden Gardens, Kolkata",1,52,Sunrisers Hyderabad,Kolkata Knight Riders,Abhishek Sharma,H Klaasen,B Muzarabani,0,0,0,0,0,0,0,caught,Abhishek Sharma,{'name': 'CV Varun'},
1527679,2026,2026-04-02,"Eden Gardens, Kolkata",1,53,Sunrisers Hyderabad,Kolkata Knight Riders,Aniket Verma,H Klaasen,B Muzarabani,0,4,0,0,0,4,0,,,,
1527679,2026,2026-04-02,"Eden Gardens, Kolkata",1,54,Sunrisers Hyderabad,Kolkata Knight Riders,Aniket Verma,H Klaasen,B Muzarabani,0,1,1,0,0,0,0,,,,
1527679,2026,2026-04-02,"Eden Gardens, Kolkata",1,55,Sunrisers Hyderabad,Kolkata Knight Riders,Aniket Verma,H Klaasen,B Muzarabani,1,0,0,0,0,0,0,,,,
1527679,2026,2026-04-02,"Eden Gardens, Kolkata",1,55,Sunrisers Hyderabad,Kolkata Knight Riders,Aniket Verma,H Klaasen,AS Roy,0,0,0,0,0,0,0,,,,
1527679,2026,2026-04-02,"Eden Gardens, Kolkata",1,56,Sunrisers Hyderabad,Kolkata Knight Riders,Aniket Verma,H Klaasen,AS Roy,0,0,0,0,0,0,0,caught,Aniket Verma,{'name': 'RK Singh'},
1527679,2026,2026-04-02,"Eden Gardens, Kolkata",1,57,Sunrisers Hyderabad,Kolkata Knight Riders,Nithish Kumar Reddy,H Klaasen,AS Roy,1,0,0,0,0,0,0,,,,
1527679,2026,2026-04-02,"Eden Gardens, Kolkata",1,58,Sunrisers Hyderabad,Kolkata Knight Riders,H Klaasen,Nithish Kumar Reddy,AS Roy,1,0,0,0,0,0,0,,,,
1527679,2026,2026-04-02,"Eden Gardens, Kolkata",1,59,Sunrisers Hyderabad,Kolkata Knight Riders,Nithish Kumar Reddy,H Klaasen,AS Roy,1,0,0,0,0,0,0,,,,
1527679,2026,2026-04-02,"Eden Gardens, Kolkata",1,60,Sunrisers Hyderabad,Kolkata Knight Riders,H Klaasen,Nithish Kumar Reddy,AS Roy,2,0,0,0,0,0,0,,,,
1527679,2026,2026-04-02,"Eden Gardens, Kolkata",1,61,Sunrisers Hyderabad,Kolkata Knight Riders,Nithish Kumar Reddy,H Klaasen,CV Varun,1,0,0,0,0,0,0,,,,
1527679,2026,2026-04-02,"Eden Gardens, Kolkata",1,62,Sunrisers Hyderabad,Kolkata Knight Riders,H Klaasen,Nithish Kumar Reddy,CV Varun,1,0,0,0,0,0,0,,,,
1527679,2026,2026-04-02,"Eden Gardens, Kolkata",1,63,Sunrisers Hyderabad,Kolkata Knight Riders,Nithish Kumar Reddy,H Klaasen,CV Varun,1,0,0,0,0,0,0,,,,
1527679,2026,2026-04-02,"Eden Gardens, Kolkata",1,64,Sunrisers Hyderabad,Kolkata Knight Riders,H Klaasen,Nithish Kumar Reddy,CV Varun,1,0,0,0,0,0,0,,,,
1527679,2026,2026-04-02,"Eden Gardens, Kolkata",1,65,Sunrisers Hyderabad,Kolkata Knight Riders,Nithish Kumar Reddy,H Klaasen,CV Varun,1,0,0,0,0,0,0,,,,
1527679,2026,2026-04-02,"Eden Gardens, Kolkata",1,66,Sunrisers Hyderabad,Kolkata Knight Riders,H Klaasen,Nithish Kumar Reddy,CV Varun,1,0,0,0,0,0,0,,,,
1527679,2026,2026-04-02,"Eden Gardens, Kolkata",1,67,Sunrisers Hyderabad,Kolkata Knight Riders,H Klaasen,Nithish Kumar Reddy,AS Roy,2,0,0,0,0,0,0,,,,
1527679,2026,2026-04-02,"Eden Gardens, Kolkata",1,68,Sunrisers Hyderabad,Kolkata Knight Riders,H Klaasen,Nithish Kumar Reddy,AS Roy,0,1,1,0,0,0,0,,,,
1527679,2026,2026-04-02,"Eden Gardens, Kolkata",1,69,Sunrisers Hyderabad,Kolkata Knight Riders,H Klaasen,Nithish Kumar Reddy,AS Roy,0,0,0,0,0,0,0,,,,
1527679,2026,2026-04-02,"Eden Gardens, Kolkata",1,70,Sunrisers Hyderabad,Kolkata Knight Riders,H Klaasen,Nithish Kumar Reddy,AS Roy,0,0,0,0,0,0,0,,,,
1527679,2026,2026-04-02,"Eden Gardens, Kolkata",1,71,Sunrisers Hyderabad,Kolkata Knight Riders,H Klaasen,Nithish Kumar Reddy,AS Roy,2,0,0,0,0,0,0,,,,
1527679,2026,2026-04-02,"Eden Gardens, Kolkata",1,72,Sunrisers Hyderabad,Kolkata Knight Riders,H Klaasen,Nithish Kumar Reddy,AS Roy,0,1,1,0,0,0,0,,,,
1527679,2026,2026-04-02,"Eden Gardens, Kolkata",1,73,Sunrisers Hyderabad,Kolkata Knight Riders,H Klaasen,Nithish Kumar Reddy,AS Roy,1,0,0,0,0,0,0,,,,
1527679,2026,2026-04-02,"Eden Gardens, Kolkata",1,74,Sunrisers Hyderabad,Kolkata Knight Riders,Nithish Kumar Reddy,H Klaasen,AS Roy,4,0,0,0,0,0,0,,,,
1527679,2026,2026-04-02,"Eden Gardens, Kolkata",1,73,Sunrisers Hyderabad,Kolkata Knight Riders,H Klaasen,Nithish Kumar Reddy,SP Narine,4,0,0,0,0,0,0,,,,
1527679,2026,2026-04-02,"Eden Gardens, Kolkata",1,74,Sunrisers Hyderabad,Kolkata Knight Riders,H Klaasen,Nithish Kumar Reddy,SP Narine,1,0,0,0,0,0,0,,,,
1527679,2026,2026-04-02,"Eden Gardens, Kolkata",1,75,Sunrisers Hyderabad,Kolkata Knight Riders,Nithish Kumar Reddy,H Klaasen,SP Narine,1,0,0,0,0,0,0,,,,
1527679,2026,2026-04-02,"Eden Gardens, Kolkata",1,76,Sunrisers Hyderabad,Kolkata Knight Riders,H Klaasen,Nithish Kumar Reddy,SP Narine,2,0,0,0,0,0,0,,,,
1527679,2026,2026-04-02,"Eden Gardens, Kolkata",1,77,Sunrisers Hyderabad,Kolkata Knight Riders,H Klaasen,Nithish Kumar Reddy,SP Narine,1,0,0,0,0,0,0,,,,
1527679,2026,2026-04-02,"Eden Gardens, Kolkata",1,78,Sunrisers Hyderabad,Kolkata Knight Riders,Nithish Kumar Reddy,H Klaasen,SP Narine,0,0,0,0,0,0,0,,,,
1527679,2026,2026-04-02,"Eden Gardens, Kolkata",1,79,Sunrisers Hyderabad,Kolkata Knight Riders,H Klaasen,Nithish Kumar Reddy,B Muzarabani,0,0,0,0,0,0,0,,,,
1527679,2026,2026-04-02,"Eden Gardens, Kolkata",1,80,Sunrisers Hyderabad,Kolkata Knight Riders,H Klaasen,Nithish Kumar Reddy,B Muzarabani,1,0,0,0,0,0,0,,,,
1527679,2026,2026-04-02,"Eden Gardens, Kolkata",1,81,Sunrisers Hyderabad,Kolkata Knight Riders,Nithish Kumar Reddy,H Klaasen,B Muzarabani,2,0,0,0,0,0,0,,,,
1527679,2026,2026-04-02,"Eden Gardens, Kolkata",1,82,Sunrisers Hyderabad,Kolkata Knight Riders,Nithish Kumar Reddy,H Klaasen,B Muzarabani,1,0,0,0,0,0,0,,,,
1527679,2026,2026-04-02,"Eden Gardens, Kolkata",1,83,Sunrisers Hyderabad,Kolkata Knight Riders,H Klaasen,Nithish Kumar Reddy,B Muzarabani,1,0,0,0,0,0,0,,,,
1527679,2026,2026-04-02,"Eden Gardens, Kolkata",1,84,Sunrisers Hyderabad,Kolkata Knight Riders,Nithish Kumar Reddy,H Klaasen,B Muzarabani,1,0,0,0,0,0,0,,,,
1527679,2026,2026-04-02,"Eden Gardens, Kolkata",1,85,Sunrisers Hyderabad,Kolkata Knight Riders,Nithish Kumar Reddy,H Klaasen,SP Narine,1,0,0,0,0,0,0,,,,
1527679,2026,2026-04-02,"Eden Gardens, Kolkata",1,86,Sunrisers Hyderabad,Kolkata Knight Riders,H Klaasen,Nithish Kumar Reddy,SP Narine,1,0,0,0,0,0,0,,,,
1527679,2026,2026-04-02,"Eden Gardens, Kolkata",1,87,Sunrisers Hyderabad,Kolkata Knight Riders,Nithish Kumar Reddy,H Klaasen,SP Narine,4,0,0,0,0,0,0,,,,
1527679,2026,2026-04-02,"Eden Gardens, Kolkata",1,88,Sunrisers Hyderabad,Kolkata Knight Riders,Nithish Kumar Reddy,H Klaasen,SP Narine,1,0,0,0,0,0,0,,,,
1527679,2026,2026-04-02,"Eden Gardens, Kolkata",1,89,Sunrisers Hyderabad,Kolkata Knight Riders,H Klaasen,Nithish Kumar Reddy,SP Narine,4,0,0,0,0,0,0,,,,
1527679,2026,2026-04-02,"Eden Gardens, Kolkata",1,90,Sunrisers Hyderabad,Kolkata Knight Riders,H Klaasen,Nithish Kumar Reddy,SP Narine,2,0,0,0,0,0,0,,,,
1527679,2026,2026-04-02,"Eden Gardens, Kolkata",1,91,Sunrisers Hyderabad,Kolkata Knight Riders,Nithish Kumar Reddy,H Klaasen,Kartik Tyagi,1,0,0,0,0,0,0,,,,
1527679,2026,2026-04-02,"Eden Gardens, Kolkata",1,92,Sunrisers Hyderabad,Kolkata Knight Riders,H Klaasen,Nithish Kumar Reddy,Kartik Tyagi,1,0,0,0,0,0,0,,,,
1527679,2026,2026-04-02,"Eden Gardens, Kolkata",1,93,Sunrisers Hyderabad,Kolkata Knight Riders,Nithish Kumar Reddy,H Klaasen,Kartik Tyagi,1,0,0,0,0,0,0,,,,
1527679,2026,2026-04-02,"Eden Gardens, Kolkata",1,94,Sunrisers Hyderabad,Kolkata Knight Riders,H Klaasen,Nithish Kumar Reddy,Kartik Tyagi,1,0,0,0,0,0,0,,,,
1527679,2026,2026-04-02,"Eden Gardens, Kolkata",1,95,Sunrisers Hyderabad,Kolkata Knight Riders,Nithish Kumar Reddy,H Klaasen,Kartik Tyagi,1,0,0,0,0,0,0,,,,
1527679,2026,2026-04-02,"Eden Gardens, Kolkata",1,96,Sunrisers Hyderabad,Kolkata Knight Riders,H Klaasen,Nithish Kumar Reddy,Kartik Tyagi,0,1,1,0,0,0,0,,,,
1527679,2026,2026-04-02,"Eden Gardens, Kolkata",1,97,Sunrisers Hyderabad,Kolkata Knight Riders,H Klaasen,Nithish Kumar Reddy,Kartik Tyagi,1,0,0,0,0,0,0,,,,
1527679,2026,2026-04-02,"Eden Gardens, Kolkata",1,97,Sunrisers Hyderabad,Kolkata Knight Riders,H Klaasen,Nithish Kumar Reddy,VG Arora,1,0,0,0,0,0,0,,,,
1527679,2026,2026-04-02,"Eden Gardens, Kolkata",1,98,Sunrisers Hyderabad,Kolkata Knight Riders,Nithish Kumar Reddy,H Klaasen,VG Arora,1,0,0,0,0,0,0,,,,
1527679,2026,2026-04-02,"Eden Gardens, Kolkata",1,99,Sunrisers Hyderabad,Kolkata Knight Riders,H Klaasen,Nithish Kumar Reddy,VG Arora,0,0,0,0,0,0,0,,,,
1527679,2026,2026-04-02,"Eden Gardens, Kolkata",1,100,Sunrisers Hyderabad,Kolkata Knight Riders,H Klaasen,Nithish Kumar Reddy,VG Arora,1,0,0,0,0,0,0,,,,
1527679,2026,2026-04-02,"Eden Gardens, Kolkata",1,101,Sunrisers Hyderabad,Kolkata Knight Riders,Nithish Kumar Reddy,H Klaasen,VG Arora,0,0,0,0,0,0,0,,,,
1527679,2026,2026-04-02,"Eden Gardens, Kolkata",1,102,Sunrisers Hyderabad,Kolkata Knight Riders,Nithish Kumar Reddy,H Klaasen,VG Arora,6,0,0,0,0,0,0,,,,
1527679,2026,2026-04-02,"Eden Gardens, Kolkata",1,103,Sunrisers Hyderabad,Kolkata Knight Riders,H Klaasen,Nithish Kumar Reddy,Kartik Tyagi,0,0,0,0,0,0,0,,,,
1527679,2026,2026-04-02,"Eden Gardens, Kolkata",1,104,Sunrisers Hyderabad,Kolkata Knight Riders,H Klaasen,Nithish Kumar Reddy,Kartik Tyagi,6,0,0,0,0,0,0,,,,
1527679,2026,2026-04-02,"Eden Gardens, Kolkata",1,105,Sunrisers Hyderabad,Kolkata Knight Riders,H Klaasen,Nithish Kumar Reddy,Kartik Tyagi,1,0,0,0,0,0,0,,,,
1527679,2026,2026-04-02,"Eden Gardens, Kolkata",1,106,Sunrisers Hyderabad,Kolkata Knight Riders,Nithish Kumar Reddy,H Klaasen,Kartik Tyagi,4,0,0,0,0,0,0,,,,
1527679,2026,2026-04-02,"Eden Gardens, Kolkata",1,107,Sunrisers Hyderabad,Kolkata Knight Riders,Nithish Kumar Reddy,H Klaasen,Kartik Tyagi,4,0,0,0,0,0,0,,,,
1527679,2026,2026-04-02,"Eden Gardens, Kolkata",1,108,Sunrisers Hyderabad,Kolkata Knight Riders,Nithish Kumar Reddy,H Klaasen,Kartik Tyagi,1,0,0,0,0,0,0,,,,
1527679,2026,2026-04-02,"Eden Gardens, Kolkata",1,109,Sunrisers Hyderabad,Kolkata Knight Riders,Nithish Kumar Reddy,H Klaasen,VG Arora,0,0,0,0,0,0,0,caught,Nithish Kumar Reddy,{'name': 'CV Varun'},
1527679,2026,2026-04-02,"Eden Gardens, Kolkata",1,110,Sunrisers Hyderabad,Kolkata Knight Riders,S Arora,H Klaasen,VG Arora,0,0,0,0,0,0,0,bowled,S Arora,,
1527679,2026,2026-04-02,"Eden Gardens, Kolkata",1,111,Sunrisers Hyderabad,Kolkata Knight Riders,Harsh Dubey,H Klaasen,VG Arora,0,1,1,0,0,0,0,,,,
1527679,2026,2026-04-02,"Eden Gardens, Kolkata",1,112,Sunrisers Hyderabad,Kolkata Knight Riders,Harsh Dubey,H Klaasen,VG Arora,1,0,0,0,0,0,0,,,,
1527679,2026,2026-04-02,"Eden Gardens, Kolkata",1,113,Sunrisers Hyderabad,Kolkata Knight Riders,H Klaasen,Harsh Dubey,VG Arora,1,0,0,0,0,0,0,,,,
1527679,2026,2026-04-02,"Eden Gardens, Kolkata",1,114,Sunrisers Hyderabad,Kolkata Knight Riders,Harsh Dubey,H Klaasen,VG Arora,4,0,0,0,0,0,0,,,,
1527679,2026,2026-04-02,"Eden Gardens, Kolkata",1,115,Sunrisers Hyderabad,Kolkata Knight Riders,Harsh Dubey,H Klaasen,VG Arora,4,0,0,0,0,0,0,,,,
1527679,2026,2026-04-02,"Eden Gardens, Kolkata",1,115,Sunrisers Hyderabad,Kolkata Knight Riders,H Klaasen,Harsh Dubey,B Muzarabani,0,1,1,0,0,0,0,,,,
1527679,2026,2026-04-02,"Eden Gardens, Kolkata",1,116,Sunrisers Hyderabad,Kolkata Knight Riders,H Klaasen,Harsh Dubey,B Muzarabani,2,0,0,0,0,0,0,,,,
1527679,2026,2026-04-02,"Eden Gardens, Kolkata",1,117,Sunrisers Hyderabad,Kolkata Knight Riders,H Klaasen,Harsh Dubey,B Muzarabani,4,0,0,0,0,0,0,,,,
1527679,2026,2026-04-02,"Eden Gardens, Kolkata",1,118,Sunrisers Hyderabad,Kolkata Knight Riders,H Klaasen,Harsh Dubey,B Muzarabani,4,0,0,0,0,0,0,,,,
1527679,2026,2026-04-02,"Eden Gardens, Kolkata",1,119,Sunrisers Hyderabad,Kolkata Knight Riders,H Klaasen,Harsh Dubey,B Muzarabani,0,0,0,0,0,0,0,caught,H Klaasen,{'name': 'Ramandeep Singh'},
1527679,2026,2026-04-02,"Eden Gardens, Kolkata",1,120,Sunrisers Hyderabad,Kolkata Knight Riders,Shivang Kumar,Harsh Dubey,B Muzarabani,4,0,0,0,0,0,0,,,,
1527679,2026,2026-04-02,"Eden Gardens, Kolkata",1,121,Sunrisers Hyderabad,Kolkata Knight Riders,Shivang Kumar,Harsh Dubey,B Muzarabani,0,0,0,0,0,0,0,caught,Shivang Kumar,{'name': 'AM Rahane'},
1527679,2026,2026-04-02,"Eden Gardens, Kolkata",2,1,Kolkata Knight Riders,Sunrisers Hyderabad,AM Rahane,FH Allen,DA Payne,1,0,0,0,0,0,0,,,,
1527679,2026,2026-04-02,"Eden Gardens, Kolkata",2,2,Kolkata Knight Riders,Sunrisers Hyderabad,FH Allen,AM Rahane,DA Payne,4,0,0,0,0,0,0,,,,
1527679,2026,2026-04-02,"Eden Gardens, Kolkata",2,3,Kolkata Knight Riders,Sunrisers Hyderabad,FH Allen,AM Rahane,DA Payne,4,0,0,0,0,0,0,,,,
1527679,2026,2026-04-02,"Eden Gardens, Kolkata",2,4,Kolkata Knight Riders,Sunrisers Hyderabad,FH Allen,AM Rahane,DA Payne,6,0,0,0,0,0,0,,,,
1527679,2026,2026-04-02,"Eden Gardens, Kolkata",2,5,Kolkata Knight Riders,Sunrisers Hyderabad,FH Allen,AM Rahane,DA Payne,6,0,0,0,0,0,0,,,,
1527679,2026,2026-04-02,"Eden Gardens, Kolkata",2,6,Kolkata Knight Riders,Sunrisers Hyderabad,FH Allen,AM Rahane,DA Payne,4,0,0,0,0,0,0,,,,
1527679,2026,2026-04-02,"Eden Gardens, Kolkata",2,7,Kolkata Knight Riders,Sunrisers Hyderabad,AM Rahane,FH Allen,Harsh Dubey,1,0,0,0,0,0,0,,,,
1527679,2026,2026-04-02,"Eden Gardens, Kolkata",2,8,Kolkata Knight Riders,Sunrisers Hyderabad,FH Allen,AM Rahane,Harsh Dubey,4,0,0,0,0,0,0,,,,
1527679,2026,2026-04-02,"Eden Gardens, Kolkata",2,9,Kolkata Knight Riders,Sunrisers Hyderabad,FH Allen,AM Rahane,Harsh Dubey,0,0,0,0,0,0,0,caught and bowled,FH Allen,,
1527679,2026,2026-04-02,"Eden Gardens, Kolkata",2,10,Kolkata Knight Riders,Sunrisers Hyderabad,A Raghuvanshi,AM Rahane,Harsh Dubey,0,0,0,0,0,0,0,,,,
1527679,2026,2026-04-02,"Eden Gardens, Kolkata",2,11,Kolkata Knight Riders,Sunrisers Hyderabad,A Raghuvanshi,AM Rahane,Harsh Dubey,1,0,0,0,0,0,0,,,,
1527679,2026,2026-04-02,"Eden Gardens, Kolkata",2,12,Kolkata Knight Riders,Sunrisers Hyderabad,AM Rahane,A Raghuvanshi,Harsh Dubey,0,2,2,0,0,0,0,,,,
1527679,2026,2026-04-02,"Eden Gardens, Kolkata",2,13,Kolkata Knight Riders,Sunrisers Hyderabad,A Raghuvanshi,AM Rahane,Harsh Dubey,0,0,0,0,0,0,0,,,,
1527679,2026,2026-04-02,"Eden Gardens, Kolkata",2,13,Kolkata Knight Riders,Sunrisers Hyderabad,AM Rahane,A Raghuvanshi,Abhishek Sharma,1,0,0,0,0,0,0,,,,
1527679,2026,2026-04-02,"Eden Gardens, Kolkata",2,14,Kolkata Knight Riders,Sunrisers Hyderabad,A Raghuvanshi,AM Rahane,Abhishek Sharma,6,0,0,0,0,0,0,,,,
1527679,2026,2026-04-02,"Eden Gardens, Kolkata",2,15,Kolkata Knight Riders,Sunrisers Hyderabad,A Raghuvanshi,AM Rahane,Abhishek Sharma,1,0,0,0,0,0,0,,,,
1527679,2026,2026-04-02,"Eden Gardens, Kolkata",2,16,Kolkata Knight Riders,Sunrisers Hyderabad,AM Rahane,A Raghuvanshi,Abhishek Sharma,0,0,0,0,0,0,0,,,,
1527679,2026,2026-04-02,"Eden Gardens, Kolkata",2,17,Kolkata Knight Riders,Sunrisers Hyderabad,AM Rahane,A Raghuvanshi,Abhishek Sharma,1,0,0,0,0,0,0,,,,
1527679,2026,2026-04-02,"Eden Gardens, Kolkata",2,18,Kolkata Knight Riders,Sunrisers Hyderabad,A Raghuvanshi,AM Rahane,Abhishek Sharma,6,0,0,0,0,0,0,,,,
1527679,2026,2026-04-02,"Eden Gardens, Kolkata",2,19,Kolkata Knight Riders,Sunrisers Hyderabad,AM Rahane,A Raghuvanshi,Harsh Dubey,1,0,0,0,0,0,0,,,,
1527679,2026,2026-04-02,"Eden Gardens, Kolkata",2,20,Kolkata Knight Riders,Sunrisers Hyderabad,A Raghuvanshi,AM Rahane,Harsh Dubey,1,0,0,0,0,0,0,,,,
1527679,2026,2026-04-02,"Eden Gardens, Kolkata",2,21,Kolkata Knight Riders,Sunrisers Hyderabad,AM Rahane,A Raghuvanshi,Harsh Dubey,1,0,0,0,0,0,0,,,,
1527679,2026,2026-04-02,"Eden Gardens, Kolkata",2,22,Kolkata Knight Riders,Sunrisers Hyderabad,A Raghuvanshi,AM Rahane,Harsh Dubey,4,0,0,0,0,0,0,,,,
1527679,2026,2026-04-02,"Eden Gardens, Kolkata",2,23,Kolkata Knight Riders,Sunrisers Hyderabad,A Raghuvanshi,AM Rahane,Harsh Dubey,1,0,0,0,0,0,0,,,,
1527679,2026,2026-04-02,"Eden Gardens, Kolkata",2,24,Kolkata Knight Riders,Sunrisers Hyderabad,AM Rahane,A Raghuvanshi,Harsh Dubey,1,0,0,0,0,0,0,,,,
1527679,2026,2026-04-02,"Eden Gardens, Kolkata",2,25,Kolkata Knight Riders,Sunrisers Hyderabad,AM Rahane,A Raghuvanshi,JD Unadkat,1,0,0,0,0,0,0,,,,
1527679,2026,2026-04-02,"Eden Gardens, Kolkata",2,26,Kolkata Knight Riders,Sunrisers Hyderabad,A Raghuvanshi,AM Rahane,JD Unadkat,0,0,0,0,0,0,0,,,,
1527679,2026,2026-04-02,"Eden Gardens, Kolkata",2,27,Kolkata Knight Riders,Sunrisers Hyderabad,A Raghuvanshi,AM Rahane,JD Unadkat,4,0,0,0,0,0,0,,,,
1527679,2026,2026-04-02,"Eden Gardens, Kolkata",2,28,Kolkata Knight Riders,Sunrisers Hyderabad,A Raghuvanshi,AM Rahane,JD Unadkat,4,0,0,0,0,0,0,,,,
1527679,2026,2026-04-02,"Eden Gardens, Kolkata",2,29,Kolkata Knight Riders,Sunrisers Hyderabad,A Raghuvanshi,AM Rahane,JD Unadkat,1,0,0,0,0,0,0,,,,
1527679,2026,2026-04-02,"Eden Gardens, Kolkata",2,30,Kolkata Knight Riders,Sunrisers Hyderabad,AM Rahane,A Raghuvanshi,JD Unadkat,0,0,0,0,0,0,0,caught,AM Rahane,{'name': 'E Malinga'},
1527679,2026,2026-04-02,"Eden Gardens, Kolkata",2,31,Kolkata Knight Riders,Sunrisers Hyderabad,A Raghuvanshi,C Green,E Malinga,0,1,1,0,0,0,0,,,,
1527679,2026,2026-04-02,"Eden Gardens, Kolkata",2,32,Kolkata Knight Riders,Sunrisers Hyderabad,A Raghuvanshi,C Green,E Malinga,1,0,0,0,0,0,0,,,,
1527679,2026,2026-04-02,"Eden Gardens, Kolkata",2,33,Kolkata Knight Riders,Sunrisers Hyderabad,C Green,A Raghuvanshi,E Malinga,0,1,1,0,0,0,0,,,,
1527679,2026,2026-04-02,"Eden Gardens, Kolkata",2,34,Kolkata Knight Riders,Sunrisers Hyderabad,C Green,A Raghuvanshi,E Malinga,1,0,0,0,0,0,0,,,,
1527679,2026,2026-04-02,"Eden Gardens, Kolkata",2,35,Kolkata Knight Riders,Sunrisers Hyderabad,A Raghuvanshi,C Green,E Malinga,0,1,1,0,0,0,0,,,,
1527679,2026,2026-04-02,"Eden Gardens, Kolkata",2,36,Kolkata Knight Riders,Sunrisers Hyderabad,A Raghuvanshi,C Green,E Malinga,0,0,0,0,0,0,0,,,,
1527679,2026,2026-04-02,"Eden Gardens, Kolkata",2,37,Kolkata Knight Riders,Sunrisers Hyderabad,A Raghuvanshi,C Green,E Malinga,1,0,0,0,0,0,0,,,,
1527679,2026,2026-04-02,"Eden Gardens, Kolkata",2,38,Kolkata Knight Riders,Sunrisers Hyderabad,C Green,A Raghuvanshi,E Malinga,1,0,0,0,0,0,0,,,,
1527679,2026,2026-04-02,"Eden Gardens, Kolkata",2,39,Kolkata Knight Riders,Sunrisers Hyderabad,A Raghuvanshi,C Green,E Malinga,0,0,0,0,0,0,0,run out,C Green,{'name': 'E Malinga'},
1527679,2026,2026-04-02,"Eden Gardens, Kolkata",2,37,Kolkata Knight Riders,Sunrisers Hyderabad,RK Singh,A Raghuvanshi,Shivang Kumar,0,0,0,0,0,0,0,,,,
1527679,2026,2026-04-02,"Eden Gardens, Kolkata",2,38,Kolkata Knight Riders,Sunrisers Hyderabad,RK Singh,A Raghuvanshi,Shivang Kumar,0,0,0,0,0,0,0,,,,
1527679,2026,2026-04-02,"Eden Gardens, Kolkata",2,39,Kolkata Knight Riders,Sunrisers Hyderabad,RK Singh,A Raghuvanshi,Shivang Kumar,1,0,0,0,0,0,0,,,,
1527679,2026,2026-04-02,"Eden Gardens, Kolkata",2,40,Kolkata Knight Riders,Sunrisers Hyderabad,A Raghuvanshi,RK Singh,Shivang Kumar,0,0,0,0,0,0,0,,,,
1527679,2026,2026-04-02,"Eden Gardens, Kolkata",2,41,Kolkata Knight Riders,Sunrisers Hyderabad,A Raghuvanshi,RK Singh,Shivang Kumar,0,0,0,0,0,0,0,,,,
1527679,2026,2026-04-02,"Eden Gardens, Kolkata",2,42,Kolkata Knight Riders,Sunrisers Hyderabad,A Raghuvanshi,RK Singh,Shivang Kumar,4,0,0,0,0,0,0,,,,
1527679,2026,2026-04-02,"Eden Gardens, Kolkata",2,43,Kolkata Knight Riders,Sunrisers Hyderabad,RK Singh,A Raghuvanshi,JD Unadkat,0,0,0,0,0,0,0,,,,
1527679,2026,2026-04-02,"Eden Gardens, Kolkata",2,44,Kolkata Knight Riders,Sunrisers Hyderabad,RK Singh,A Raghuvanshi,JD Unadkat,1,0,0,0,0,0,0,,,,
1527679,2026,2026-04-02,"Eden Gardens, Kolkata",2,45,Kolkata Knight Riders,Sunrisers Hyderabad,A Raghuvanshi,RK Singh,JD Unadkat,4,0,0,0,0,0,0,,,,
1527679,2026,2026-04-02,"Eden Gardens, Kolkata",2,46,Kolkata Knight Riders,Sunrisers Hyderabad,A Raghuvanshi,RK Singh,JD Unadkat,2,0,0,0,0,0,0,,,,
1527679,2026,2026-04-02,"Eden Gardens, Kolkata",2,47,Kolkata Knight Riders,Sunrisers Hyderabad,A Raghuvanshi,RK Singh,JD Unadkat,1,0,0,0,0,0,0,,,,
1527679,2026,2026-04-02,"Eden Gardens, Kolkata",2,48,Kolkata Knight Riders,Sunrisers Hyderabad,RK Singh,A Raghuvanshi,JD Unadkat,1,0,0,0,0,0,0,,,,
1527679,2026,2026-04-02,"Eden Gardens, Kolkata",2,49,Kolkata Knight Riders,Sunrisers Hyderabad,RK Singh,A Raghuvanshi,Shivang Kumar,1,0,0,0,0,0,0,,,,
1527679,2026,2026-04-02,"Eden Gardens, Kolkata",2,50,Kolkata Knight Riders,Sunrisers Hyderabad,A Raghuvanshi,RK Singh,Shivang Kumar,4,0,0,0,0,0,0,,,,
1527679,2026,2026-04-02,"Eden Gardens, Kolkata",2,51,Kolkata Knight Riders,Sunrisers Hyderabad,A Raghuvanshi,RK Singh,Shivang Kumar,0,0,0,0,0,0,0,,,,
1527679,2026,2026-04-02,"Eden Gardens, Kolkata",2,52,Kolkata Knight Riders,Sunrisers Hyderabad,A Raghuvanshi,RK Singh,Shivang Kumar,3,0,0,0,0,0,0,,,,
1527679,2026,2026-04-02,"Eden Gardens, Kolkata",2,53,Kolkata Knight Riders,Sunrisers Hyderabad,RK Singh,A Raghuvanshi,Shivang Kumar,4,0,0,0,0,0,0,,,,
1527679,2026,2026-04-02,"Eden Gardens, Kolkata",2,54,Kolkata Knight Riders,Sunrisers Hyderabad,RK Singh,A Raghuvanshi,Shivang Kumar,0,0,0,0,0,0,0,,,,
1527679,2026,2026-04-02,"Eden Gardens, Kolkata",2,55,Kolkata Knight Riders,Sunrisers Hyderabad,A Raghuvanshi,RK Singh,DA Payne,1,0,0,0,0,0,0,,,,
1527679,2026,2026-04-02,"Eden Gardens, Kolkata",2,56,Kolkata Knight Riders,Sunrisers Hyderabad,RK Singh,A Raghuvanshi,DA Payne,2,0,0,0,0,0,0,,,,
1527679,2026,2026-04-02,"Eden Gardens, Kolkata",2,57,Kolkata Knight Riders,Sunrisers Hyderabad,RK Singh,A Raghuvanshi,DA Payne,1,0,0,0,0,0,0,,,,
1527679,2026,2026-04-02,"Eden Gardens, Kolkata",2,58,Kolkata Knight Riders,Sunrisers Hyderabad,A Raghuvanshi,RK Singh,DA Payne,1,0,0,0,0,0,0,,,,
1527679,2026,2026-04-02,"Eden Gardens, Kolkata",2,59,Kolkata Knight Riders,Sunrisers Hyderabad,RK Singh,A Raghuvanshi,DA Payne,4,0,0,0,0,0,0,,,,
1527679,2026,2026-04-02,"Eden Gardens, Kolkata",2,60,Kolkata Knight Riders,Sunrisers Hyderabad,RK Singh,A Raghuvanshi,DA Payne,1,0,0,0,0,0,0,,,,
1527679,2026,2026-04-02,"Eden Gardens, Kolkata",2,61,Kolkata Knight Riders,Sunrisers Hyderabad,RK Singh,A Raghuvanshi,Shivang Kumar,0,0,0,0,0,0,0,,,,
1527679,2026,2026-04-02,"Eden Gardens, Kolkata",2,62,Kolkata Knight Riders,Sunrisers Hyderabad,RK Singh,A Raghuvanshi,Shivang Kumar,4,0,0,0,0,0,0,,,,
1527679,2026,2026-04-02,"Eden Gardens, Kolkata",2,63,Kolkata Knight Riders,Sunrisers Hyderabad,RK Singh,A Raghuvanshi,Shivang Kumar,1,0,0,0,0,0,0,,,,
1527679,2026,2026-04-02,"Eden Gardens, Kolkata",2,64,Kolkata Knight Riders,Sunrisers Hyderabad,A Raghuvanshi,RK Singh,Shivang Kumar,1,0,0,0,0,0,0,,,,
1527679,2026,2026-04-02,"Eden Gardens, Kolkata",2,65,Kolkata Knight Riders,Sunrisers Hyderabad,RK Singh,A Raghuvanshi,Shivang Kumar,4,0,0,0,0,0,0,,,,
1527679,2026,2026-04-02,"Eden Gardens, Kolkata",2,66,Kolkata Knight Riders,Sunrisers Hyderabad,RK Singh,A Raghuvanshi,Shivang Kumar,0,0,0,0,0,0,0,run out,A Raghuvanshi,{'name': 'Shivang Kumar'},{'name': 'E Malinga'}
1527679,2026,2026-04-02,"Eden Gardens, Kolkata",2,67,Kolkata Knight Riders,Sunrisers Hyderabad,AS Roy,RK Singh,Nithish Kumar Reddy,0,0,0,0,0,0,0,,,,
1527679,2026,2026-04-02,"Eden Gardens, Kolkata",2,68,Kolkata Knight Riders,Sunrisers Hyderabad,AS Roy,RK Singh,Nithish Kumar Reddy,0,0,0,0,0,0,0,caught and bowled,AS Roy,,
1527679,2026,2026-04-02,"Eden Gardens, Kolkata",2,69,Kolkata Knight Riders,Sunrisers Hyderabad,Ramandeep Singh,RK Singh,Nithish Kumar Reddy,1,0,0,0,0,0,0,,,,
1527679,2026,2026-04-02,"Eden Gardens, Kolkata",2,70,Kolkata Knight Riders,Sunrisers Hyderabad,RK Singh,Ramandeep Singh,Nithish Kumar Reddy,1,0,0,0,0,0,0,,,,
1527679,2026,2026-04-02,"Eden Gardens, Kolkata",2,71,Kolkata Knight Riders,Sunrisers Hyderabad,Ramandeep Singh,RK Singh,Nithish Kumar Reddy,0,0,0,0,0,0,0,,,,
1527679,2026,2026-04-02,"Eden Gardens, Kolkata",2,72,Kolkata Knight Riders,Sunrisers Hyderabad,Ramandeep Singh,RK Singh,Nithish Kumar Reddy,1,0,0,0,0,0,0,,,,
1527679,2026,2026-04-02,"Eden Gardens, Kolkata",2,73,Kolkata Knight Riders,Sunrisers Hyderabad,Ramandeep Singh,RK Singh,Shivang Kumar,4,0,0,0,0,0,0,,,,
1527679,2026,2026-04-02,"Eden Gardens, Kolkata",2,74,Kolkata Knight Riders,Sunrisers Hyderabad,Ramandeep Singh,RK Singh,Shivang Kumar,1,0,0,0,0,0,0,,,,
1527679,2026,2026-04-02,"Eden Gardens, Kolkata",2,75,Kolkata Knight Riders,Sunrisers Hyderabad,RK Singh,Ramandeep Singh,Shivang Kumar,1,0,0,0,0,0,0,,,,
1527679,2026,2026-04-02,"Eden Gardens, Kolkata",2,76,Kolkata Knight Riders,Sunrisers Hyderabad,Ramandeep Singh,RK Singh,Shivang Kumar,1,0,0,0,0,0,0,,,,
1527679,2026,2026-04-02,"Eden Gardens, Kolkata",2,77,Kolkata Knight Riders,Sunrisers Hyderabad,RK Singh,Ramandeep Singh,Shivang Kumar,6,0,0,0,0,0,0,,,,
1527679,2026,2026-04-02,"Eden Gardens, Kolkata",2,78,Kolkata Knight Riders,Sunrisers Hyderabad,RK Singh,Ramandeep Singh,Shivang Kumar,1,0,0,0,0,0,0,,,,
1527679,2026,2026-04-02,"Eden Gardens, Kolkata",2,79,Kolkata Knight Riders,Sunrisers Hyderabad,RK Singh,Ramandeep Singh,Nithish Kumar Reddy,0,0,0,0,0,0,0,,,,
1527679,2026,2026-04-02,"Eden Gardens, Kolkata",2,80,Kolkata Knight Riders,Sunrisers Hyderabad,RK Singh,Ramandeep Singh,Nithish Kumar Reddy,1,0,0,0,0,0,0,,,,
1527679,2026,2026-04-02,"Eden Gardens, Kolkata",2,81,Kolkata Knight Riders,Sunrisers Hyderabad,Ramandeep Singh,RK Singh,Nithish Kumar Reddy,1,0,0,0,0,0,0,,,,
1527679,2026,2026-04-02,"Eden Gardens, Kolkata",2,82,Kolkata Knight Riders,Sunrisers Hyderabad,RK Singh,Ramandeep Singh,Nithish Kumar Reddy,0,0,0,0,0,0,0,caught,RK Singh,{'name': 'JD Unadkat'},
1527679,2026,2026-04-02,"Eden Gardens, Kolkata",2,83,Kolkata Knight Riders,Sunrisers Hyderabad,SP Narine,Ramandeep Singh,Nithish Kumar Reddy,6,0,0,0,0,0,0,,,,
1527679,2026,2026-04-02,"Eden Gardens, Kolkata",2,84,Kolkata Knight Riders,Sunrisers Hyderabad,SP Narine,Ramandeep Singh,Nithish Kumar Reddy,6,0,0,0,0,0,0,,,,
1527679,2026,2026-04-02,"Eden Gardens, Kolkata",2,85,Kolkata Knight Riders,Sunrisers Hyderabad,Ramandeep Singh,SP Narine,E Malinga,1,0,0,0,0,0,0,,,,
1527679,2026,2026-04-02,"Eden Gardens, Kolkata",2,86,Kolkata Knight Riders,Sunrisers Hyderabad,SP Narine,Ramandeep Singh,E Malinga,0,1,1,0,0,0,0,,,,
1527679,2026,2026-04-02,"Eden Gardens, Kolkata",2,87,Kolkata Knight Riders,Sunrisers Hyderabad,SP Narine,Ramandeep Singh,E Malinga,0,1,1,0,0,0,0,,,,
1527679,2026,2026-04-02,"Eden Gardens, Kolkata",2,88,Kolkata Knight Riders,Sunrisers Hyderabad,SP Narine,Ramandeep Singh,E Malinga,0,0,0,0,0,0,0,,,,
1527679,2026,2026-04-02,"Eden Gardens, Kolkata",2,89,Kolkata Knight Riders,Sunrisers Hyderabad,SP Narine,Ramandeep Singh,E Malinga,0,0,0,0,0,0,0,caught,SP Narine,{'name': 'Aniket Verma'},
1527679,2026,2026-04-02,"Eden Gardens, Kolkata",2,90,Kolkata Knight Riders,Sunrisers Hyderabad,Kartik Tyagi,Ramandeep Singh,E Malinga,4,0,0,0,0,0,0,,,,
1527679,2026,2026-04-02,"Eden Gardens, Kolkata",2,91,Kolkata Knight Riders,Sunrisers Hyderabad,Kartik Tyagi,Ramandeep Singh,E Malinga,0,1,0,0,0,1,0,,,,
1527679,2026,2026-04-02,"Eden Gardens, Kolkata",2,92,Kolkata Knight Riders,Sunrisers Hyderabad,Ramandeep Singh,Kartik Tyagi,E Malinga,0,0,0,0,0,0,0,caught,Ramandeep Singh,{'name': 'JD Unadkat'},
1527679,2026,2026-04-02,"Eden Gardens, Kolkata",2,91,Kolkata Knight Riders,Sunrisers Hyderabad,Kartik Tyagi,VG Arora,JD Unadkat,0,0,0,0,0,0,0,,,,
1527679,2026,2026-04-02,"Eden Gardens, Kolkata",2,92,Kolkata Knight Riders,Sunrisers Hyderabad,Kartik Tyagi,VG Arora,JD Unadkat,1,0,0,0,0,0,0,,,,
1527679,2026,2026-04-02,"Eden Gardens, Kolkata",2,93,Kolkata Knight Riders,Sunrisers Hyderabad,VG Arora,Kartik Tyagi,JD Unadkat,0,0,0,0,0,0,0,,,,
1527679,2026,2026-04-02,"Eden Gardens, Kolkata",2,94,Kolkata Knight Riders,Sunrisers Hyderabad,VG Arora,Kartik Tyagi,JD Unadkat,1,0,0,0,0,0,0,,,,
1527679,2026,2026-04-02,"Eden Gardens, Kolkata",2,95,Kolkata Knight Riders,Sunrisers Hyderabad,Kartik Tyagi,VG Arora,JD Unadkat,0,0,0,0,0,0,0,caught,Kartik Tyagi,{'name': 'Ishan Kishan'},
1527679,2026,2026-04-02,"Eden Gardens, Kolkata",2,96,Kolkata Knight Riders,Sunrisers Hyderabad,CV Varun,VG Arora,JD Unadkat,0,0,0,0,0,0,0,bowled,CV Varun,,
1527680,2026,2026-04-03,"MA Chidambaram Stadium, Chepauk, Chennai",1,1,Chennai Super Kings,Punjab Kings,SV Samson,RD Gaikwad,Arshdeep Singh,0,1,1,0,0,0,0,,,,
1527680,2026,2026-04-03,"MA Chidambaram Stadium, Chepauk, Chennai",1,2,Chennai Super Kings,Punjab Kings,SV Samson,RD Gaikwad,Arshdeep Singh,0,0,0,0,0,0,0,,,,
1527680,2026,2026-04-03,"MA Chidambaram Stadium, Chepauk, Chennai",1,3,Chennai Super Kings,Punjab Kings,SV Samson,RD Gaikwad,Arshdeep Singh,3,0,0,0,0,0,0,,,,
1527680,2026,2026-04-03,"MA Chidambaram Stadium, Chepauk, Chennai",1,4,Chennai Super Kings,Punjab Kings,RD Gaikwad,SV Samson,Arshdeep Singh,0,0,0,0,0,0,0,,,,
1527680,2026,2026-04-03,"MA Chidambaram Stadium, Chepauk, Chennai",1,5,Chennai Super Kings,Punjab Kings,RD Gaikwad,SV Samson,Arshdeep Singh,1,0,0,0,0,0,0,,,,
1527680,2026,2026-04-03,"MA Chidambaram Stadium, Chepauk, Chennai",1,6,Chennai Super Kings,Punjab Kings,SV Samson,RD Gaikwad,Arshdeep Singh,0,0,0,0,0,0,0,,,,
1527680,2026,2026-04-03,"MA Chidambaram Stadium, Chepauk, Chennai",1,7,Chennai Super Kings,Punjab Kings,SV Samson,RD Gaikwad,Arshdeep Singh,0,0,0,0,0,0,0,,,,
1527680,2026,2026-04-03,"MA Chidambaram Stadium, Chepauk, Chennai",1,7,Chennai Super Kings,Punjab Kings,RD Gaikwad,SV Samson,XC Bartlett,4,0,0,0,0,0,0,,,,
1527680,2026,2026-04-03,"MA Chidambaram Stadium, Chepauk, Chennai",1,8,Chennai Super Kings,Punjab Kings,RD Gaikwad,SV Samson,XC Bartlett,0,0,0,0,0,0,0,,,,
1527680,2026,2026-04-03,"MA Chidambaram Stadium, Chepauk, Chennai",1,9,Chennai Super Kings,Punjab Kings,RD Gaikwad,SV Samson,XC Bartlett,1,0,0,0,0,0,0,,,,
1527680,2026,2026-04-03,"MA Chidambaram Stadium, Chepauk, Chennai",1,10,Chennai Super Kings,Punjab Kings,SV Samson,RD Gaikwad,XC Bartlett,0,0,0,0,0,0,0,,,,
1527680,2026,2026-04-03,"MA Chidambaram Stadium, Chepauk, Chennai",1,11,Chennai Super Kings,Punjab Kings,SV Samson,RD Gaikwad,XC Bartlett,4,0,0,0,0,0,0,,,,
1527680,2026,2026-04-03,"MA Chidambaram Stadium, Chepauk, Chennai",1,12,Chennai Super Kings,Punjab Kings,SV Samson,RD Gaikwad,XC Bartlett,0,0,0,0,0,0,0,caught,SV Samson,{'name': 'P Simran Singh'},
1527680,2026,2026-04-03,"MA Chidambaram Stadium, Chepauk, Chennai",1,13,Chennai Super Kings,Punjab Kings,RD Gaikwad,A Mhatre,M Jansen,4,0,0,0,0,0,0,,,,
1527680,2026,2026-04-03,"MA Chidambaram Stadium, Chepauk, Chennai",1,14,Chennai Super Kings,Punjab Kings,RD Gaikwad,A Mhatre,M Jansen,1,0,0,0,0,0,0,,,,
1527680,2026,2026-04-03,"MA Chidambaram Stadium, Chepauk, Chennai",1,15,Chennai Super Kings,Punjab Kings,A Mhatre,RD Gaikwad,M Jansen,0,0,0,0,0,0,0,,,,
1527680,2026,2026-04-03,"MA Chidambaram Stadium, Chepauk, Chennai",1,16,Chennai Super Kings,Punjab Kings,A Mhatre,RD Gaikwad,M Jansen,0,0,0,0,0,0,0,,,,
1527680,2026,2026-04-03,"MA Chidambaram Stadium, Chepauk, Chennai",1,17,Chennai Super Kings,Punjab Kings,A Mhatre,RD Gaikwad,M Jansen,0,5,5,0,0,0,0,,,,
1527680,2026,2026-04-03,"MA Chidambaram Stadium, Chepauk, Chennai",1,18,Chennai Super Kings,Punjab Kings,A Mhatre,RD Gaikwad,M Jansen,0,0,0,0,0,0,0,,,,
1527680,2026,2026-04-03,"MA Chidambaram Stadium, Chepauk, Chennai",1,19,Chennai Super Kings,Punjab Kings,A Mhatre,RD Gaikwad,M Jansen,0,0,0,0,0,0,0,,,,
1527680,2026,2026-04-03,"MA Chidambaram Stadium, Chepauk, Chennai",1,19,Chennai Super Kings,Punjab Kings,RD Gaikwad,A Mhatre,XC Bartlett,1,0,0,0,0,0,0,,,,
1527680,2026,2026-04-03,"MA Chidambaram Stadium, Chepauk, Chennai",1,20,Chennai Super Kings,Punjab Kings,A Mhatre,RD Gaikwad,XC Bartlett,4,0,0,0,0,0,0,,,,
1527680,2026,2026-04-03,"MA Chidambaram Stadium, Chepauk, Chennai",1,21,Chennai Super Kings,Punjab Kings,A Mhatre,RD Gaikwad,XC Bartlett,4,0,0,0,0,0,0,,,,
1527680,2026,2026-04-03,"MA Chidambaram Stadium, Chepauk, Chennai",1,22,Chennai Super Kings,Punjab Kings,A Mhatre,RD Gaikwad,XC Bartlett,4,0,0,0,0,0,0,,,,
1527680,2026,2026-04-03,"MA Chidambaram Stadium, Chepauk, Chennai",1,23,Chennai Super Kings,Punjab Kings,A Mhatre,RD Gaikwad,XC Bartlett,2,0,0,0,0,0,0,,,,
1527680,2026,2026-04-03,"MA Chidambaram Stadium, Chepauk, Chennai",1,24,Chennai Super Kings,Punjab Kings,A Mhatre,RD Gaikwad,XC Bartlett,0,0,0,0,0,0,0,,,,
1527680,2026,2026-04-03,"MA Chidambaram Stadium, Chepauk, Chennai",1,25,Chennai Super Kings,Punjab Kings,RD Gaikwad,A Mhatre,Vijaykumar Vyshak,1,0,0,0,0,0,0,,,,
1527680,2026,2026-04-03,"MA Chidambaram Stadium, Chepauk, Chennai",1,26,Chennai Super Kings,Punjab Kings,A Mhatre,RD Gaikwad,Vijaykumar Vyshak,0,0,0,0,0,0,0,,,,
1527680,2026,2026-04-03,"MA Chidambaram Stadium, Chepauk, Chennai",1,27,Chennai Super Kings,Punjab Kings,A Mhatre,RD Gaikwad,Vijaykumar Vyshak,6,0,0,0,0,0,0,,,,
1527680,2026,2026-04-03,"MA Chidambaram Stadium, Chepauk, Chennai",1,28,Chennai Super Kings,Punjab Kings,A Mhatre,RD Gaikwad,Vijaykumar Vyshak,2,0,0,0,0,0,0,,,,
1527680,2026,2026-04-03,"MA Chidambaram Stadium, Chepauk, Chennai",1,29,Chennai Super Kings,Punjab Kings,A Mhatre,RD Gaikwad,Vijaykumar Vyshak,0,0,0,0,0,0,0,,,,
1527680,2026,2026-04-03,"MA Chidambaram Stadium, Chepauk, Chennai",1,30,Chennai Super Kings,Punjab Kings,A Mhatre,RD Gaikwad,Vijaykumar Vyshak,1,0,0,0,0,0,0,,,,
1527680,2026,2026-04-03,"MA Chidambaram Stadium, Chepauk, Chennai",1,31,Chennai Super Kings,Punjab Kings,A Mhatre,RD Gaikwad,Arshdeep Singh,0,0,0,0,0,0,0,,,,
1527680,2026,2026-04-03,"MA Chidambaram Stadium, Chepauk, Chennai",1,32,Chennai Super Kings,Punjab Kings,A Mhatre,RD Gaikwad,Arshdeep Singh,0,1,1,0,0,0,0,,,,
1527680,2026,2026-04-03,"MA Chidambaram Stadium, Chepauk, Chennai",1,33,Chennai Super Kings,Punjab Kings,A Mhatre,RD Gaikwad,Arshdeep Singh,4,0,0,0,0,0,0,,,,
1527680,2026,2026-04-03,"MA Chidambaram Stadium, Chepauk, Chennai",1,34,Chennai Super Kings,Punjab Kings,A Mhatre,RD Gaikwad,Arshdeep Singh,1,0,0,0,0,0,0,,,,
1527680,2026,2026-04-03,"MA Chidambaram Stadium, Chepauk, Chennai",1,35,Chennai Super Kings,Punjab Kings,RD Gaikwad,A Mhatre,Arshdeep Singh,1,0,0,0,0,0,0,,,,
1527680,2026,2026-04-03,"MA Chidambaram Stadium, Chepauk, Chennai",1,36,Chennai Super Kings,Punjab Kings,A Mhatre,RD Gaikwad,Arshdeep Singh,0,0,0,0,0,0,0,,,,
1527680,2026,2026-04-03,"MA Chidambaram Stadium, Chepauk, Chennai",1,37,Chennai Super Kings,Punjab Kings,A Mhatre,RD Gaikwad,Arshdeep Singh,1,0,0,0,0,0,0,,,,
1527680,2026,2026-04-03,"MA Chidambaram Stadium, Chepauk, Chennai",1,37,Chennai Super Kings,Punjab Kings,A Mhatre,RD Gaikwad,M Jansen,6,0,0,0,0,0,0,,,,
1527680,2026,2026-04-03,"MA Chidambaram Stadium, Chepauk, Chennai",1,38,Chennai Super Kings,Punjab Kings,A Mhatre,RD Gaikwad,M Jansen,0,0,0,0,0,0,0,,,,
1527680,2026,2026-04-03,"MA Chidambaram Stadium, Chepauk, Chennai",1,39,Chennai Super Kings,Punjab Kings,A Mhatre,RD Gaikwad,M Jansen,2,0,0,0,0,0,0,,,,
1527680,2026,2026-04-03,"MA Chidambaram Stadium, Chepauk, Chennai",1,40,Chennai Super Kings,Punjab Kings,A Mhatre,RD Gaikwad,M Jansen,0,0,0,0,0,0,0,,,,
1527680,2026,2026-04-03,"MA Chidambaram Stadium, Chepauk, Chennai",1,41,Chennai Super Kings,Punjab Kings,A Mhatre,RD Gaikwad,M Jansen,6,0,0,0,0,0,0,,,,
1527680,2026,2026-04-03,"MA Chidambaram Stadium, Chepauk, Chennai",1,42,Chennai Super Kings,Punjab Kings,A Mhatre,RD Gaikwad,M Jansen,0,0,0,0,0,0,0,,,,
1527680,2026,2026-04-03,"MA Chidambaram Stadium, Chepauk, Chennai",1,43,Chennai Super Kings,Punjab Kings,RD Gaikwad,A Mhatre,YS Chahal,1,0,0,0,0,0,0,,,,
1527680,2026,2026-04-03,"MA Chidambaram Stadium, Chepauk, Chennai",1,44,Chennai Super Kings,Punjab Kings,A Mhatre,RD Gaikwad,YS Chahal,1,0,0,0,0,0,0,,,,
1527680,2026,2026-04-03,"MA Chidambaram Stadium, Chepauk, Chennai",1,45,Chennai Super Kings,Punjab Kings,RD Gaikwad,A Mhatre,YS Chahal,1,0,0,0,0,0,0,,,,
1527680,2026,2026-04-03,"MA Chidambaram Stadium, Chepauk, Chennai",1,46,Chennai Super Kings,Punjab Kings,A Mhatre,RD Gaikwad,YS Chahal,1,0,0,0,0,0,0,,,,
1527680,2026,2026-04-03,"MA Chidambaram Stadium, Chepauk, Chennai",1,47,Chennai Super Kings,Punjab Kings,RD Gaikwad,A Mhatre,YS Chahal,1,0,0,0,0,0,0,,,,
1527680,2026,2026-04-03,"MA Chidambaram Stadium, Chepauk, Chennai",1,48,Chennai Super Kings,Punjab Kings,A Mhatre,RD Gaikwad,YS Chahal,1,0,0,0,0,0,0,,,,
1527680,2026,2026-04-03,"MA Chidambaram Stadium, Chepauk, Chennai",1,49,Chennai Super Kings,Punjab Kings,A Mhatre,RD Gaikwad,MP Stoinis,6,0,0,0,0,0,0,,,,
1527680,2026,2026-04-03,"MA Chidambaram Stadium, Chepauk, Chennai",1,50,Chennai Super Kings,Punjab Kings,A Mhatre,RD Gaikwad,MP Stoinis,6,0,0,0,0,0,0,,,,
1527680,2026,2026-04-03,"MA Chidambaram Stadium, Chepauk, Chennai",1,51,Chennai Super Kings,Punjab Kings,A Mhatre,RD Gaikwad,MP Stoinis,0,1,1,0,0,0,0,,,,
1527680,2026,2026-04-03,"MA Chidambaram Stadium, Chepauk, Chennai",1,52,Chennai Super Kings,Punjab Kings,A Mhatre,RD Gaikwad,MP Stoinis,1,0,0,0,0,0,0,,,,
1527680,2026,2026-04-03,"MA Chidambaram Stadium, Chepauk, Chennai",1,53,Chennai Super Kings,Punjab Kings,RD Gaikwad,A Mhatre,MP Stoinis,2,0,0,0,0,0,0,,,,
1527680,2026,2026-04-03,"MA Chidambaram Stadium, Chepauk, Chennai",1,54,Chennai Super Kings,Punjab Kings,RD Gaikwad,A Mhatre,MP Stoinis,1,0,0,0,0,0,0,,,,
1527680,2026,2026-04-03,"MA Chidambaram Stadium, Chepauk, Chennai",1,55,Chennai Super Kings,Punjab Kings,A Mhatre,RD Gaikwad,MP Stoinis,0,0,0,0,0,0,0,,,,
1527680,2026,2026-04-03,"MA Chidambaram Stadium, Chepauk, Chennai",1,55,Chennai Super Kings,Punjab Kings,RD Gaikwad,A Mhatre,YS Chahal,1,0,0,0,0,0,0,,,,
1527680,2026,2026-04-03,"MA Chidambaram Stadium, Chepauk, Chennai",1,56,Chennai Super Kings,Punjab Kings,A Mhatre,RD Gaikwad,YS Chahal,0,0,0,0,0,0,0,,,,
1527680,2026,2026-04-03,"MA Chidambaram Stadium, Chepauk, Chennai",1,57,Chennai Super Kings,Punjab Kings,A Mhatre,RD Gaikwad,YS Chahal,2,0,0,0,0,0,0,,,,
1527680,2026,2026-04-03,"MA Chidambaram Stadium, Chepauk, Chennai",1,58,Chennai Super Kings,Punjab Kings,A Mhatre,RD Gaikwad,YS Chahal,1,0,0,0,0,0,0,,,,
1527680,2026,2026-04-03,"MA Chidambaram Stadium, Chepauk, Chennai",1,59,Chennai Super Kings,Punjab Kings,RD Gaikwad,A Mhatre,YS Chahal,2,0,0,0,0,0,0,,,,
1527680,2026,2026-04-03,"MA Chidambaram Stadium, Chepauk, Chennai",1,60,Chennai Super Kings,Punjab Kings,RD Gaikwad,A Mhatre,YS Chahal,1,0,0,0,0,0,0,,,,
1527680,2026,2026-04-03,"MA Chidambaram Stadium, Chepauk, Chennai",1,61,Chennai Super Kings,Punjab Kings,RD Gaikwad,A Mhatre,Vijaykumar Vyshak,1,0,0,0,0,0,0,,,,
1527680,2026,2026-04-03,"MA Chidambaram Stadium, Chepauk, Chennai",1,62,Chennai Super Kings,Punjab Kings,A Mhatre,RD Gaikwad,Vijaykumar Vyshak,1,0,0,0,0,0,0,,,,
1527680,2026,2026-04-03,"MA Chidambaram Stadium, Chepauk, Chennai",1,63,Chennai Super Kings,Punjab Kings,RD Gaikwad,A Mhatre,Vijaykumar Vyshak,2,0,0,0,0,0,0,,,,
1527680,2026,2026-04-03,"MA Chidambaram Stadium, Chepauk, Chennai",1,64,Chennai Super Kings,Punjab Kings,RD Gaikwad,A Mhatre,Vijaykumar Vyshak,1,0,0,0,0,0,0,,,,
1527680,2026,2026-04-03,"MA Chidambaram Stadium, Chepauk, Chennai",1,65,Chennai Super Kings,Punjab Kings,A Mhatre,RD Gaikwad,Vijaykumar Vyshak,4,0,0,0,0,0,0,,,,
1527680,2026,2026-04-03,"MA Chidambaram Stadium, Chepauk, Chennai",1,66,Chennai Super Kings,Punjab Kings,A Mhatre,RD Gaikwad,Vijaykumar Vyshak,0,0,0,0,0,0,0,,,,
1527680,2026,2026-04-03,"MA Chidambaram Stadium, Chepauk, Chennai",1,67,Chennai Super Kings,Punjab Kings,RD Gaikwad,A Mhatre,YS Chahal,0,0,0,0,0,0,0,caught,RD Gaikwad,{'name': 'N Wadhera'},
1527680,2026,2026-04-03,"MA Chidambaram Stadium, Chepauk, Chennai",1,68,Chennai Super Kings,Punjab Kings,S Dube,A Mhatre,YS Chahal,1,0,0,0,0,0,0,,,,
1527680,2026,2026-04-03,"MA Chidambaram Stadium, Chepauk, Chennai",1,69,Chennai Super Kings,Punjab Kings,A Mhatre,S Dube,YS Chahal,0,0,0,0,0,0,0,,,,
1527680,2026,2026-04-03,"MA Chidambaram Stadium, Chepauk, Chennai",1,70,Chennai Super Kings,Punjab Kings,A Mhatre,S Dube,YS Chahal,1,0,0,0,0,0,0,,,,
1527680,2026,2026-04-03,"MA Chidambaram Stadium, Chepauk, Chennai",1,71,Chennai Super Kings,Punjab Kings,S Dube,A Mhatre,YS Chahal,0,0,0,0,0,0,0,,,,
1527680,2026,2026-04-03,"MA Chidambaram Stadium, Chepauk, Chennai",1,72,Chennai Super Kings,Punjab Kings,S Dube,A Mhatre,YS Chahal,0,2,2,0,0,0,0,,,,
1527680,2026,2026-04-03,"MA Chidambaram Stadium, Chepauk, Chennai",1,73,Chennai Super Kings,Punjab Kings,A Mhatre,S Dube,YS Chahal,1,1,0,1,0,0,0,,,,
1527680,2026,2026-04-03,"MA Chidambaram Stadium, Chepauk, Chennai",1,74,Chennai Super Kings,Punjab Kings,S Dube,A Mhatre,YS Chahal,0,1,1,0,0,0,0,,,,
1527680,2026,2026-04-03,"MA Chidambaram Stadium, Chepauk, Chennai",1,75,Chennai Super Kings,Punjab Kings,S Dube,A Mhatre,YS Chahal,1,0,0,0,0,0,0,,,,
1527680,2026,2026-04-03,"MA Chidambaram Stadium, Chepauk, Chennai",1,73,Chennai Super Kings,Punjab Kings,S Dube,A Mhatre,Vijaykumar Vyshak,1,0,0,0,0,0,0,,,,
1527680,2026,2026-04-03,"MA Chidambaram Stadium, Chepauk, Chennai",1,74,Chennai Super Kings,Punjab Kings,A Mhatre,S Dube,Vijaykumar Vyshak,4,0,0,0,0,0,0,,,,
1527680,2026,2026-04-03,"MA Chidambaram Stadium, Chepauk, Chennai",1,75,Chennai Super Kings,Punjab Kings,A Mhatre,S Dube,Vijaykumar Vyshak,0,0,0,0,0,0,0,caught,A Mhatre,{'name': 'YS Chahal'},
1527680,2026,2026-04-03,"MA Chidambaram Stadium, Chepauk, Chennai",1,76,Chennai Super Kings,Punjab Kings,Kartik Sharma,S Dube,Vijaykumar Vyshak,0,0,0,0,0,0,0,,,,
1527680,2026,2026-04-03,"MA Chidambaram Stadium, Chepauk, Chennai",1,77,Chennai Super Kings,Punjab Kings,Kartik Sharma,S Dube,Vijaykumar Vyshak,1,0,0,0,0,0,0,,,,
1527680,2026,2026-04-03,"MA Chidambaram Stadium, Chepauk, Chennai",1,78,Chennai Super Kings,Punjab Kings,S Dube,Kartik Sharma,Vijaykumar Vyshak,1,0,0,0,0,0,0,,,,
1527680,2026,2026-04-03,"MA Chidambaram Stadium, Chepauk, Chennai",1,79,Chennai Super Kings,Punjab Kings,S Dube,Kartik Sharma,M Jansen,2,0,0,0,0,0,0,,,,
1527680,2026,2026-04-03,"MA Chidambaram Stadium, Chepauk, Chennai",1,80,Chennai Super Kings,Punjab Kings,S Dube,Kartik Sharma,M Jansen,2,0,0,0,0,0,0,,,,
1527680,2026,2026-04-03,"MA Chidambaram Stadium, Chepauk, Chennai",1,81,Chennai Super Kings,Punjab Kings,S Dube,Kartik Sharma,M Jansen,1,0,0,0,0,0,0,,,,
1527680,2026,2026-04-03,"MA Chidambaram Stadium, Chepauk, Chennai",1,82,Chennai Super Kings,Punjab Kings,Kartik Sharma,S Dube,M Jansen,0,0,0,0,0,0,0,lbw,Kartik Sharma,,
1527680,2026,2026-04-03,"MA Chidambaram Stadium, Chepauk, Chennai",1,83,Chennai Super Kings,Punjab Kings,SN Khan,S Dube,M Jansen,0,0,0,0,0,0,0,,,,
1527680,2026,2026-04-03,"MA Chidambaram Stadium, Chepauk, Chennai",1,84,Chennai Super Kings,Punjab Kings,SN Khan,S Dube,M Jansen,0,0,0,0,0,0,0,,,,
1527680,2026,2026-04-03,"MA Chidambaram Stadium, Chepauk, Chennai",1,85,Chennai Super Kings,Punjab Kings,S Dube,SN Khan,Arshdeep Singh,1,0,0,0,0,0,0,,,,
1527680,2026,2026-04-03,"MA Chidambaram Stadium, Chepauk, Chennai",1,86,Chennai Super Kings,Punjab Kings,SN Khan,S Dube,Arshdeep Singh,4,0,0,0,0,0,0,,,,
1527680,2026,2026-04-03,"MA Chidambaram Stadium, Chepauk, Chennai",1,87,Chennai Super Kings,Punjab Kings,SN Khan,S Dube,Arshdeep Singh,4,0,0,0,0,0,0,,,,
1527680,2026,2026-04-03,"MA Chidambaram Stadium, Chepauk, Chennai",1,88,Chennai Super Kings,Punjab Kings,SN Khan,S Dube,Arshdeep Singh,4,0,0,0,0,0,0,,,,
1527680,2026,2026-04-03,"MA Chidambaram Stadium, Chepauk, Chennai",1,89,Chennai Super Kings,Punjab Kings,SN Khan,S Dube,Arshdeep Singh,1,0,0,0,0,0,0,,,,
1527680,2026,2026-04-03,"MA Chidambaram Stadium, Chepauk, Chennai",1,90,Chennai Super Kings,Punjab Kings,S Dube,SN Khan,Arshdeep Singh,1,0,0,0,0,0,0,,,,
1527680,2026,2026-04-03,"MA Chidambaram Stadium, Chepauk, Chennai",1,91,Chennai Super Kings,Punjab Kings,S Dube,SN Khan,XC Bartlett,2,0,0,0,0,0,0,,,,
1527680,2026,2026-04-03,"MA Chidambaram Stadium, Chepauk, Chennai",1,92,Chennai Super Kings,Punjab Kings,S Dube,SN Khan,XC Bartlett,0,0,0,0,0,0,0,,,,
1527680,2026,2026-04-03,"MA Chidambaram Stadium, Chepauk, Chennai",1,93,Chennai Super Kings,Punjab Kings,S Dube,SN Khan,XC Bartlett,0,0,0,0,0,0,0,,,,
1527680,2026,2026-04-03,"MA Chidambaram Stadium, Chepauk, Chennai",1,94,Chennai Super Kings,Punjab Kings,S Dube,SN Khan,XC Bartlett,1,0,0,0,0,0,0,,,,
1527680,2026,2026-04-03,"MA Chidambaram Stadium, Chepauk, Chennai",1,95,Chennai Super Kings,Punjab Kings,SN Khan,S Dube,XC Bartlett,0,1,1,0,0,0,0,,,,
1527680,2026,2026-04-03,"MA Chidambaram Stadium, Chepauk, Chennai",1,96,Chennai Super Kings,Punjab Kings,SN Khan,S Dube,XC Bartlett,6,0,0,0,0,0,0,,,,
1527680,2026,2026-04-03,"MA Chidambaram Stadium, Chepauk, Chennai",1,97,Chennai Super Kings,Punjab Kings,SN Khan,S Dube,XC Bartlett,1,0,0,0,0,0,0,,,,
1527680,2026,2026-04-03,"MA Chidambaram Stadium, Chepauk, Chennai",1,97,Chennai Super Kings,Punjab Kings,SN Khan,S Dube,Vijaykumar Vyshak,4,0,0,0,0,0,0,,,,
1527680,2026,2026-04-03,"MA Chidambaram Stadium, Chepauk, Chennai",1,98,Chennai Super Kings,Punjab Kings,SN Khan,S Dube,Vijaykumar Vyshak,4,0,0,0,0,0,0,,,,
1527680,2026,2026-04-03,"MA Chidambaram Stadium, Chepauk, Chennai",1,99,Chennai Super Kings,Punjab Kings,SN Khan,S Dube,Vijaykumar Vyshak,4,0,0,0,0,0,0,,,,
1527680,2026,2026-04-03,"MA Chidambaram Stadium, Chepauk, Chennai",1,100,Chennai Super Kings,Punjab Kings,SN Khan,S Dube,Vijaykumar Vyshak,0,0,0,0,0,0,0,caught,SN Khan,{'name': 'N Wadhera'},
1527680,2026,2026-04-03,"MA Chidambaram Stadium, Chepauk, Chennai",1,101,Chennai Super Kings,Punjab Kings,PR Veer,S Dube,Vijaykumar Vyshak,0,0,0,0,0,0,0,,,,
1527680,2026,2026-04-03,"MA Chidambaram Stadium, Chepauk, Chennai",1,102,Chennai Super Kings,Punjab Kings,PR Veer,S Dube,Vijaykumar Vyshak,0,0,0,0,0,0,0,,,,
1527680,2026,2026-04-03,"MA Chidambaram Stadium, Chepauk, Chennai",1,103,Chennai Super Kings,Punjab Kings,S Dube,PR Veer,M Jansen,0,1,1,0,0,0,0,,,,
1527680,2026,2026-04-03,"MA Chidambaram Stadium, Chepauk, Chennai",1,104,Chennai Super Kings,Punjab Kings,S Dube,PR Veer,M Jansen,6,0,0,0,0,0,0,,,,
1527680,2026,2026-04-03,"MA Chidambaram Stadium, Chepauk, Chennai",1,105,Chennai Super Kings,Punjab Kings,S Dube,PR Veer,M Jansen,1,0,0,0,0,0,0,,,,
1527680,2026,2026-04-03,"MA Chidambaram Stadium, Chepauk, Chennai",1,106,Chennai Super Kings,Punjab Kings,PR Veer,S Dube,M Jansen,4,0,0,0,0,0,0,,,,
1527680,2026,2026-04-03,"MA Chidambaram Stadium, Chepauk, Chennai",1,107,Chennai Super Kings,Punjab Kings,PR Veer,S Dube,M Jansen,0,0,0,0,0,0,0,,,,
1527680,2026,2026-04-03,"MA Chidambaram Stadium, Chepauk, Chennai",1,108,Chennai Super Kings,Punjab Kings,PR Veer,S Dube,M Jansen,1,0,0,0,0,0,0,,,,
1527680,2026,2026-04-03,"MA Chidambaram Stadium, Chepauk, Chennai",1,109,Chennai Super Kings,Punjab Kings,S Dube,PR Veer,M Jansen,1,0,0,0,0,0,0,,,,
1527680,2026,2026-04-03,"MA Chidambaram Stadium, Chepauk, Chennai",1,109,Chennai Super Kings,Punjab Kings,S Dube,PR Veer,XC Bartlett,4,0,0,0,0,0,0,,,,
1527680,2026,2026-04-03,"MA Chidambaram Stadium, Chepauk, Chennai",1,110,Chennai Super Kings,Punjab Kings,S Dube,PR Veer,XC Bartlett,2,0,0,0,0,0,0,,,,
1527680,2026,2026-04-03,"MA Chidambaram Stadium, Chepauk, Chennai",1,111,Chennai Super Kings,Punjab Kings,S Dube,PR Veer,XC Bartlett,1,0,0,0,0,0,0,,,,
1527680,2026,2026-04-03,"MA Chidambaram Stadium, Chepauk, Chennai",1,112,Chennai Super Kings,Punjab Kings,PR Veer,S Dube,XC Bartlett,1,0,0,0,0,0,0,,,,
1527680,2026,2026-04-03,"MA Chidambaram Stadium, Chepauk, Chennai",1,113,Chennai Super Kings,Punjab Kings,S Dube,PR Veer,XC Bartlett,4,0,0,0,0,0,0,,,,
1527680,2026,2026-04-03,"MA Chidambaram Stadium, Chepauk, Chennai",1,114,Chennai Super Kings,Punjab Kings,S Dube,PR Veer,XC Bartlett,0,1,1,0,0,0,0,,,,
1527680,2026,2026-04-03,"MA Chidambaram Stadium, Chepauk, Chennai",1,115,Chennai Super Kings,Punjab Kings,S Dube,PR Veer,XC Bartlett,0,0,0,0,0,0,0,,,,
1527680,2026,2026-04-03,"MA Chidambaram Stadium, Chepauk, Chennai",1,115,Chennai Super Kings,Punjab Kings,PR Veer,S Dube,Arshdeep Singh,0,1,0,0,1,0,0,,,,
1527680,2026,2026-04-03,"MA Chidambaram Stadium, Chepauk, Chennai",1,116,Chennai Super Kings,Punjab Kings,S Dube,PR Veer,Arshdeep Singh,0,1,1,0,0,0,0,,,,
1527680,2026,2026-04-03,"MA Chidambaram Stadium, Chepauk, Chennai",1,117,Chennai Super Kings,Punjab Kings,S Dube,PR Veer,Arshdeep Singh,4,0,0,0,0,0,0,,,,
1527680,2026,2026-04-03,"MA Chidambaram Stadium, Chepauk, Chennai",1,118,Chennai Super Kings,Punjab Kings,S Dube,PR Veer,Arshdeep Singh,0,0,0,0,0,0,0,,,,
1527680,2026,2026-04-03,"MA Chidambaram Stadium, Chepauk, Chennai",1,119,Chennai Super Kings,Punjab Kings,S Dube,PR Veer,Arshdeep Singh,0,0,0,0,0,0,0,,,,
1527680,2026,2026-04-03,"MA Chidambaram Stadium, Chepauk, Chennai",1,120,Chennai Super Kings,Punjab Kings,S Dube,PR Veer,Arshdeep Singh,4,0,0,0,0,0,0,,,,
1527680,2026,2026-04-03,"MA Chidambaram Stadium, Chepauk, Chennai",1,121,Chennai Super Kings,Punjab Kings,S Dube,PR Veer,Arshdeep Singh,4,0,0,0,0,0,0,,,,
1527680,2026,2026-04-03,"MA Chidambaram Stadium, Chepauk, Chennai",2,1,Punjab Kings,Chennai Super Kings,Priyansh Arya,P Simran Singh,KK Ahmed,0,1,1,0,0,0,0,,,,
1527680,2026,2026-04-03,"MA Chidambaram Stadium, Chepauk, Chennai",2,2,Punjab Kings,Chennai Super Kings,Priyansh Arya,P Simran Singh,KK Ahmed,4,0,0,0,0,0,0,,,,
1527680,2026,2026-04-03,"MA Chidambaram Stadium, Chepauk, Chennai",2,3,Punjab Kings,Chennai Super Kings,Priyansh Arya,P Simran Singh,KK Ahmed,6,0,0,0,0,0,0,,,,
1527680,2026,2026-04-03,"MA Chidambaram Stadium, Chepauk, Chennai",2,4,Punjab Kings,Chennai Super Kings,Priyansh Arya,P Simran Singh,KK Ahmed,1,0,0,0,0,0,0,,,,
1527680,2026,2026-04-03,"MA Chidambaram Stadium, Chepauk, Chennai",2,5,Punjab Kings,Chennai Super Kings,P Simran Singh,Priyansh Arya,KK Ahmed,0,0,0,0,0,0,0,,,,
1527680,2026,2026-04-03,"MA Chidambaram Stadium, Chepauk, Chennai",2,6,Punjab Kings,Chennai Super Kings,P Simran Singh,Priyansh Arya,KK Ahmed,0,0,0,0,0,0,0,,,,
1527680,2026,2026-04-03,"MA Chidambaram Stadium, Chepauk, Chennai",2,7,Punjab Kings,Chennai Super Kings,P Simran Singh,Priyansh Arya,KK Ahmed,0,1,1,0,0,0,0,,,,
1527680,2026,2026-04-03,"MA Chidambaram Stadium, Chepauk, Chennai",2,8,Punjab Kings,Chennai Super Kings,P Simran Singh,Priyansh Arya,KK Ahmed,0,1,1,0,0,0,0,,,,
1527680,2026,2026-04-03,"MA Chidambaram Stadium, Chepauk, Chennai",2,9,Punjab Kings,Chennai Super Kings,P Simran Singh,Priyansh Arya,KK Ahmed,0,0,0,0,0,0,0,,,,
1527680,2026,2026-04-03,"MA Chidambaram Stadium, Chepauk, Chennai",2,7,Punjab Kings,Chennai Super Kings,Priyansh Arya,P Simran Singh,MJ Henry,4,0,0,0,0,0,0,,,,
1527680,2026,2026-04-03,"MA Chidambaram Stadium, Chepauk, Chennai",2,8,Punjab Kings,Chennai Super Kings,Priyansh Arya,P Simran Singh,MJ Henry,6,0,0,0,0,0,0,,,,
1527680,2026,2026-04-03,"MA Chidambaram Stadium, Chepauk, Chennai",2,9,Punjab Kings,Chennai Super Kings,Priyansh Arya,P Simran Singh,MJ Henry,4,0,0,0,0,0,0,,,,
1527680,2026,2026-04-03,"MA Chidambaram Stadium, Chepauk, Chennai",2,10,Punjab Kings,Chennai Super Kings,Priyansh Arya,P Simran Singh,MJ Henry,1,0,0,0,0,0,0,,,,
1527680,2026,2026-04-03,"MA Chidambaram Stadium, Chepauk, Chennai",2,11,Punjab Kings,Chennai Super Kings,P Simran Singh,Priyansh Arya,MJ Henry,4,0,0,0,0,0,0,,,,
1527680,2026,2026-04-03,"MA Chidambaram Stadium, Chepauk, Chennai",2,12,Punjab Kings,Chennai Super Kings,P Simran Singh,Priyansh Arya,MJ Henry,1,0,0,0,0,0,0,,,,
1527680,2026,2026-04-03,"MA Chidambaram Stadium, Chepauk, Chennai",2,13,Punjab Kings,Chennai Super Kings,P Simran Singh,Priyansh Arya,KK Ahmed,0,0,0,0,0,0,0,,,,
1527680,2026,2026-04-03,"MA Chidambaram Stadium, Chepauk, Chennai",2,14,Punjab Kings,Chennai Super Kings,P Simran Singh,Priyansh Arya,KK Ahmed,1,0,0,0,0,0,0,,,,
1527680,2026,2026-04-03,"MA Chidambaram Stadium, Chepauk, Chennai",2,15,Punjab Kings,Chennai Super Kings,Priyansh Arya,P Simran Singh,KK Ahmed,1,0,0,0,0,0,0,,,,
1527680,2026,2026-04-03,"MA Chidambaram Stadium, Chepauk, Chennai",2,16,Punjab Kings,Chennai Super Kings,P Simran Singh,Priyansh Arya,KK Ahmed,0,0,0,0,0,0,0,,,,
1527680,2026,2026-04-03,"MA Chidambaram Stadium, Chepauk, Chennai",2,17,Punjab Kings,Chennai Super Kings,P Simran Singh,Priyansh Arya,KK Ahmed,1,0,0,0,0,0,0,,,,
1527680,2026,2026-04-03,"MA Chidambaram Stadium, Chepauk, Chennai",2,18,Punjab Kings,Chennai Super Kings,Priyansh Arya,P Simran Singh,KK Ahmed,6,0,0,0,0,0,0,,,,
1527680,2026,2026-04-03,"MA Chidambaram Stadium, Chepauk, Chennai",2,19,Punjab Kings,Chennai Super Kings,P Simran Singh,Priyansh Arya,A Kamboj,4,0,0,0,0,0,0,,,,
1527680,2026,2026-04-03,"MA Chidambaram Stadium, Chepauk, Chennai",2,20,Punjab Kings,Chennai Super Kings,P Simran Singh,Priyansh Arya,A Kamboj,4,0,0,0,0,0,0,,,,
1527680,2026,2026-04-03,"MA Chidambaram Stadium, Chepauk, Chennai",2,21,Punjab Kings,Chennai Super Kings,P Simran Singh,Priyansh Arya,A Kamboj,0,0,0,0,0,0,0,,,,
1527680,2026,2026-04-03,"MA Chidambaram Stadium, Chepauk, Chennai",2,22,Punjab Kings,Chennai Super Kings,P Simran Singh,Priyansh Arya,A Kamboj,4,0,0,0,0,0,0,,,,
1527680,2026,2026-04-03,"MA Chidambaram Stadium, Chepauk, Chennai",2,23,Punjab Kings,Chennai Super Kings,P Simran Singh,Priyansh Arya,A Kamboj,0,0,0,0,0,0,0,,,,
1527680,2026,2026-04-03,"MA Chidambaram Stadium, Chepauk, Chennai",2,24,Punjab Kings,Chennai Super Kings,P Simran Singh,Priyansh Arya,A Kamboj,0,0,0,0,0,0,0,,,,
1527680,2026,2026-04-03,"MA Chidambaram Stadium, Chepauk, Chennai",2,25,Punjab Kings,Chennai Super Kings,Priyansh Arya,P Simran Singh,MJ Henry,6,0,0,0,0,0,0,,,,
1527680,2026,2026-04-03,"MA Chidambaram Stadium, Chepauk, Chennai",2,26,Punjab Kings,Chennai Super Kings,Priyansh Arya,P Simran Singh,MJ Henry,0,0,0,0,0,0,0,bowled,Priyansh Arya,,
1527680,2026,2026-04-03,"MA Chidambaram Stadium, Chepauk, Chennai",2,27,Punjab Kings,Chennai Super Kings,C Connolly,P Simran Singh,MJ Henry,0,1,0,0,0,1,0,,,,
1527680,2026,2026-04-03,"MA Chidambaram Stadium, Chepauk, Chennai",2,28,Punjab Kings,Chennai Super Kings,P Simran Singh,C Connolly,MJ Henry,0,0,0,0,0,0,0,,,,
1527680,2026,2026-04-03,"MA Chidambaram Stadium, Chepauk, Chennai",2,29,Punjab Kings,Chennai Super Kings,P Simran Singh,C Connolly,MJ Henry,0,0,0,0,0,0,0,,,,
1527680,2026,2026-04-03,"MA Chidambaram Stadium, Chepauk, Chennai",2,30,Punjab Kings,Chennai Super Kings,P Simran Singh,C Connolly,MJ Henry,1,0,0,0,0,0,0,,,,
1527680,2026,2026-04-03,"MA Chidambaram Stadium, Chepauk, Chennai",2,31,Punjab Kings,Chennai Super Kings,P Simran Singh,C Connolly,KK Ahmed,0,0,0,0,0,0,0,,,,
1527680,2026,2026-04-03,"MA Chidambaram Stadium, Chepauk, Chennai",2,32,Punjab Kings,Chennai Super Kings,P Simran Singh,C Connolly,KK Ahmed,4,0,0,0,0,0,0,,,,
1527680,2026,2026-04-03,"MA Chidambaram Stadium, Chepauk, Chennai",2,33,Punjab Kings,Chennai Super Kings,P Simran Singh,C Connolly,KK Ahmed,0,0,0,0,0,0,0,,,,
1527680,2026,2026-04-03,"MA Chidambaram Stadium, Chepauk, Chennai",2,34,Punjab Kings,Chennai Super Kings,P Simran Singh,C Connolly,KK Ahmed,0,0,0,0,0,0,0,,,,
1527680,2026,2026-04-03,"MA Chidambaram Stadium, Chepauk, Chennai",2,35,Punjab Kings,Chennai Super Kings,P Simran Singh,C Connolly,KK Ahmed,1,0,0,0,0,0,0,,,,
1527680,2026,2026-04-03,"MA Chidambaram Stadium, Chepauk, Chennai",2,36,Punjab Kings,Chennai Super Kings,C Connolly,P Simran Singh,KK Ahmed,0,0,0,0,0,0,0,,,,
1527680,2026,2026-04-03,"MA Chidambaram Stadium, Chepauk, Chennai",2,37,Punjab Kings,Chennai Super Kings,P Simran Singh,C Connolly,Noor Ahmad,1,0,0,0,0,0,0,,,,
1527680,2026,2026-04-03,"MA Chidambaram Stadium, Chepauk, Chennai",2,38,Punjab Kings,Chennai Super Kings,C Connolly,P Simran Singh,Noor Ahmad,1,0,0,0,0,0,0,,,,
1527680,2026,2026-04-03,"MA Chidambaram Stadium, Chepauk, Chennai",2,39,Punjab Kings,Chennai Super Kings,P Simran Singh,C Connolly,Noor Ahmad,6,0,0,0,0,0,0,,,,
1527680,2026,2026-04-03,"MA Chidambaram Stadium, Chepauk, Chennai",2,40,Punjab Kings,Chennai Super Kings,P Simran Singh,C Connolly,Noor Ahmad,0,0,0,0,0,0,0,,,,
1527680,2026,2026-04-03,"MA Chidambaram Stadium, Chepauk, Chennai",2,41,Punjab Kings,Chennai Super Kings,P Simran Singh,C Connolly,Noor Ahmad,0,0,0,0,0,0,0,,,,
1527680,2026,2026-04-03,"MA Chidambaram Stadium, Chepauk, Chennai",2,42,Punjab Kings,Chennai Super Kings,P Simran Singh,C Connolly,Noor Ahmad,4,0,0,0,0,0,0,,,,
1527680,2026,2026-04-03,"MA Chidambaram Stadium, Chepauk, Chennai",2,43,Punjab Kings,Chennai Super Kings,C Connolly,P Simran Singh,RD Chahar,1,0,0,0,0,0,0,,,,
1527680,2026,2026-04-03,"MA Chidambaram Stadium, Chepauk, Chennai",2,44,Punjab Kings,Chennai Super Kings,P Simran Singh,C Connolly,RD Chahar,0,0,0,0,0,0,0,,,,
1527680,2026,2026-04-03,"MA Chidambaram Stadium, Chepauk, Chennai",2,45,Punjab Kings,Chennai Super Kings,P Simran Singh,C Connolly,RD Chahar,1,0,0,0,0,0,0,,,,
1527680,2026,2026-04-03,"MA Chidambaram Stadium, Chepauk, Chennai",2,46,Punjab Kings,Chennai Super Kings,C Connolly,P Simran Singh,RD Chahar,1,0,0,0,0,0,0,,,,
1527680,2026,2026-04-03,"MA Chidambaram Stadium, Chepauk, Chennai",2,47,Punjab Kings,Chennai Super Kings,P Simran Singh,C Connolly,RD Chahar,1,0,0,0,0,0,0,,,,
1527680,2026,2026-04-03,"MA Chidambaram Stadium, Chepauk, Chennai",2,48,Punjab Kings,Chennai Super Kings,C Connolly,P Simran Singh,RD Chahar,4,0,0,0,0,0,0,,,,
1527680,2026,2026-04-03,"MA Chidambaram Stadium, Chepauk, Chennai",2,49,Punjab Kings,Chennai Super Kings,P Simran Singh,C Connolly,Noor Ahmad,3,0,0,0,0,0,0,,,,
1527680,2026,2026-04-03,"MA Chidambaram Stadium, Chepauk, Chennai",2,50,Punjab Kings,Chennai Super Kings,C Connolly,P Simran Singh,Noor Ahmad,1,0,0,0,0,0,0,,,,
1527680,2026,2026-04-03,"MA Chidambaram Stadium, Chepauk, Chennai",2,51,Punjab Kings,Chennai Super Kings,P Simran Singh,C Connolly,Noor Ahmad,1,0,0,0,0,0,0,,,,
1527680,2026,2026-04-03,"MA Chidambaram Stadium, Chepauk, Chennai",2,52,Punjab Kings,Chennai Super Kings,C Connolly,P Simran Singh,Noor Ahmad,1,0,0,0,0,0,0,,,,
1527680,2026,2026-04-03,"MA Chidambaram Stadium, Chepauk, Chennai",2,53,Punjab Kings,Chennai Super Kings,P Simran Singh,C Connolly,Noor Ahmad,1,0,0,0,0,0,0,run out,P Simran Singh,{'name': 'RD Gaikwad'},{'name': 'SN Khan'}
1527680,2026,2026-04-03,"MA Chidambaram Stadium, Chepauk, Chennai",2,54,Punjab Kings,Chennai Super Kings,C Connolly,SS Iyer,Noor Ahmad,0,0,0,0,0,0,0,,,,
1527680,2026,2026-04-03,"MA Chidambaram Stadium, Chepauk, Chennai",2,55,Punjab Kings,Chennai Super Kings,SS Iyer,C Connolly,RD Chahar,1,0,0,0,0,0,0,,,,
1527680,2026,2026-04-03,"MA Chidambaram Stadium, Chepauk, Chennai",2,56,Punjab Kings,Chennai Super Kings,C Connolly,SS Iyer,RD Chahar,0,0,0,0,0,0,0,,,,
1527680,2026,2026-04-03,"MA Chidambaram Stadium, Chepauk, Chennai",2,57,Punjab Kings,Chennai Super Kings,C Connolly,SS Iyer,RD Chahar,1,0,0,0,0,0,0,,,,
1527680,2026,2026-04-03,"MA Chidambaram Stadium, Chepauk, Chennai",2,58,Punjab Kings,Chennai Super Kings,SS Iyer,C Connolly,RD Chahar,1,0,0,0,0,0,0,,,,
1527680,2026,2026-04-03,"MA Chidambaram Stadium, Chepauk, Chennai",2,59,Punjab Kings,Chennai Super Kings,C Connolly,SS Iyer,RD Chahar,4,0,0,0,0,0,0,,,,
1527680,2026,2026-04-03,"MA Chidambaram Stadium, Chepauk, Chennai",2,60,Punjab Kings,Chennai Super Kings,C Connolly,SS Iyer,RD Chahar,1,0,0,0,0,0,0,,,,
1527680,2026,2026-04-03,"MA Chidambaram Stadium, Chepauk, Chennai",2,61,Punjab Kings,Chennai Super Kings,C Connolly,SS Iyer,Noor Ahmad,4,0,0,0,0,0,0,,,,
1527680,2026,2026-04-03,"MA Chidambaram Stadium, Chepauk, Chennai",2,62,Punjab Kings,Chennai Super Kings,C Connolly,SS Iyer,Noor Ahmad,1,0,0,0,0,0,0,,,,
1527680,2026,2026-04-03,"MA Chidambaram Stadium, Chepauk, Chennai",2,63,Punjab Kings,Chennai Super Kings,SS Iyer,C Connolly,Noor Ahmad,1,0,0,0,0,0,0,,,,
1527680,2026,2026-04-03,"MA Chidambaram Stadium, Chepauk, Chennai",2,64,Punjab Kings,Chennai Super Kings,C Connolly,SS Iyer,Noor Ahmad,4,1,0,1,0,0,0,,,,
1527680,2026,2026-04-03,"MA Chidambaram Stadium, Chepauk, Chennai",2,65,Punjab Kings,Chennai Super Kings,C Connolly,SS Iyer,Noor Ahmad,2,0,0,0,0,0,0,,,,
1527680,2026,2026-04-03,"MA Chidambaram Stadium, Chepauk, Chennai",2,66,Punjab Kings,Chennai Super Kings,C Connolly,SS Iyer,Noor Ahmad,1,0,0,0,0,0,0,,,,
1527680,2026,2026-04-03,"MA Chidambaram Stadium, Chepauk, Chennai",2,67,Punjab Kings,Chennai Super Kings,SS Iyer,C Connolly,Noor Ahmad,0,0,0,0,0,0,0,,,,
1527680,2026,2026-04-03,"MA Chidambaram Stadium, Chepauk, Chennai",2,67,Punjab Kings,Chennai Super Kings,C Connolly,SS Iyer,A Kamboj,4,0,0,0,0,0,0,,,,
1527680,2026,2026-04-03,"MA Chidambaram Stadium, Chepauk, Chennai",2,68,Punjab Kings,Chennai Super Kings,C Connolly,SS Iyer,A Kamboj,1,0,0,0,0,0,0,,,,
1527680,2026,2026-04-03,"MA Chidambaram Stadium, Chepauk, Chennai",2,69,Punjab Kings,Chennai Super Kings,SS Iyer,C Connolly,A Kamboj,1,0,0,0,0,0,0,,,,
1527680,2026,2026-04-03,"MA Chidambaram Stadium, Chepauk, Chennai",2,70,Punjab Kings,Chennai Super Kings,C Connolly,SS Iyer,A Kamboj,4,0,0,0,0,0,0,,,,
1527680,2026,2026-04-03,"MA Chidambaram Stadium, Chepauk, Chennai",2,71,Punjab Kings,Chennai Super Kings,C Connolly,SS Iyer,A Kamboj,0,0,0,0,0,0,0,caught,C Connolly,{'name': 'MJ Henry'},
1527680,2026,2026-04-03,"MA Chidambaram Stadium, Chepauk, Chennai",2,72,Punjab Kings,Chennai Super Kings,N Wadhera,SS Iyer,A Kamboj,0,0,0,0,0,0,0,,,,
1527680,2026,2026-04-03,"MA Chidambaram Stadium, Chepauk, Chennai",2,73,Punjab Kings,Chennai Super Kings,SS Iyer,N Wadhera,RD Chahar,0,0,0,0,0,0,0,,,,
1527680,2026,2026-04-03,"MA Chidambaram Stadium, Chepauk, Chennai",2,74,Punjab Kings,Chennai Super Kings,SS Iyer,N Wadhera,RD Chahar,2,0,0,0,0,0,0,,,,
1527680,2026,2026-04-03,"MA Chidambaram Stadium, Chepauk, Chennai",2,75,Punjab Kings,Chennai Super Kings,SS Iyer,N Wadhera,RD Chahar,6,0,0,0,0,0,0,,,,
1527680,2026,2026-04-03,"MA Chidambaram Stadium, Chepauk, Chennai",2,76,Punjab Kings,Chennai Super Kings,SS Iyer,N Wadhera,RD Chahar,1,0,0,0,0,0,0,,,,
1527680,2026,2026-04-03,"MA Chidambaram Stadium, Chepauk, Chennai",2,77,Punjab Kings,Chennai Super Kings,N Wadhera,SS Iyer,RD Chahar,1,0,0,0,0,0,0,,,,
1527680,2026,2026-04-03,"MA Chidambaram Stadium, Chepauk, Chennai",2,78,Punjab Kings,Chennai Super Kings,SS Iyer,N Wadhera,RD Chahar,6,0,0,0,0,0,0,,,,
1527680,2026,2026-04-03,"MA Chidambaram Stadium, Chepauk, Chennai",2,79,Punjab Kings,Chennai Super Kings,N Wadhera,SS Iyer,Noor Ahmad,1,0,0,0,0,0,0,,,,
1527680,2026,2026-04-03,"MA Chidambaram Stadium, Chepauk, Chennai",2,80,Punjab Kings,Chennai Super Kings,SS Iyer,N Wadhera,Noor Ahmad,0,0,0,0,0,0,0,,,,
1527680,2026,2026-04-03,"MA Chidambaram Stadium, Chepauk, Chennai",2,81,Punjab Kings,Chennai Super Kings,SS Iyer,N Wadhera,Noor Ahmad,0,1,1,0,0,0,0,,,,
1527680,2026,2026-04-03,"MA Chidambaram Stadium, Chepauk, Chennai",2,82,Punjab Kings,Chennai Super Kings,SS Iyer,N Wadhera,Noor Ahmad,1,0,0,0,0,0,0,,,,
1527680,2026,2026-04-03,"MA Chidambaram Stadium, Chepauk, Chennai",2,83,Punjab Kings,Chennai Super Kings,N Wadhera,SS Iyer,Noor Ahmad,1,0,0,0,0,0,0,,,,
1527680,2026,2026-04-03,"MA Chidambaram Stadium, Chepauk, Chennai",2,84,Punjab Kings,Chennai Super Kings,SS Iyer,N Wadhera,Noor Ahmad,1,0,0,0,0,0,0,,,,
1527680,2026,2026-04-03,"MA Chidambaram Stadium, Chepauk, Chennai",2,85,Punjab Kings,Chennai Super Kings,N Wadhera,SS Iyer,Noor Ahmad,0,0,0,0,0,0,0,,,,
1527680,2026,2026-04-03,"MA Chidambaram Stadium, Chepauk, Chennai",2,85,Punjab Kings,Chennai Super Kings,SS Iyer,N Wadhera,MJ Henry,2,0,0,0,0,0,0,,,,
1527680,2026,2026-04-03,"MA Chidambaram Stadium, Chepauk, Chennai",2,86,Punjab Kings,Chennai Super Kings,SS Iyer,N Wadhera,MJ Henry,2,0,0,0,0,0,0,,,,
1527680,2026,2026-04-03,"MA Chidambaram Stadium, Chepauk, Chennai",2,87,Punjab Kings,Chennai Super Kings,SS Iyer,N Wadhera,MJ Henry,0,0,0,0,0,0,0,,,,
1527680,2026,2026-04-03,"MA Chidambaram Stadium, Chepauk, Chennai",2,88,Punjab Kings,Chennai Super Kings,SS Iyer,N Wadhera,MJ Henry,4,0,0,0,0,0,0,,,,
1527680,2026,2026-04-03,"MA Chidambaram Stadium, Chepauk, Chennai",2,89,Punjab Kings,Chennai Super Kings,SS Iyer,N Wadhera,MJ Henry,6,0,0,0,0,0,0,,,,
1527680,2026,2026-04-03,"MA Chidambaram Stadium, Chepauk, Chennai",2,90,Punjab Kings,Chennai Super Kings,SS Iyer,N Wadhera,MJ Henry,1,0,0,0,0,0,0,,,,
1527680,2026,2026-04-03,"MA Chidambaram Stadium, Chepauk, Chennai",2,91,Punjab Kings,Chennai Super Kings,SS Iyer,N Wadhera,RD Chahar,4,0,0,0,0,0,0,,,,
1527680,2026,2026-04-03,"MA Chidambaram Stadium, Chepauk, Chennai",2,92,Punjab Kings,Chennai Super Kings,SS Iyer,N Wadhera,RD Chahar,1,0,0,0,0,0,0,,,,
1527680,2026,2026-04-03,"MA Chidambaram Stadium, Chepauk, Chennai",2,93,Punjab Kings,Chennai Super Kings,N Wadhera,SS Iyer,RD Chahar,6,0,0,0,0,0,0,,,,
1527680,2026,2026-04-03,"MA Chidambaram Stadium, Chepauk, Chennai",2,94,Punjab Kings,Chennai Super Kings,N Wadhera,SS Iyer,RD Chahar,1,0,0,0,0,0,0,,,,
1527680,2026,2026-04-03,"MA Chidambaram Stadium, Chepauk, Chennai",2,95,Punjab Kings,Chennai Super Kings,SS Iyer,N Wadhera,RD Chahar,0,1,1,0,0,0,0,,,,
1527680,2026,2026-04-03,"MA Chidambaram Stadium, Chepauk, Chennai",2,96,Punjab Kings,Chennai Super Kings,SS Iyer,N Wadhera,RD Chahar,1,0,0,0,0,0,0,,,,
1527680,2026,2026-04-03,"MA Chidambaram Stadium, Chepauk, Chennai",2,97,Punjab Kings,Chennai Super Kings,N Wadhera,SS Iyer,RD Chahar,0,0,0,0,0,0,0,,,,
1527680,2026,2026-04-03,"MA Chidambaram Stadium, Chepauk, Chennai",2,97,Punjab Kings,Chennai Super Kings,SS Iyer,N Wadhera,A Kamboj,4,0,0,0,0,0,0,,,,
1527680,2026,2026-04-03,"MA Chidambaram Stadium, Chepauk, Chennai",2,98,Punjab Kings,Chennai Super Kings,SS Iyer,N Wadhera,A Kamboj,0,0,0,0,0,0,0,,,,
1527680,2026,2026-04-03,"MA Chidambaram Stadium, Chepauk, Chennai",2,99,Punjab Kings,Chennai Super Kings,SS Iyer,N Wadhera,A Kamboj,0,0,0,0,0,0,0,,,,
1527680,2026,2026-04-03,"MA Chidambaram Stadium, Chepauk, Chennai",2,100,Punjab Kings,Chennai Super Kings,SS Iyer,N Wadhera,A Kamboj,4,0,0,0,0,0,0,,,,
1527680,2026,2026-04-03,"MA Chidambaram Stadium, Chepauk, Chennai",2,101,Punjab Kings,Chennai Super Kings,SS Iyer,N Wadhera,A Kamboj,0,1,0,1,0,0,0,,,,
1527680,2026,2026-04-03,"MA Chidambaram Stadium, Chepauk, Chennai",2,102,Punjab Kings,Chennai Super Kings,SS Iyer,N Wadhera,A Kamboj,0,0,0,0,0,0,0,,,,
1527680,2026,2026-04-03,"MA Chidambaram Stadium, Chepauk, Chennai",2,103,Punjab Kings,Chennai Super Kings,SS Iyer,N Wadhera,A Kamboj,0,0,0,0,0,0,0,caught,SS Iyer,{'name': 'RD Chahar'},
1527680,2026,2026-04-03,"MA Chidambaram Stadium, Chepauk, Chennai",2,103,Punjab Kings,Chennai Super Kings,N Wadhera,Shashank Singh,MJ Henry,0,0,0,0,0,0,0,caught,N Wadhera,{'name': 'Noor Ahmad'},
1527680,2026,2026-04-03,"MA Chidambaram Stadium, Chepauk, Chennai",2,104,Punjab Kings,Chennai Super Kings,MP Stoinis,Shashank Singh,MJ Henry,4,0,0,0,0,0,0,,,,
1527680,2026,2026-04-03,"MA Chidambaram Stadium, Chepauk, Chennai",2,105,Punjab Kings,Chennai Super Kings,MP Stoinis,Shashank Singh,MJ Henry,1,0,0,0,0,0,0,,,,
1527680,2026,2026-04-03,"MA Chidambaram Stadium, Chepauk, Chennai",2,106,Punjab Kings,Chennai Super Kings,Shashank Singh,MP Stoinis,MJ Henry,2,0,0,0,0,0,0,,,,
1527680,2026,2026-04-03,"MA Chidambaram Stadium, Chepauk, Chennai",2,107,Punjab Kings,Chennai Super Kings,Shashank Singh,MP Stoinis,MJ Henry,4,0,0,0,0,0,0,,,,
1527680,2026,2026-04-03,"MA Chidambaram Stadium, Chepauk, Chennai",2,108,Punjab Kings,Chennai Super Kings,Shashank Singh,MP Stoinis,MJ Henry,1,0,0,0,0,0,0,,,,
1527680,2026,2026-04-03,"MA Chidambaram Stadium, Chepauk, Chennai",2,109,Punjab Kings,Chennai Super Kings,Shashank Singh,MP Stoinis,A Kamboj,4,0,0,0,0,0,0,,,,
1527680,2026,2026-04-03,"MA Chidambaram Stadium, Chepauk, Chennai",2,110,Punjab Kings,Chennai Super Kings,Shashank Singh,MP Stoinis,A Kamboj,2,0,0,0,0,0,0,,,,
1527680,2026,2026-04-03,"MA Chidambaram Stadium, Chepauk, Chennai",2,111,Punjab Kings,Chennai Super Kings,Shashank Singh,MP Stoinis,A Kamboj,0,1,1,0,0,0,0,,,,
1527680,2026,2026-04-03,"MA Chidambaram Stadium, Chepauk, Chennai",2,112,Punjab Kings,Chennai Super Kings,Shashank Singh,MP Stoinis,A Kamboj,1,0,0,0,0,0,0,,,,
1527680,2026,2026-04-03,"MA Chidambaram Stadium, Chepauk, Chennai",2,113,Punjab Kings,Chennai Super Kings,MP Stoinis,Shashank Singh,A Kamboj,4,0,0,0,0,0,0,,,,
1527681,2026,2026-04-04,"Arun Jaitley Stadium, Delhi",1,1,Mumbai Indians,Delhi Capitals,RD Rickelton,RG Sharma,Mukesh Kumar,4,0,0,0,0,0,0,,,,
1527681,2026,2026-04-04,"Arun Jaitley Stadium, Delhi",1,2,Mumbai Indians,Delhi Capitals,RD Rickelton,RG Sharma,Mukesh Kumar,0,0,0,0,0,0,0,,,,
1527681,2026,2026-04-04,"Arun Jaitley Stadium, Delhi",1,3,Mumbai Indians,Delhi Capitals,RD Rickelton,RG Sharma,Mukesh Kumar,0,0,0,0,0,0,0,,,,
1527681,2026,2026-04-04,"Arun Jaitley Stadium, Delhi",1,4,Mumbai Indians,Delhi Capitals,RD Rickelton,RG Sharma,Mukesh Kumar,4,0,0,0,0,0,0,,,,
1527681,2026,2026-04-04,"Arun Jaitley Stadium, Delhi",1,5,Mumbai Indians,Delhi Capitals,RD Rickelton,RG Sharma,Mukesh Kumar,0,0,0,0,0,0,0,,,,
1527681,2026,2026-04-04,"Arun Jaitley Stadium, Delhi",1,6,Mumbai Indians,Delhi Capitals,RD Rickelton,RG Sharma,Mukesh Kumar,0,0,0,0,0,0,0,,,,
1527681,2026,2026-04-04,"Arun Jaitley Stadium, Delhi",1,7,Mumbai Indians,Delhi Capitals,RG Sharma,RD Rickelton,L Ngidi,4,0,0,0,0,0,0,,,,
1527681,2026,2026-04-04,"Arun Jaitley Stadium, Delhi",1,8,Mumbai Indians,Delhi Capitals,RG Sharma,RD Rickelton,L Ngidi,0,0,0,0,0,0,0,,,,
1527681,2026,2026-04-04,"Arun Jaitley Stadium, Delhi",1,9,Mumbai Indians,Delhi Capitals,RG Sharma,RD Rickelton,L Ngidi,4,0,0,0,0,0,0,,,,
1527681,2026,2026-04-04,"Arun Jaitley Stadium, Delhi",1,10,Mumbai Indians,Delhi Capitals,RG Sharma,RD Rickelton,L Ngidi,1,0,0,0,0,0,0,,,,
1527681,2026,2026-04-04,"Arun Jaitley Stadium, Delhi",1,11,Mumbai Indians,Delhi Capitals,RD Rickelton,RG Sharma,L Ngidi,0,0,0,0,0,0,0,,,,
1527681,2026,2026-04-04,"Arun Jaitley Stadium, Delhi",1,12,Mumbai Indians,Delhi Capitals,RD Rickelton,RG Sharma,L Ngidi,1,0,0,0,0,0,0,,,,
1527681,2026,2026-04-04,"Arun Jaitley Stadium, Delhi",1,13,Mumbai Indians,Delhi Capitals,RD Rickelton,RG Sharma,Mukesh Kumar,0,0,0,0,0,0,0,,,,
1527681,2026,2026-04-04,"Arun Jaitley Stadium, Delhi",1,14,Mumbai Indians,Delhi Capitals,RD Rickelton,RG Sharma,Mukesh Kumar,0,0,0,0,0,0,0,,,,
1527681,2026,2026-04-04,"Arun Jaitley Stadium, Delhi",1,15,Mumbai Indians,Delhi Capitals,RD Rickelton,RG Sharma,Mukesh Kumar,0,0,0,0,0,0,0,caught,RD Rickelton,{'name': 'AR Patel'},
1527681,2026,2026-04-04,"Arun Jaitley Stadium, Delhi",1,16,Mumbai Indians,Delhi Capitals,Tilak Varma,RG Sharma,Mukesh Kumar,0,0,0,0,0,0,0,,,,
1527681,2026,2026-04-04,"Arun Jaitley Stadium, Delhi",1,17,Mumbai Indians,Delhi Capitals,Tilak Varma,RG Sharma,Mukesh Kumar,0,0,0,0,0,0,0,caught and bowled,Tilak Varma,,
1527681,2026,2026-04-04,"Arun Jaitley Stadium, Delhi",1,18,Mumbai Indians,Delhi Capitals,SA Yadav,RG Sharma,Mukesh Kumar,4,0,0,0,0,0,0,,,,
1527681,2026,2026-04-04,"Arun Jaitley Stadium, Delhi",1,19,Mumbai Indians,Delhi Capitals,RG Sharma,SA Yadav,AR Patel,1,0,0,0,0,0,0,,,,
1527681,2026,2026-04-04,"Arun Jaitley Stadium, Delhi",1,20,Mumbai Indians,Delhi Capitals,SA Yadav,RG Sharma,AR Patel,1,0,0,0,0,0,0,,,,
1527681,2026,2026-04-04,"Arun Jaitley Stadium, Delhi",1,21,Mumbai Indians,Delhi Capitals,RG Sharma,SA Yadav,AR Patel,0,0,0,0,0,0,0,,,,
1527681,2026,2026-04-04,"Arun Jaitley Stadium, Delhi",1,22,Mumbai Indians,Delhi Capitals,RG Sharma,SA Yadav,AR Patel,1,0,0,0,0,0,0,,,,
1527681,2026,2026-04-04,"Arun Jaitley Stadium, Delhi",1,23,Mumbai Indians,Delhi Capitals,SA Yadav,RG Sharma,AR Patel,0,0,0,0,0,0,0,,,,
1527681,2026,2026-04-04,"Arun Jaitley Stadium, Delhi",1,24,Mumbai Indians,Delhi Capitals,SA Yadav,RG Sharma,AR Patel,0,0,0,0,0,0,0,,,,
1527681,2026,2026-04-04,"Arun Jaitley Stadium, Delhi",1,25,Mumbai Indians,Delhi Capitals,RG Sharma,SA Yadav,V Nigam,0,1,1,0,0,0,0,,,,
1527681,2026,2026-04-04,"Arun Jaitley Stadium, Delhi",1,26,Mumbai Indians,Delhi Capitals,RG Sharma,SA Yadav,V Nigam,1,0,0,0,0,0,0,,,,
1527681,2026,2026-04-04,"Arun Jaitley Stadium, Delhi",1,27,Mumbai Indians,Delhi Capitals,SA Yadav,RG Sharma,V Nigam,0,0,0,0,0,0,0,,,,
1527681,2026,2026-04-04,"Arun Jaitley Stadium, Delhi",1,28,Mumbai Indians,Delhi Capitals,SA Yadav,RG Sharma,V Nigam,4,0,0,0,0,0,0,,,,
1527681,2026,2026-04-04,"Arun Jaitley Stadium, Delhi",1,29,Mumbai Indians,Delhi Capitals,SA Yadav,RG Sharma,V Nigam,0,0,0,0,0,0,0,,,,
1527681,2026,2026-04-04,"Arun Jaitley Stadium, Delhi",1,30,Mumbai Indians,Delhi Capitals,SA Yadav,RG Sharma,V Nigam,1,0,0,0,0,0,0,,,,
1527681,2026,2026-04-04,"Arun Jaitley Stadium, Delhi",1,31,Mumbai Indians,Delhi Capitals,RG Sharma,SA Yadav,V Nigam,0,0,0,0,0,0,0,,,,
1527681,2026,2026-04-04,"Arun Jaitley Stadium, Delhi",1,31,Mumbai Indians,Delhi Capitals,SA Yadav,RG Sharma,L Ngidi,1,0,0,0,0,0,0,,,,
1527681,2026,2026-04-04,"Arun Jaitley Stadium, Delhi",1,32,Mumbai Indians,Delhi Capitals,RG Sharma,SA Yadav,L Ngidi,0,0,0,0,0,0,0,,,,
1527681,2026,2026-04-04,"Arun Jaitley Stadium, Delhi",1,33,Mumbai Indians,Delhi Capitals,RG Sharma,SA Yadav,L Ngidi,0,0,0,0,0,0,0,,,,
1527681,2026,2026-04-04,"Arun Jaitley Stadium, Delhi",1,34,Mumbai Indians,Delhi Capitals,RG Sharma,SA Yadav,L Ngidi,4,0,0,0,0,0,0,,,,
1527681,2026,2026-04-04,"Arun Jaitley Stadium, Delhi",1,35,Mumbai Indians,Delhi Capitals,RG Sharma,SA Yadav,L Ngidi,4,0,0,0,0,0,0,,,,
1527681,2026,2026-04-04,"Arun Jaitley Stadium, Delhi",1,36,Mumbai Indians,Delhi Capitals,RG Sharma,SA Yadav,L Ngidi,0,0,0,0,0,0,0,,,,
1527681,2026,2026-04-04,"Arun Jaitley Stadium, Delhi",1,37,Mumbai Indians,Delhi Capitals,SA Yadav,RG Sharma,V Nigam,2,0,0,0,0,0,0,,,,
1527681,2026,2026-04-04,"Arun Jaitley Stadium, Delhi",1,38,Mumbai Indians,Delhi Capitals,SA Yadav,RG Sharma,V Nigam,1,0,0,0,0,0,0,,,,
1527681,2026,2026-04-04,"Arun Jaitley Stadium, Delhi",1,39,Mumbai Indians,Delhi Capitals,RG Sharma,SA Yadav,V Nigam,1,0,0,0,0,0,0,,,,
1527681,2026,2026-04-04,"Arun Jaitley Stadium, Delhi",1,40,Mumbai Indians,Delhi Capitals,SA Yadav,RG Sharma,V Nigam,1,0,0,0,0,0,0,,,,
1527681,2026,2026-04-04,"Arun Jaitley Stadium, Delhi",1,41,Mumbai Indians,Delhi Capitals,RG Sharma,SA Yadav,V Nigam,0,0,0,0,0,0,0,,,,
1527681,2026,2026-04-04,"Arun Jaitley Stadium, Delhi",1,42,Mumbai Indians,Delhi Capitals,RG Sharma,SA Yadav,V Nigam,6,0,0,0,0,0,0,,,,
1527681,2026,2026-04-04,"Arun Jaitley Stadium, Delhi",1,43,Mumbai Indians,Delhi Capitals,SA Yadav,RG Sharma,AR Patel,6,0,0,0,0,0,0,,,,
1527681,2026,2026-04-04,"Arun Jaitley Stadium, Delhi",1,44,Mumbai Indians,Delhi Capitals,SA Yadav,RG Sharma,AR Patel,1,0,0,0,0,0,0,,,,
1527681,2026,2026-04-04,"Arun Jaitley Stadium, Delhi",1,45,Mumbai Indians,Delhi Capitals,RG Sharma,SA Yadav,AR Patel,1,0,0,0,0,0,0,,,,
1527681,2026,2026-04-04,"Arun Jaitley Stadium, Delhi",1,46,Mumbai Indians,Delhi Capitals,SA Yadav,RG Sharma,AR Patel,1,0,0,0,0,0,0,,,,
1527681,2026,2026-04-04,"Arun Jaitley Stadium, Delhi",1,47,Mumbai Indians,Delhi Capitals,RG Sharma,SA Yadav,AR Patel,0,0,0,0,0,0,0,,,,
1527681,2026,2026-04-04,"Arun Jaitley Stadium, Delhi",1,48,Mumbai Indians,Delhi Capitals,RG Sharma,SA Yadav,AR Patel,0,0,0,0,0,0,0,,,,
1527681,2026,2026-04-04,"Arun Jaitley Stadium, Delhi",1,49,Mumbai Indians,Delhi Capitals,SA Yadav,RG Sharma,Kuldeep Yadav,1,0,0,0,0,0,0,,,,
1527681,2026,2026-04-04,"Arun Jaitley Stadium, Delhi",1,50,Mumbai Indians,Delhi Capitals,RG Sharma,SA Yadav,Kuldeep Yadav,1,0,0,0,0,0,0,,,,
1527681,2026,2026-04-04,"Arun Jaitley Stadium, Delhi",1,51,Mumbai Indians,Delhi Capitals,SA Yadav,RG Sharma,Kuldeep Yadav,1,0,0,0,0,0,0,,,,
1527681,2026,2026-04-04,"Arun Jaitley Stadium, Delhi",1,52,Mumbai Indians,Delhi Capitals,RG Sharma,SA Yadav,Kuldeep Yadav,4,0,0,0,0,0,0,,,,
1527681,2026,2026-04-04,"Arun Jaitley Stadium, Delhi",1,53,Mumbai Indians,Delhi Capitals,RG Sharma,SA Yadav,Kuldeep Yadav,0,0,0,0,0,0,0,,,,
1527681,2026,2026-04-04,"Arun Jaitley Stadium, Delhi",1,54,Mumbai Indians,Delhi Capitals,RG Sharma,SA Yadav,Kuldeep Yadav,1,0,0,0,0,0,0,,,,
1527681,2026,2026-04-04,"Arun Jaitley Stadium, Delhi",1,55,Mumbai Indians,Delhi Capitals,RG Sharma,SA Yadav,AR Patel,1,0,0,0,0,0,0,,,,
1527681,2026,2026-04-04,"Arun Jaitley Stadium, Delhi",1,56,Mumbai Indians,Delhi Capitals,SA Yadav,RG Sharma,AR Patel,1,0,0,0,0,0,0,,,,
1527681,2026,2026-04-04,"Arun Jaitley Stadium, Delhi",1,57,Mumbai Indians,Delhi Capitals,RG Sharma,SA Yadav,AR Patel,0,0,0,0,0,0,0,caught,RG Sharma,{'name': 'N Rana'},
1527681,2026,2026-04-04,"Arun Jaitley Stadium, Delhi",1,58,Mumbai Indians,Delhi Capitals,SE Rutherford,SA Yadav,AR Patel,0,0,0,0,0,0,0,,,,
1527681,2026,2026-04-04,"Arun Jaitley Stadium, Delhi",1,59,Mumbai Indians,Delhi Capitals,SE Rutherford,SA Yadav,AR Patel,1,0,0,0,0,0,0,,,,
1527681,2026,2026-04-04,"Arun Jaitley Stadium, Delhi",1,60,Mumbai Indians,Delhi Capitals,SA Yadav,SE Rutherford,AR Patel,1,0,0,0,0,0,0,,,,
1527681,2026,2026-04-04,"Arun Jaitley Stadium, Delhi",1,61,Mumbai Indians,Delhi Capitals,SA Yadav,SE Rutherford,Kuldeep Yadav,0,0,0,0,0,0,0,,,,
1527681,2026,2026-04-04,"Arun Jaitley Stadium, Delhi",1,62,Mumbai Indians,Delhi Capitals,SA Yadav,SE Rutherford,Kuldeep Yadav,1,0,0,0,0,0,0,,,,
1527681,2026,2026-04-04,"Arun Jaitley Stadium, Delhi",1,63,Mumbai Indians,Delhi Capitals,SE Rutherford,SA Yadav,Kuldeep Yadav,0,1,0,0,0,1,0,,,,
1527681,2026,2026-04-04,"Arun Jaitley Stadium, Delhi",1,64,Mumbai Indians,Delhi Capitals,SA Yadav,SE Rutherford,Kuldeep Yadav,0,0,0,0,0,0,0,,,,
1527681,2026,2026-04-04,"Arun Jaitley Stadium, Delhi",1,65,Mumbai Indians,Delhi Capitals,SA Yadav,SE Rutherford,Kuldeep Yadav,1,0,0,0,0,0,0,,,,
1527681,2026,2026-04-04,"Arun Jaitley Stadium, Delhi",1,66,Mumbai Indians,Delhi Capitals,SE Rutherford,SA Yadav,Kuldeep Yadav,4,0,0,0,0,0,0,,,,
1527681,2026,2026-04-04,"Arun Jaitley Stadium, Delhi",1,67,Mumbai Indians,Delhi Capitals,SA Yadav,SE Rutherford,V Nigam,4,0,0,0,0,0,0,,,,
1527681,2026,2026-04-04,"Arun Jaitley Stadium, Delhi",1,68,Mumbai Indians,Delhi Capitals,SA Yadav,SE Rutherford,V Nigam,1,0,0,0,0,0,0,,,,
1527681,2026,2026-04-04,"Arun Jaitley Stadium, Delhi",1,69,Mumbai Indians,Delhi Capitals,SE Rutherford,SA Yadav,V Nigam,0,0,0,0,0,0,0,,,,
1527681,2026,2026-04-04,"Arun Jaitley Stadium, Delhi",1,70,Mumbai Indians,Delhi Capitals,SE Rutherford,SA Yadav,V Nigam,0,0,0,0,0,0,0,,,,
1527681,2026,2026-04-04,"Arun Jaitley Stadium, Delhi",1,71,Mumbai Indians,Delhi Capitals,SE Rutherford,SA Yadav,V Nigam,0,0,0,0,0,0,0,caught,SE Rutherford,{'name': 'Mukesh Kumar'},
1527681,2026,2026-04-04,"Arun Jaitley Stadium, Delhi",1,72,Mumbai Indians,Delhi Capitals,Naman Dhir,SA Yadav,V Nigam,1,0,0,0,0,0,0,,,,
1527681,2026,2026-04-04,"Arun Jaitley Stadium, Delhi",1,73,Mumbai Indians,Delhi Capitals,Naman Dhir,SA Yadav,AR Patel,1,0,0,0,0,0,0,,,,
1527681,2026,2026-04-04,"Arun Jaitley Stadium, Delhi",1,74,Mumbai Indians,Delhi Capitals,SA Yadav,Naman Dhir,AR Patel,0,1,1,0,0,0,0,,,,
1527681,2026,2026-04-04,"Arun Jaitley Stadium, Delhi",1,75,Mumbai Indians,Delhi Capitals,SA Yadav,Naman Dhir,AR Patel,1,0,0,0,0,0,0,,,,
1527681,2026,2026-04-04,"Arun Jaitley Stadium, Delhi",1,76,Mumbai Indians,Delhi Capitals,Naman Dhir,SA Yadav,AR Patel,1,0,0,0,0,0,0,,,,
1527681,2026,2026-04-04,"Arun Jaitley Stadium, Delhi",1,77,Mumbai Indians,Delhi Capitals,SA Yadav,Naman Dhir,AR Patel,0,0,0,0,0,0,0,,,,
1527681,2026,2026-04-04,"Arun Jaitley Stadium, Delhi",1,78,Mumbai Indians,Delhi Capitals,SA Yadav,Naman Dhir,AR Patel,1,0,0,0,0,0,0,,,,
1527681,2026,2026-04-04,"Arun Jaitley Stadium, Delhi",1,79,Mumbai Indians,Delhi Capitals,Naman Dhir,SA Yadav,AR Patel,1,0,0,0,0,0,0,,,,
1527681,2026,2026-04-04,"Arun Jaitley Stadium, Delhi",1,79,Mumbai Indians,Delhi Capitals,Naman Dhir,SA Yadav,T Natarajan,4,0,0,0,0,0,0,,,,
1527681,2026,2026-04-04,"Arun Jaitley Stadium, Delhi",1,80,Mumbai Indians,Delhi Capitals,Naman Dhir,SA Yadav,T Natarajan,0,0,0,0,0,0,0,,,,
1527681,2026,2026-04-04,"Arun Jaitley Stadium, Delhi",1,81,Mumbai Indians,Delhi Capitals,Naman Dhir,SA Yadav,T Natarajan,2,0,0,0,0,0,0,,,,
1527681,2026,2026-04-04,"Arun Jaitley Stadium, Delhi",1,82,Mumbai Indians,Delhi Capitals,Naman Dhir,SA Yadav,T Natarajan,0,0,0,0,0,0,0,,,,
1527681,2026,2026-04-04,"Arun Jaitley Stadium, Delhi",1,83,Mumbai Indians,Delhi Capitals,Naman Dhir,SA Yadav,T Natarajan,1,0,0,0,0,0,0,,,,
1527681,2026,2026-04-04,"Arun Jaitley Stadium, Delhi",1,84,Mumbai Indians,Delhi Capitals,SA Yadav,Naman Dhir,T Natarajan,1,0,0,0,0,0,0,,,,
1527681,2026,2026-04-04,"Arun Jaitley Stadium, Delhi",1,85,Mumbai Indians,Delhi Capitals,SA Yadav,Naman Dhir,Kuldeep Yadav,6,0,0,0,0,0,0,,,,
1527681,2026,2026-04-04,"Arun Jaitley Stadium, Delhi",1,86,Mumbai Indians,Delhi Capitals,SA Yadav,Naman Dhir,Kuldeep Yadav,2,0,0,0,0,0,0,,,,
1527681,2026,2026-04-04,"Arun Jaitley Stadium, Delhi",1,87,Mumbai Indians,Delhi Capitals,SA Yadav,Naman Dhir,Kuldeep Yadav,1,0,0,0,0,0,0,,,,
1527681,2026,2026-04-04,"Arun Jaitley Stadium, Delhi",1,88,Mumbai Indians,Delhi Capitals,Naman Dhir,SA Yadav,Kuldeep Yadav,6,0,0,0,0,0,0,,,,
1527681,2026,2026-04-04,"Arun Jaitley Stadium, Delhi",1,89,Mumbai Indians,Delhi Capitals,Naman Dhir,SA Yadav,Kuldeep Yadav,1,0,0,0,0,0,0,,,,
1527681,2026,2026-04-04,"Arun Jaitley Stadium, Delhi",1,90,Mumbai Indians,Delhi Capitals,SA Yadav,Naman Dhir,Kuldeep Yadav,1,0,0,0,0,0,0,,,,
1527681,2026,2026-04-04,"Arun Jaitley Stadium, Delhi",1,91,Mumbai Indians,Delhi Capitals,SA Yadav,Naman Dhir,L Ngidi,0,1,1,0,0,0,0,,,,
1527681,2026,2026-04-04,"Arun Jaitley Stadium, Delhi",1,92,Mumbai Indians,Delhi Capitals,SA Yadav,Naman Dhir,L Ngidi,2,0,0,0,0,0,0,,,,
1527681,2026,2026-04-04,"Arun Jaitley Stadium, Delhi",1,93,Mumbai Indians,Delhi Capitals,SA Yadav,Naman Dhir,L Ngidi,2,0,0,0,0,0,0,,,,
1527681,2026,2026-04-04,"Arun Jaitley Stadium, Delhi",1,94,Mumbai Indians,Delhi Capitals,SA Yadav,Naman Dhir,L Ngidi,0,0,0,0,0,0,0,lbw,SA Yadav,,
1527681,2026,2026-04-04,"Arun Jaitley Stadium, Delhi",1,95,Mumbai Indians,Delhi Capitals,MJ Santner,Naman Dhir,L Ngidi,0,0,0,0,0,0,0,,,,
1527681,2026,2026-04-04,"Arun Jaitley Stadium, Delhi",1,96,Mumbai Indians,Delhi Capitals,MJ Santner,Naman Dhir,L Ngidi,1,0,0,0,0,0,0,,,,
1527681,2026,2026-04-04,"Arun Jaitley Stadium, Delhi",1,97,Mumbai Indians,Delhi Capitals,Naman Dhir,MJ Santner,L Ngidi,1,0,0,0,0,0,0,,,,
1527681,2026,2026-04-04,"Arun Jaitley Stadium, Delhi",1,97,Mumbai Indians,Delhi Capitals,Naman Dhir,MJ Santner,T Natarajan,1,0,0,0,0,0,0,,,,
1527681,2026,2026-04-04,"Arun Jaitley Stadium, Delhi",1,98,Mumbai Indians,Delhi Capitals,MJ Santner,Naman Dhir,T Natarajan,1,0,0,0,0,0,0,,,,
1527681,2026,2026-04-04,"Arun Jaitley Stadium, Delhi",1,99,Mumbai Indians,Delhi Capitals,Naman Dhir,MJ Santner,T Natarajan,4,0,0,0,0,0,0,,,,
1527681,2026,2026-04-04,"Arun Jaitley Stadium, Delhi",1,100,Mumbai Indians,Delhi Capitals,Naman Dhir,MJ Santner,T Natarajan,1,0,0,0,0,0,0,,,,
1527681,2026,2026-04-04,"Arun Jaitley Stadium, Delhi",1,101,Mumbai Indians,Delhi Capitals,MJ Santner,Naman Dhir,T Natarajan,4,0,0,0,0,0,0,,,,
1527681,2026,2026-04-04,"Arun Jaitley Stadium, Delhi",1,102,Mumbai Indians,Delhi Capitals,MJ Santner,Naman Dhir,T Natarajan,1,0,0,0,0,0,0,,,,
1527681,2026,2026-04-04,"Arun Jaitley Stadium, Delhi",1,103,Mumbai Indians,Delhi Capitals,MJ Santner,Naman Dhir,L Ngidi,1,0,0,0,0,0,0,,,,
1527681,2026,2026-04-04,"Arun Jaitley Stadium, Delhi",1,104,Mumbai Indians,Delhi Capitals,Naman Dhir,MJ Santner,L Ngidi,1,0,0,0,0,0,0,,,,
1527681,2026,2026-04-04,"Arun Jaitley Stadium, Delhi",1,105,Mumbai Indians,Delhi Capitals,MJ Santner,Naman Dhir,L Ngidi,1,0,0,0,0,0,0,,,,
1527681,2026,2026-04-04,"Arun Jaitley Stadium, Delhi",1,106,Mumbai Indians,Delhi Capitals,Naman Dhir,MJ Santner,L Ngidi,0,0,0,0,0,0,0,,,,
1527681,2026,2026-04-04,"Arun Jaitley Stadium, Delhi",1,107,Mumbai Indians,Delhi Capitals,Naman Dhir,MJ Santner,L Ngidi,1,0,0,0,0,0,0,,,,
1527681,2026,2026-04-04,"Arun Jaitley Stadium, Delhi",1,108,Mumbai Indians,Delhi Capitals,MJ Santner,Naman Dhir,L Ngidi,4,0,0,0,0,0,0,,,,
1527681,2026,2026-04-04,"Arun Jaitley Stadium, Delhi",1,109,Mumbai Indians,Delhi Capitals,Naman Dhir,MJ Santner,T Natarajan,0,0,0,0,0,0,0,,,,
1527681,2026,2026-04-04,"Arun Jaitley Stadium, Delhi",1,110,Mumbai Indians,Delhi Capitals,Naman Dhir,MJ Santner,T Natarajan,1,0,0,0,0,0,0,,,,
1527681,2026,2026-04-04,"Arun Jaitley Stadium, Delhi",1,111,Mumbai Indians,Delhi Capitals,MJ Santner,Naman Dhir,T Natarajan,1,0,0,0,0,0,0,,,,
1527681,2026,2026-04-04,"Arun Jaitley Stadium, Delhi",1,112,Mumbai Indians,Delhi Capitals,Naman Dhir,MJ Santner,T Natarajan,0,0,0,0,0,0,0,caught,Naman Dhir,{'name': 'T Stubbs'},
1527681,2026,2026-04-04,"Arun Jaitley Stadium, Delhi",1,113,Mumbai Indians,Delhi Capitals,C Bosch,MJ Santner,T Natarajan,1,0,0,0,0,0,0,,,,
1527681,2026,2026-04-04,"Arun Jaitley Stadium, Delhi",1,114,Mumbai Indians,Delhi Capitals,MJ Santner,C Bosch,T Natarajan,1,0,0,0,0,0,0,,,,
1527681,2026,2026-04-04,"Arun Jaitley Stadium, Delhi",1,115,Mumbai Indians,Delhi Capitals,MJ Santner,C Bosch,Mukesh Kumar,0,0,0,0,0,0,0,,,,
1527681,2026,2026-04-04,"Arun Jaitley Stadium, Delhi",1,116,Mumbai Indians,Delhi Capitals,MJ Santner,C Bosch,Mukesh Kumar,2,0,0,0,0,0,0,,,,
1527681,2026,2026-04-04,"Arun Jaitley Stadium, Delhi",1,117,Mumbai Indians,Delhi Capitals,MJ Santner,C Bosch,Mukesh Kumar,0,1,1,0,0,0,0,,,,
1527681,2026,2026-04-04,"Arun Jaitley Stadium, Delhi",1,118,Mumbai Indians,Delhi Capitals,MJ Santner,C Bosch,Mukesh Kumar,1,0,0,0,0,0,0,,,,
1527681,2026,2026-04-04,"Arun Jaitley Stadium, Delhi",1,119,Mumbai Indians,Delhi Capitals,C Bosch,MJ Santner,Mukesh Kumar,2,0,0,0,0,0,0,,,,
1527681,2026,2026-04-04,"Arun Jaitley Stadium, Delhi",1,120,Mumbai Indians,Delhi Capitals,C Bosch,MJ Santner,Mukesh Kumar,4,0,0,0,0,0,0,,,,
1527681,2026,2026-04-04,"Arun Jaitley Stadium, Delhi",1,121,Mumbai Indians,Delhi Capitals,C Bosch,MJ Santner,Mukesh Kumar,4,0,0,0,0,0,0,,,,
1527681,2026,2026-04-04,"Arun Jaitley Stadium, Delhi",2,1,Delhi Capitals,Mumbai Indians,KL Rahul,P Nissanka,DL Chahar,1,0,0,0,0,0,0,,,,
1527681,2026,2026-04-04,"Arun Jaitley Stadium, Delhi",2,2,Delhi Capitals,Mumbai Indians,P Nissanka,KL Rahul,DL Chahar,1,0,0,0,0,0,0,,,,
1527681,2026,2026-04-04,"Arun Jaitley Stadium, Delhi",2,3,Delhi Capitals,Mumbai Indians,KL Rahul,P Nissanka,DL Chahar,0,0,0,0,0,0,0,,,,
1527681,2026,2026-04-04,"Arun Jaitley Stadium, Delhi",2,4,Delhi Capitals,Mumbai Indians,KL Rahul,P Nissanka,DL Chahar,0,0,0,0,0,0,0,caught,KL Rahul,{'name': 'RD Rickelton'},
1527681,2026,2026-04-04,"Arun Jaitley Stadium, Delhi",2,5,Delhi Capitals,Mumbai Indians,N Rana,P Nissanka,DL Chahar,0,0,0,0,0,0,0,,,,
1527681,2026,2026-04-04,"Arun Jaitley Stadium, Delhi",2,6,Delhi Capitals,Mumbai Indians,N Rana,P Nissanka,DL Chahar,0,0,0,0,0,0,0,,,,
1527681,2026,2026-04-04,"Arun Jaitley Stadium, Delhi",2,7,Delhi Capitals,Mumbai Indians,P Nissanka,N Rana,JJ Bumrah,0,0,0,0,0,0,0,,,,
1527681,2026,2026-04-04,"Arun Jaitley Stadium, Delhi",2,8,Delhi Capitals,Mumbai Indians,P Nissanka,N Rana,JJ Bumrah,4,0,0,0,0,0,0,,,,
1527681,2026,2026-04-04,"Arun Jaitley Stadium, Delhi",2,9,Delhi Capitals,Mumbai Indians,P Nissanka,N Rana,JJ Bumrah,1,0,0,0,0,0,0,,,,
1527681,2026,2026-04-04,"Arun Jaitley Stadium, Delhi",2,10,Delhi Capitals,Mumbai Indians,N Rana,P Nissanka,JJ Bumrah,0,0,0,0,0,0,0,run out,N Rana,{'name': 'JJ Bumrah'},
1527681,2026,2026-04-04,"Arun Jaitley Stadium, Delhi",2,11,Delhi Capitals,Mumbai Indians,P Nissanka,Sameer Rizvi,JJ Bumrah,1,0,0,0,0,0,0,,,,
1527681,2026,2026-04-04,"Arun Jaitley Stadium, Delhi",2,12,Delhi Capitals,Mumbai Indians,Sameer Rizvi,P Nissanka,JJ Bumrah,0,0,0,0,0,0,0,,,,
1527681,2026,2026-04-04,"Arun Jaitley Stadium, Delhi",2,13,Delhi Capitals,Mumbai Indians,P Nissanka,Sameer Rizvi,DL Chahar,0,0,0,0,0,0,0,,,,
1527681,2026,2026-04-04,"Arun Jaitley Stadium, Delhi",2,14,Delhi Capitals,Mumbai Indians,P Nissanka,Sameer Rizvi,DL Chahar,0,0,0,0,0,0,0,,,,
1527681,2026,2026-04-04,"Arun Jaitley Stadium, Delhi",2,15,Delhi Capitals,Mumbai Indians,P Nissanka,Sameer Rizvi,DL Chahar,4,0,0,0,0,0,0,,,,
1527681,2026,2026-04-04,"Arun Jaitley Stadium, Delhi",2,16,Delhi Capitals,Mumbai Indians,P Nissanka,Sameer Rizvi,DL Chahar,0,0,0,0,0,0,0,,,,
1527681,2026,2026-04-04,"Arun Jaitley Stadium, Delhi",2,17,Delhi Capitals,Mumbai Indians,P Nissanka,Sameer Rizvi,DL Chahar,1,0,0,0,0,0,0,,,,
1527681,2026,2026-04-04,"Arun Jaitley Stadium, Delhi",2,18,Delhi Capitals,Mumbai Indians,Sameer Rizvi,P Nissanka,DL Chahar,0,0,0,0,0,0,0,,,,
1527681,2026,2026-04-04,"Arun Jaitley Stadium, Delhi",2,19,Delhi Capitals,Mumbai Indians,P Nissanka,Sameer Rizvi,MJ Santner,4,0,0,0,0,0,0,,,,
1527681,2026,2026-04-04,"Arun Jaitley Stadium, Delhi",2,20,Delhi Capitals,Mumbai Indians,P Nissanka,Sameer Rizvi,MJ Santner,4,0,0,0,0,0,0,,,,
1527681,2026,2026-04-04,"Arun Jaitley Stadium, Delhi",2,21,Delhi Capitals,Mumbai Indians,P Nissanka,Sameer Rizvi,MJ Santner,0,0,0,0,0,0,0,,,,
1527681,2026,2026-04-04,"Arun Jaitley Stadium, Delhi",2,22,Delhi Capitals,Mumbai Indians,P Nissanka,Sameer Rizvi,MJ Santner,1,0,0,0,0,0,0,,,,
1527681,2026,2026-04-04,"Arun Jaitley Stadium, Delhi",2,23,Delhi Capitals,Mumbai Indians,Sameer Rizvi,P Nissanka,MJ Santner,1,0,0,0,0,0,0,,,,
1527681,2026,2026-04-04,"Arun Jaitley Stadium, Delhi",2,24,Delhi Capitals,Mumbai Indians,P Nissanka,Sameer Rizvi,MJ Santner,0,0,0,0,0,0,0,,,,
1527681,2026,2026-04-04,"Arun Jaitley Stadium, Delhi",2,25,Delhi Capitals,Mumbai Indians,Sameer Rizvi,P Nissanka,SN Thakur,1,0,0,0,0,0,0,,,,
1527681,2026,2026-04-04,"Arun Jaitley Stadium, Delhi",2,26,Delhi Capitals,Mumbai Indians,P Nissanka,Sameer Rizvi,SN Thakur,6,0,0,0,0,0,0,,,,
1527681,2026,2026-04-04,"Arun Jaitley Stadium, Delhi",2,27,Delhi Capitals,Mumbai Indians,P Nissanka,Sameer Rizvi,SN Thakur,4,0,0,0,0,0,0,,,,
1527681,2026,2026-04-04,"Arun Jaitley Stadium, Delhi",2,28,Delhi Capitals,Mumbai Indians,P Nissanka,Sameer Rizvi,SN Thakur,0,0,0,0,0,0,0,,,,
1527681,2026,2026-04-04,"Arun Jaitley Stadium, Delhi",2,29,Delhi Capitals,Mumbai Indians,P Nissanka,Sameer Rizvi,SN Thakur,4,0,0,0,0,0,0,,,,
1527681,2026,2026-04-04,"Arun Jaitley Stadium, Delhi",2,30,Delhi Capitals,Mumbai Indians,P Nissanka,Sameer Rizvi,SN Thakur,1,0,0,0,0,0,0,,,,
1527681,2026,2026-04-04,"Arun Jaitley Stadium, Delhi",2,31,Delhi Capitals,Mumbai Indians,P Nissanka,Sameer Rizvi,JJ Bumrah,0,0,0,0,0,0,0,,,,
1527681,2026,2026-04-04,"Arun Jaitley Stadium, Delhi",2,32,Delhi Capitals,Mumbai Indians,P Nissanka,Sameer Rizvi,JJ Bumrah,1,0,0,0,0,0,0,,,,
1527681,2026,2026-04-04,"Arun Jaitley Stadium, Delhi",2,33,Delhi Capitals,Mumbai Indians,Sameer Rizvi,P Nissanka,JJ Bumrah,0,0,0,0,0,0,0,,,,
1527681,2026,2026-04-04,"Arun Jaitley Stadium, Delhi",2,34,Delhi Capitals,Mumbai Indians,Sameer Rizvi,P Nissanka,JJ Bumrah,1,0,0,0,0,0,0,,,,
1527681,2026,2026-04-04,"Arun Jaitley Stadium, Delhi",2,35,Delhi Capitals,Mumbai Indians,P Nissanka,Sameer Rizvi,JJ Bumrah,1,0,0,0,0,0,0,,,,
1527681,2026,2026-04-04,"Arun Jaitley Stadium, Delhi",2,36,Delhi Capitals,Mumbai Indians,Sameer Rizvi,P Nissanka,JJ Bumrah,0,0,0,0,0,0,0,,,,
1527681,2026,2026-04-04,"Arun Jaitley Stadium, Delhi",2,37,Delhi Capitals,Mumbai Indians,P Nissanka,Sameer Rizvi,MJ Santner,1,0,0,0,0,0,0,,,,
1527681,2026,2026-04-04,"Arun Jaitley Stadium, Delhi",2,38,Delhi Capitals,Mumbai Indians,Sameer Rizvi,P Nissanka,MJ Santner,0,0,0,0,0,0,0,,,,
1527681,2026,2026-04-04,"Arun Jaitley Stadium, Delhi",2,39,Delhi Capitals,Mumbai Indians,Sameer Rizvi,P Nissanka,MJ Santner,0,0,0,0,0,0,0,,,,
1527681,2026,2026-04-04,"Arun Jaitley Stadium, Delhi",2,40,Delhi Capitals,Mumbai Indians,Sameer Rizvi,P Nissanka,MJ Santner,4,0,0,0,0,0,0,,,,
1527681,2026,2026-04-04,"Arun Jaitley Stadium, Delhi",2,41,Delhi Capitals,Mumbai Indians,Sameer Rizvi,P Nissanka,MJ Santner,0,0,0,0,0,0,0,,,,
1527681,2026,2026-04-04,"Arun Jaitley Stadium, Delhi",2,42,Delhi Capitals,Mumbai Indians,Sameer Rizvi,P Nissanka,MJ Santner,0,1,0,0,0,1,0,,,,
1527681,2026,2026-04-04,"Arun Jaitley Stadium, Delhi",2,43,Delhi Capitals,Mumbai Indians,Sameer Rizvi,P Nissanka,M Markande,1,0,0,0,0,0,0,,,,
1527681,2026,2026-04-04,"Arun Jaitley Stadium, Delhi",2,44,Delhi Capitals,Mumbai Indians,P Nissanka,Sameer Rizvi,M Markande,1,0,0,0,0,0,0,,,,
1527681,2026,2026-04-04,"Arun Jaitley Stadium, Delhi",2,45,Delhi Capitals,Mumbai Indians,Sameer Rizvi,P Nissanka,M Markande,0,1,1,0,0,0,0,,,,
1527681,2026,2026-04-04,"Arun Jaitley Stadium, Delhi",2,46,Delhi Capitals,Mumbai Indians,Sameer Rizvi,P Nissanka,M Markande,0,0,0,0,0,0,0,,,,
1527681,2026,2026-04-04,"Arun Jaitley Stadium, Delhi",2,47,Delhi Capitals,Mumbai Indians,Sameer Rizvi,P Nissanka,M Markande,1,0,0,0,0,0,0,,,,
1527681,2026,2026-04-04,"Arun Jaitley Stadium, Delhi",2,48,Delhi Capitals,Mumbai Indians,P Nissanka,Sameer Rizvi,M Markande,1,0,0,0,0,0,0,,,,
1527681,2026,2026-04-04,"Arun Jaitley Stadium, Delhi",2,49,Delhi Capitals,Mumbai Indians,Sameer Rizvi,P Nissanka,M Markande,1,0,0,0,0,0,0,,,,
1527681,2026,2026-04-04,"Arun Jaitley Stadium, Delhi",2,49,Delhi Capitals,Mumbai Indians,Sameer Rizvi,P Nissanka,C Bosch,1,0,0,0,0,0,0,,,,
1527681,2026,2026-04-04,"Arun Jaitley Stadium, Delhi",2,50,Delhi Capitals,Mumbai Indians,P Nissanka,Sameer Rizvi,C Bosch,1,0,0,0,0,0,0,,,,
1527681,2026,2026-04-04,"Arun Jaitley Stadium, Delhi",2,51,Delhi Capitals,Mumbai Indians,Sameer Rizvi,P Nissanka,C Bosch,0,1,1,0,0,0,0,,,,
1527681,2026,2026-04-04,"Arun Jaitley Stadium, Delhi",2,52,Delhi Capitals,Mumbai Indians,Sameer Rizvi,P Nissanka,C Bosch,6,0,0,0,0,0,0,,,,
1527681,2026,2026-04-04,"Arun Jaitley Stadium, Delhi",2,53,Delhi Capitals,Mumbai Indians,Sameer Rizvi,P Nissanka,C Bosch,1,0,0,0,0,0,0,,,,
1527681,2026,2026-04-04,"Arun Jaitley Stadium, Delhi",2,54,Delhi Capitals,Mumbai Indians,P Nissanka,Sameer Rizvi,C Bosch,1,0,0,0,0,0,0,,,,
1527681,2026,2026-04-04,"Arun Jaitley Stadium, Delhi",2,55,Delhi Capitals,Mumbai Indians,Sameer Rizvi,P Nissanka,C Bosch,1,0,0,0,0,0,0,,,,
1527681,2026,2026-04-04,"Arun Jaitley Stadium, Delhi",2,55,Delhi Capitals,Mumbai Indians,Sameer Rizvi,P Nissanka,MJ Santner,4,0,0,0,0,0,0,,,,
1527681,2026,2026-04-04,"Arun Jaitley Stadium, Delhi",2,56,Delhi Capitals,Mumbai Indians,Sameer Rizvi,P Nissanka,MJ Santner,1,0,0,0,0,0,0,,,,
1527681,2026,2026-04-04,"Arun Jaitley Stadium, Delhi",2,57,Delhi Capitals,Mumbai Indians,P Nissanka,Sameer Rizvi,MJ Santner,1,0,0,0,0,0,0,,,,
1527681,2026,2026-04-04,"Arun Jaitley Stadium, Delhi",2,58,Delhi Capitals,Mumbai Indians,Sameer Rizvi,P Nissanka,MJ Santner,1,0,0,0,0,0,0,,,,
1527681,2026,2026-04-04,"Arun Jaitley Stadium, Delhi",2,59,Delhi Capitals,Mumbai Indians,P Nissanka,Sameer Rizvi,MJ Santner,0,0,0,0,0,0,0,caught,P Nissanka,{'name': 'M Markande'},
1527681,2026,2026-04-04,"Arun Jaitley Stadium, Delhi",2,60,Delhi Capitals,Mumbai Indians,DA Miller,Sameer Rizvi,MJ Santner,0,0,0,0,0,0,0,,,,
1527681,2026,2026-04-04,"Arun Jaitley Stadium, Delhi",2,61,Delhi Capitals,Mumbai Indians,Sameer Rizvi,DA Miller,C Bosch,0,0,0,0,0,0,0,,,,
1527681,2026,2026-04-04,"Arun Jaitley Stadium, Delhi",2,62,Delhi Capitals,Mumbai Indians,Sameer Rizvi,DA Miller,C Bosch,4,0,0,0,0,0,0,,,,
1527681,2026,2026-04-04,"Arun Jaitley Stadium, Delhi",2,63,Delhi Capitals,Mumbai Indians,Sameer Rizvi,DA Miller,C Bosch,4,0,0,0,0,0,0,,,,
1527681,2026,2026-04-04,"Arun Jaitley Stadium, Delhi",2,64,Delhi Capitals,Mumbai Indians,Sameer Rizvi,DA Miller,C Bosch,0,0,0,0,0,0,0,,,,
1527681,2026,2026-04-04,"Arun Jaitley Stadium, Delhi",2,65,Delhi Capitals,Mumbai Indians,Sameer Rizvi,DA Miller,C Bosch,6,0,0,0,0,0,0,,,,
1527681,2026,2026-04-04,"Arun Jaitley Stadium, Delhi",2,66,Delhi Capitals,Mumbai Indians,Sameer Rizvi,DA Miller,C Bosch,6,0,0,0,0,0,0,,,,
1527681,2026,2026-04-04,"Arun Jaitley Stadium, Delhi",2,67,Delhi Capitals,Mumbai Indians,DA Miller,Sameer Rizvi,M Markande,1,0,0,0,0,0,0,,,,
1527681,2026,2026-04-04,"Arun Jaitley Stadium, Delhi",2,68,Delhi Capitals,Mumbai Indians,Sameer Rizvi,DA Miller,M Markande,0,0,0,0,0,0,0,,,,
1527681,2026,2026-04-04,"Arun Jaitley Stadium, Delhi",2,69,Delhi Capitals,Mumbai Indians,Sameer Rizvi,DA Miller,M Markande,6,0,0,0,0,0,0,,,,
1527681,2026,2026-04-04,"Arun Jaitley Stadium, Delhi",2,70,Delhi Capitals,Mumbai Indians,Sameer Rizvi,DA Miller,M Markande,6,0,0,0,0,0,0,,,,
1527681,2026,2026-04-04,"Arun Jaitley Stadium, Delhi",2,71,Delhi Capitals,Mumbai Indians,Sameer Rizvi,DA Miller,M Markande,0,0,0,0,0,0,0,,,,
1527681,2026,2026-04-04,"Arun Jaitley Stadium, Delhi",2,72,Delhi Capitals,Mumbai Indians,Sameer Rizvi,DA Miller,M Markande,1,0,0,0,0,0,0,,,,
1527681,2026,2026-04-04,"Arun Jaitley Stadium, Delhi",2,73,Delhi Capitals,Mumbai Indians,Sameer Rizvi,DA Miller,JJ Bumrah,0,0,0,0,0,0,0,,,,
1527681,2026,2026-04-04,"Arun Jaitley Stadium, Delhi",2,74,Delhi Capitals,Mumbai Indians,Sameer Rizvi,DA Miller,JJ Bumrah,0,0,0,0,0,0,0,,,,
1527681,2026,2026-04-04,"Arun Jaitley Stadium, Delhi",2,75,Delhi Capitals,Mumbai Indians,Sameer Rizvi,DA Miller,JJ Bumrah,1,0,0,0,0,0,0,,,,
1527681,2026,2026-04-04,"Arun Jaitley Stadium, Delhi",2,76,Delhi Capitals,Mumbai Indians,DA Miller,Sameer Rizvi,JJ Bumrah,0,0,0,0,0,0,0,,,,
1527681,2026,2026-04-04,"Arun Jaitley Stadium, Delhi",2,77,Delhi Capitals,Mumbai Indians,DA Miller,Sameer Rizvi,JJ Bumrah,0,0,0,0,0,0,0,,,,
1527681,2026,2026-04-04,"Arun Jaitley Stadium, Delhi",2,78,Delhi Capitals,Mumbai Indians,DA Miller,Sameer Rizvi,JJ Bumrah,0,0,0,0,0,0,0,,,,
1527681,2026,2026-04-04,"Arun Jaitley Stadium, Delhi",2,79,Delhi Capitals,Mumbai Indians,Sameer Rizvi,DA Miller,DL Chahar,4,0,0,0,0,0,0,,,,
1527681,2026,2026-04-04,"Arun Jaitley Stadium, Delhi",2,80,Delhi Capitals,Mumbai Indians,Sameer Rizvi,DA Miller,DL Chahar,0,0,0,0,0,0,0,,,,
1527681,2026,2026-04-04,"Arun Jaitley Stadium, Delhi",2,81,Delhi Capitals,Mumbai Indians,Sameer Rizvi,DA Miller,DL Chahar,6,0,0,0,0,0,0,,,,
1527681,2026,2026-04-04,"Arun Jaitley Stadium, Delhi",2,82,Delhi Capitals,Mumbai Indians,Sameer Rizvi,DA Miller,DL Chahar,2,0,0,0,0,0,0,,,,
1527681,2026,2026-04-04,"Arun Jaitley Stadium, Delhi",2,83,Delhi Capitals,Mumbai Indians,Sameer Rizvi,DA Miller,DL Chahar,0,0,0,0,0,0,0,,,,
1527681,2026,2026-04-04,"Arun Jaitley Stadium, Delhi",2,84,Delhi Capitals,Mumbai Indians,Sameer Rizvi,DA Miller,DL Chahar,1,0,0,0,0,0,0,,,,
1527681,2026,2026-04-04,"Arun Jaitley Stadium, Delhi",2,85,Delhi Capitals,Mumbai Indians,Sameer Rizvi,DA Miller,SN Thakur,4,0,0,0,0,0,0,,,,
1527681,2026,2026-04-04,"Arun Jaitley Stadium, Delhi",2,86,Delhi Capitals,Mumbai Indians,Sameer Rizvi,DA Miller,SN Thakur,1,0,0,0,0,0,0,,,,
1527681,2026,2026-04-04,"Arun Jaitley Stadium, Delhi",2,87,Delhi Capitals,Mumbai Indians,DA Miller,Sameer Rizvi,SN Thakur,1,0,0,0,0,0,0,,,,
1527681,2026,2026-04-04,"Arun Jaitley Stadium, Delhi",2,88,Delhi Capitals,Mumbai Indians,Sameer Rizvi,DA Miller,SN Thakur,4,0,0,0,0,0,0,,,,
1527681,2026,2026-04-04,"Arun Jaitley Stadium, Delhi",2,89,Delhi Capitals,Mumbai Indians,Sameer Rizvi,DA Miller,SN Thakur,0,1,1,0,0,0,0,,,,
1527681,2026,2026-04-04,"Arun Jaitley Stadium, Delhi",2,90,Delhi Capitals,Mumbai Indians,Sameer Rizvi,DA Miller,SN Thakur,0,0,0,0,0,0,0,,,,
1527681,2026,2026-04-04,"Arun Jaitley Stadium, Delhi",2,91,Delhi Capitals,Mumbai Indians,Sameer Rizvi,DA Miller,SN Thakur,6,0,0,0,0,0,0,,,,
1527681,2026,2026-04-04,"Arun Jaitley Stadium, Delhi",2,91,Delhi Capitals,Mumbai Indians,DA Miller,Sameer Rizvi,JJ Bumrah,1,0,0,0,0,0,0,,,,
1527681,2026,2026-04-04,"Arun Jaitley Stadium, Delhi",2,92,Delhi Capitals,Mumbai Indians,Sameer Rizvi,DA Miller,JJ Bumrah,1,0,0,0,0,0,0,,,,
1527681,2026,2026-04-04,"Arun Jaitley Stadium, Delhi",2,93,Delhi Capitals,Mumbai Indians,DA Miller,Sameer Rizvi,JJ Bumrah,4,0,0,0,0,0,0,,,,
1527681,2026,2026-04-04,"Arun Jaitley Stadium, Delhi",2,94,Delhi Capitals,Mumbai Indians,DA Miller,Sameer Rizvi,JJ Bumrah,0,1,1,0,0,0,0,,,,
1527681,2026,2026-04-04,"Arun Jaitley Stadium, Delhi",2,95,Delhi Capitals,Mumbai Indians,DA Miller,Sameer Rizvi,JJ Bumrah,4,0,0,0,0,0,0,,,,
1527681,2026,2026-04-04,"Arun Jaitley Stadium, Delhi",2,96,Delhi Capitals,Mumbai Indians,DA Miller,Sameer Rizvi,JJ Bumrah,0,0,0,0,0,0,0,,,,
1527681,2026,2026-04-04,"Arun Jaitley Stadium, Delhi",2,97,Delhi Capitals,Mumbai Indians,DA Miller,Sameer Rizvi,JJ Bumrah,0,0,0,0,0,0,0,,,,
1527681,2026,2026-04-04,"Arun Jaitley Stadium, Delhi",2,97,Delhi Capitals,Mumbai Indians,Sameer Rizvi,DA Miller,C Bosch,2,0,0,0,0,0,0,,,,
1527681,2026,2026-04-04,"Arun Jaitley Stadium, Delhi",2,98,Delhi Capitals,Mumbai Indians,Sameer Rizvi,DA Miller,C Bosch,0,0,0,0,0,0,0,caught,Sameer Rizvi,{'name': 'Tilak Varma'},
1527681,2026,2026-04-04,"Arun Jaitley Stadium, Delhi",2,99,Delhi Capitals,Mumbai Indians,T Stubbs,DA Miller,C Bosch,1,0,0,0,0,0,0,,,,
1527681,2026,2026-04-04,"Arun Jaitley Stadium, Delhi",2,100,Delhi Capitals,Mumbai Indians,DA Miller,T Stubbs,C Bosch,0,0,0,0,0,0,0,,,,
1527681,2026,2026-04-04,"Arun Jaitley Stadium, Delhi",2,101,Delhi Capitals,Mumbai Indians,DA Miller,T Stubbs,C Bosch,0,0,0,0,0,0,0,,,,
1527681,2026,2026-04-04,"Arun Jaitley Stadium, Delhi",2,102,Delhi Capitals,Mumbai Indians,DA Miller,T Stubbs,C Bosch,0,0,0,0,0,0,0,,,,
1527681,2026,2026-04-04,"Arun Jaitley Stadium, Delhi",2,103,Delhi Capitals,Mumbai Indians,T Stubbs,DA Miller,SN Thakur,1,0,0,0,0,0,0,,,,
1527681,2026,2026-04-04,"Arun Jaitley Stadium, Delhi",2,104,Delhi Capitals,Mumbai Indians,DA Miller,T Stubbs,SN Thakur,4,0,0,0,0,0,0,,,,
1527681,2026,2026-04-04,"Arun Jaitley Stadium, Delhi",2,105,Delhi Capitals,Mumbai Indians,DA Miller,T Stubbs,SN Thakur,1,0,0,0,0,0,0,,,,
1527681,2026,2026-04-04,"Arun Jaitley Stadium, Delhi",2,106,Delhi Capitals,Mumbai Indians,T Stubbs,DA Miller,SN Thakur,1,0,0,0,0,0,0,,,,
1527681,2026,2026-04-04,"Arun Jaitley Stadium, Delhi",2,107,Delhi Capitals,Mumbai Indians,DA Miller,T Stubbs,SN Thakur,1,0,0,0,0,0,0,,,,
1527681,2026,2026-04-04,"Arun Jaitley Stadium, Delhi",2,108,Delhi Capitals,Mumbai Indians,T Stubbs,DA Miller,SN Thakur,0,0,0,0,0,0,0,,,,
1527681,2026,2026-04-04,"Arun Jaitley Stadium, Delhi",2,109,Delhi Capitals,Mumbai Indians,DA Miller,T Stubbs,C Bosch,4,0,0,0,0,0,0,,,,
1527682,2026,2026-04-04,"Narendra Modi Stadium, Ahmedabad",1,1,Rajasthan Royals,Gujarat Titans,YBK Jaiswal,V Suryavanshi,Mohammed Siraj,1,0,0,0,0,0,0,,,,
1527682,2026,2026-04-04,"Narendra Modi Stadium, Ahmedabad",1,2,Rajasthan Royals,Gujarat Titans,V Suryavanshi,YBK Jaiswal,Mohammed Siraj,4,0,0,0,0,0,0,,,,
1527682,2026,2026-04-04,"Narendra Modi Stadium, Ahmedabad",1,3,Rajasthan Royals,Gujarat Titans,V Suryavanshi,YBK Jaiswal,Mohammed Siraj,0,0,0,0,0,0,0,,,,
1527682,2026,2026-04-04,"Narendra Modi Stadium, Ahmedabad",1,4,Rajasthan Royals,Gujarat Titans,V Suryavanshi,YBK Jaiswal,Mohammed Siraj,4,0,0,0,0,0,0,,,,
1527682,2026,2026-04-04,"Narendra Modi Stadium, Ahmedabad",1,5,Rajasthan Royals,Gujarat Titans,V Suryavanshi,YBK Jaiswal,Mohammed Siraj,1,0,0,0,0,0,0,,,,
1527682,2026,2026-04-04,"Narendra Modi Stadium, Ahmedabad",1,6,Rajasthan Royals,Gujarat Titans,YBK Jaiswal,V Suryavanshi,Mohammed Siraj,0,0,0,0,0,0,0,,,,
1527682,2026,2026-04-04,"Narendra Modi Stadium, Ahmedabad",1,7,Rajasthan Royals,Gujarat Titans,V Suryavanshi,YBK Jaiswal,K Rabada,1,0,0,0,0,0,0,,,,
1527682,2026,2026-04-04,"Narendra Modi Stadium, Ahmedabad",1,8,Rajasthan Royals,Gujarat Titans,YBK Jaiswal,V Suryavanshi,K Rabada,1,0,0,0,0,0,0,,,,
1527682,2026,2026-04-04,"Narendra Modi Stadium, Ahmedabad",1,9,Rajasthan Royals,Gujarat Titans,V Suryavanshi,YBK Jaiswal,K Rabada,0,0,0,0,0,0,0,,,,
1527682,2026,2026-04-04,"Narendra Modi Stadium, Ahmedabad",1,10,Rajasthan Royals,Gujarat Titans,V Suryavanshi,YBK Jaiswal,K Rabada,0,1,1,0,0,0,0,,,,
1527682,2026,2026-04-04,"Narendra Modi Stadium, Ahmedabad",1,11,Rajasthan Royals,Gujarat Titans,V Suryavanshi,YBK Jaiswal,K Rabada,0,0,0,0,0,0,0,,,,
1527682,2026,2026-04-04,"Narendra Modi Stadium, Ahmedabad",1,12,Rajasthan Royals,Gujarat Titans,V Suryavanshi,YBK Jaiswal,K Rabada,4,0,0,0,0,0,0,,,,
1527682,2026,2026-04-04,"Narendra Modi Stadium, Ahmedabad",1,13,Rajasthan Royals,Gujarat Titans,V Suryavanshi,YBK Jaiswal,K Rabada,0,0,0,0,0,0,0,,,,
1527682,2026,2026-04-04,"Narendra Modi Stadium, Ahmedabad",1,13,Rajasthan Royals,Gujarat Titans,YBK Jaiswal,V Suryavanshi,Mohammed Siraj,6,0,0,0,0,0,0,,,,
1527682,2026,2026-04-04,"Narendra Modi Stadium, Ahmedabad",1,14,Rajasthan Royals,Gujarat Titans,YBK Jaiswal,V Suryavanshi,Mohammed Siraj,4,0,0,0,0,0,0,,,,
1527682,2026,2026-04-04,"Narendra Modi Stadium, Ahmedabad",1,15,Rajasthan Royals,Gujarat Titans,YBK Jaiswal,V Suryavanshi,Mohammed Siraj,0,1,1,0,0,0,0,,,,
1527682,2026,2026-04-04,"Narendra Modi Stadium, Ahmedabad",1,16,Rajasthan Royals,Gujarat Titans,YBK Jaiswal,V Suryavanshi,Mohammed Siraj,0,0,0,0,0,0,0,,,,
1527682,2026,2026-04-04,"Narendra Modi Stadium, Ahmedabad",1,17,Rajasthan Royals,Gujarat Titans,YBK Jaiswal,V Suryavanshi,Mohammed Siraj,4,0,0,0,0,0,0,,,,
1527682,2026,2026-04-04,"Narendra Modi Stadium, Ahmedabad",1,18,Rajasthan Royals,Gujarat Titans,YBK Jaiswal,V Suryavanshi,Mohammed Siraj,0,0,0,0,0,0,0,,,,
1527682,2026,2026-04-04,"Narendra Modi Stadium, Ahmedabad",1,19,Rajasthan Royals,Gujarat Titans,YBK Jaiswal,V Suryavanshi,Mohammed Siraj,0,0,0,0,0,0,0,,,,
1527682,2026,2026-04-04,"Narendra Modi Stadium, Ahmedabad",1,19,Rajasthan Royals,Gujarat Titans,V Suryavanshi,YBK Jaiswal,K Rabada,0,0,0,0,0,0,0,,,,
1527682,2026,2026-04-04,"Narendra Modi Stadium, Ahmedabad",1,20,Rajasthan Royals,Gujarat Titans,V Suryavanshi,YBK Jaiswal,K Rabada,0,1,1,0,0,0,0,,,,
1527682,2026,2026-04-04,"Narendra Modi Stadium, Ahmedabad",1,21,Rajasthan Royals,Gujarat Titans,V Suryavanshi,YBK Jaiswal,K Rabada,4,0,0,0,0,0,0,,,,
1527682,2026,2026-04-04,"Narendra Modi Stadium, Ahmedabad",1,22,Rajasthan Royals,Gujarat Titans,V Suryavanshi,YBK Jaiswal,K Rabada,1,0,0,0,0,0,0,,,,
1527682,2026,2026-04-04,"Narendra Modi Stadium, Ahmedabad",1,23,Rajasthan Royals,Gujarat Titans,YBK Jaiswal,V Suryavanshi,K Rabada,0,0,0,0,0,0,0,,,,
1527682,2026,2026-04-04,"Narendra Modi Stadium, Ahmedabad",1,24,Rajasthan Royals,Gujarat Titans,YBK Jaiswal,V Suryavanshi,K Rabada,0,0,0,0,0,0,0,,,,
1527682,2026,2026-04-04,"Narendra Modi Stadium, Ahmedabad",1,25,Rajasthan Royals,Gujarat Titans,YBK Jaiswal,V Suryavanshi,K Rabada,6,0,0,0,0,0,0,,,,
1527682,2026,2026-04-04,"Narendra Modi Stadium, Ahmedabad",1,25,Rajasthan Royals,Gujarat Titans,V Suryavanshi,YBK Jaiswal,Ashok Sharma,4,0,0,0,0,0,0,,,,
1527682,2026,2026-04-04,"Narendra Modi Stadium, Ahmedabad",1,26,Rajasthan Royals,Gujarat Titans,V Suryavanshi,YBK Jaiswal,Ashok Sharma,6,0,0,0,0,0,0,,,,
1527682,2026,2026-04-04,"Narendra Modi Stadium, Ahmedabad",1,27,Rajasthan Royals,Gujarat Titans,V Suryavanshi,YBK Jaiswal,Ashok Sharma,1,0,0,0,0,0,0,,,,
1527682,2026,2026-04-04,"Narendra Modi Stadium, Ahmedabad",1,28,Rajasthan Royals,Gujarat Titans,YBK Jaiswal,V Suryavanshi,Ashok Sharma,0,0,0,0,0,0,0,,,,
1527682,2026,2026-04-04,"Narendra Modi Stadium, Ahmedabad",1,29,Rajasthan Royals,Gujarat Titans,YBK Jaiswal,V Suryavanshi,Ashok Sharma,2,0,0,0,0,0,0,,,,
1527682,2026,2026-04-04,"Narendra Modi Stadium, Ahmedabad",1,30,Rajasthan Royals,Gujarat Titans,YBK Jaiswal,V Suryavanshi,Ashok Sharma,0,0,0,0,0,0,0,,,,
1527682,2026,2026-04-04,"Narendra Modi Stadium, Ahmedabad",1,31,Rajasthan Royals,Gujarat Titans,V Suryavanshi,YBK Jaiswal,M Prasidh Krishna,1,0,0,0,0,0,0,,,,
1527682,2026,2026-04-04,"Narendra Modi Stadium, Ahmedabad",1,32,Rajasthan Royals,Gujarat Titans,YBK Jaiswal,V Suryavanshi,M Prasidh Krishna,0,0,0,0,0,0,0,,,,
1527682,2026,2026-04-04,"Narendra Modi Stadium, Ahmedabad",1,33,Rajasthan Royals,Gujarat Titans,YBK Jaiswal,V Suryavanshi,M Prasidh Krishna,6,0,0,0,0,0,0,,,,
1527682,2026,2026-04-04,"Narendra Modi Stadium, Ahmedabad",1,34,Rajasthan Royals,Gujarat Titans,YBK Jaiswal,V Suryavanshi,M Prasidh Krishna,4,0,0,0,0,0,0,,,,
1527682,2026,2026-04-04,"Narendra Modi Stadium, Ahmedabad",1,35,Rajasthan Royals,Gujarat Titans,YBK Jaiswal,V Suryavanshi,M Prasidh Krishna,1,0,0,0,0,0,0,,,,
1527682,2026,2026-04-04,"Narendra Modi Stadium, Ahmedabad",1,36,Rajasthan Royals,Gujarat Titans,V Suryavanshi,YBK Jaiswal,M Prasidh Krishna,0,0,0,0,0,0,0,,,,
1527682,2026,2026-04-04,"Narendra Modi Stadium, Ahmedabad",1,37,Rajasthan Royals,Gujarat Titans,YBK Jaiswal,V Suryavanshi,Rashid Khan,1,0,0,0,0,0,0,,,,
1527682,2026,2026-04-04,"Narendra Modi Stadium, Ahmedabad",1,38,Rajasthan Royals,Gujarat Titans,V Suryavanshi,YBK Jaiswal,Rashid Khan,0,0,0,0,0,0,0,caught,V Suryavanshi,{'name': 'GD Phillips'},
1527682,2026,2026-04-04,"Narendra Modi Stadium, Ahmedabad",1,39,Rajasthan Royals,Gujarat Titans,Dhruv Jurel,YBK Jaiswal,Rashid Khan,1,0,0,0,0,0,0,,,,
1527682,2026,2026-04-04,"Narendra Modi Stadium, Ahmedabad",1,40,Rajasthan Royals,Gujarat Titans,YBK Jaiswal,Dhruv Jurel,Rashid Khan,1,0,0,0,0,0,0,,,,
1527682,2026,2026-04-04,"Narendra Modi Stadium, Ahmedabad",1,41,Rajasthan Royals,Gujarat Titans,Dhruv Jurel,YBK Jaiswal,Rashid Khan,1,0,0,0,0,0,0,,,,
1527682,2026,2026-04-04,"Narendra Modi Stadium, Ahmedabad",1,42,Rajasthan Royals,Gujarat Titans,YBK Jaiswal,Dhruv Jurel,Rashid Khan,1,0,0,0,0,0,0,,,,
1527682,2026,2026-04-04,"Narendra Modi Stadium, Ahmedabad",1,43,Rajasthan Royals,Gujarat Titans,YBK Jaiswal,Dhruv Jurel,M Prasidh Krishna,0,0,0,0,0,0,0,,,,
1527682,2026,2026-04-04,"Narendra Modi Stadium, Ahmedabad",1,44,Rajasthan Royals,Gujarat Titans,YBK Jaiswal,Dhruv Jurel,M Prasidh Krishna,0,0,0,0,0,0,0,,,,
1527682,2026,2026-04-04,"Narendra Modi Stadium, Ahmedabad",1,45,Rajasthan Royals,Gujarat Titans,YBK Jaiswal,Dhruv Jurel,M Prasidh Krishna,1,0,0,0,0,0,0,,,,
1527682,2026,2026-04-04,"Narendra Modi Stadium, Ahmedabad",1,46,Rajasthan Royals,Gujarat Titans,Dhruv Jurel,YBK Jaiswal,M Prasidh Krishna,0,0,0,0,0,0,0,,,,
1527682,2026,2026-04-04,"Narendra Modi Stadium, Ahmedabad",1,47,Rajasthan Royals,Gujarat Titans,Dhruv Jurel,YBK Jaiswal,M Prasidh Krishna,1,0,0,0,0,0,0,,,,
1527682,2026,2026-04-04,"Narendra Modi Stadium, Ahmedabad",1,48,Rajasthan Royals,Gujarat Titans,YBK Jaiswal,Dhruv Jurel,M Prasidh Krishna,4,0,0,0,0,0,0,,,,
1527682,2026,2026-04-04,"Narendra Modi Stadium, Ahmedabad",1,49,Rajasthan Royals,Gujarat Titans,Dhruv Jurel,YBK Jaiswal,Rashid Khan,1,0,0,0,0,0,0,,,,
1527682,2026,2026-04-04,"Narendra Modi Stadium, Ahmedabad",1,50,Rajasthan Royals,Gujarat Titans,YBK Jaiswal,Dhruv Jurel,Rashid Khan,1,0,0,0,0,0,0,,,,
1527682,2026,2026-04-04,"Narendra Modi Stadium, Ahmedabad",1,51,Rajasthan Royals,Gujarat Titans,Dhruv Jurel,YBK Jaiswal,Rashid Khan,0,5,5,0,0,0,0,,,,
1527682,2026,2026-04-04,"Narendra Modi Stadium, Ahmedabad",1,52,Rajasthan Royals,Gujarat Titans,Dhruv Jurel,YBK Jaiswal,Rashid Khan,1,0,0,0,0,0,0,,,,
1527682,2026,2026-04-04,"Narendra Modi Stadium, Ahmedabad",1,53,Rajasthan Royals,Gujarat Titans,YBK Jaiswal,Dhruv Jurel,Rashid Khan,1,0,0,0,0,0,0,,,,
1527682,2026,2026-04-04,"Narendra Modi Stadium, Ahmedabad",1,54,Rajasthan Royals,Gujarat Titans,Dhruv Jurel,YBK Jaiswal,Rashid Khan,1,0,0,0,0,0,0,,,,
1527682,2026,2026-04-04,"Narendra Modi Stadium, Ahmedabad",1,55,Rajasthan Royals,Gujarat Titans,YBK Jaiswal,Dhruv Jurel,Rashid Khan,2,0,0,0,0,0,0,,,,
1527682,2026,2026-04-04,"Narendra Modi Stadium, Ahmedabad",1,55,Rajasthan Royals,Gujarat Titans,Dhruv Jurel,YBK Jaiswal,Ashok Sharma,0,0,0,0,0,0,0,,,,
1527682,2026,2026-04-04,"Narendra Modi Stadium, Ahmedabad",1,56,Rajasthan Royals,Gujarat Titans,Dhruv Jurel,YBK Jaiswal,Ashok Sharma,4,0,0,0,0,0,0,,,,
1527682,2026,2026-04-04,"Narendra Modi Stadium, Ahmedabad",1,57,Rajasthan Royals,Gujarat Titans,Dhruv Jurel,YBK Jaiswal,Ashok Sharma,0,0,0,0,0,0,0,,,,
1527682,2026,2026-04-04,"Narendra Modi Stadium, Ahmedabad",1,58,Rajasthan Royals,Gujarat Titans,Dhruv Jurel,YBK Jaiswal,Ashok Sharma,0,0,0,0,0,0,0,,,,
1527682,2026,2026-04-04,"Narendra Modi Stadium, Ahmedabad",1,59,Rajasthan Royals,Gujarat Titans,Dhruv Jurel,YBK Jaiswal,Ashok Sharma,1,0,0,0,0,0,0,,,,
1527682,2026,2026-04-04,"Narendra Modi Stadium, Ahmedabad",1,60,Rajasthan Royals,Gujarat Titans,YBK Jaiswal,Dhruv Jurel,Ashok Sharma,0,0,0,0,0,0,0,,,,
1527682,2026,2026-04-04,"Narendra Modi Stadium, Ahmedabad",1,61,Rajasthan Royals,Gujarat Titans,Dhruv Jurel,YBK Jaiswal,Rashid Khan,4,0,0,0,0,0,0,,,,
1527682,2026,2026-04-04,"Narendra Modi Stadium, Ahmedabad",1,62,Rajasthan Royals,Gujarat Titans,Dhruv Jurel,YBK Jaiswal,Rashid Khan,2,0,0,0,0,0,0,,,,
1527682,2026,2026-04-04,"Narendra Modi Stadium, Ahmedabad",1,63,Rajasthan Royals,Gujarat Titans,Dhruv Jurel,YBK Jaiswal,Rashid Khan,0,0,0,0,0,0,0,,,,
1527682,2026,2026-04-04,"Narendra Modi Stadium, Ahmedabad",1,64,Rajasthan Royals,Gujarat Titans,Dhruv Jurel,YBK Jaiswal,Rashid Khan,0,0,0,0,0,0,0,,,,
1527682,2026,2026-04-04,"Narendra Modi Stadium, Ahmedabad",1,65,Rajasthan Royals,Gujarat Titans,Dhruv Jurel,YBK Jaiswal,Rashid Khan,0,0,0,0,0,0,0,,,,
1527682,2026,2026-04-04,"Narendra Modi Stadium, Ahmedabad",1,66,Rajasthan Royals,Gujarat Titans,Dhruv Jurel,YBK Jaiswal,Rashid Khan,4,0,0,0,0,0,0,,,,
1527682,2026,2026-04-04,"Narendra Modi Stadium, Ahmedabad",1,67,Rajasthan Royals,Gujarat Titans,YBK Jaiswal,Dhruv Jurel,Mohammed Siraj,0,0,0,0,0,0,0,,,,
1527682,2026,2026-04-04,"Narendra Modi Stadium, Ahmedabad",1,68,Rajasthan Royals,Gujarat Titans,YBK Jaiswal,Dhruv Jurel,Mohammed Siraj,4,0,0,0,0,0,0,,,,
1527682,2026,2026-04-04,"Narendra Modi Stadium, Ahmedabad",1,69,Rajasthan Royals,Gujarat Titans,YBK Jaiswal,Dhruv Jurel,Mohammed Siraj,0,1,0,0,0,1,0,,,,
1527682,2026,2026-04-04,"Narendra Modi Stadium, Ahmedabad",1,70,Rajasthan Royals,Gujarat Titans,Dhruv Jurel,YBK Jaiswal,Mohammed Siraj,0,0,0,0,0,0,0,,,,
1527682,2026,2026-04-04,"Narendra Modi Stadium, Ahmedabad",1,71,Rajasthan Royals,Gujarat Titans,Dhruv Jurel,YBK Jaiswal,Mohammed Siraj,4,0,0,0,0,0,0,,,,
1527682,2026,2026-04-04,"Narendra Modi Stadium, Ahmedabad",1,72,Rajasthan Royals,Gujarat Titans,Dhruv Jurel,YBK Jaiswal,Mohammed Siraj,6,0,0,0,0,0,0,,,,
1527682,2026,2026-04-04,"Narendra Modi Stadium, Ahmedabad",1,73,Rajasthan Royals,Gujarat Titans,YBK Jaiswal,Dhruv Jurel,K Rabada,0,0,0,0,0,0,0,,,,
1527682,2026,2026-04-04,"Narendra Modi Stadium, Ahmedabad",1,74,Rajasthan Royals,Gujarat Titans,YBK Jaiswal,Dhruv Jurel,K Rabada,4,0,0,0,0,0,0,,,,
1527682,2026,2026-04-04,"Narendra Modi Stadium, Ahmedabad",1,75,Rajasthan Royals,Gujarat Titans,YBK Jaiswal,Dhruv Jurel,K Rabada,0,0,0,0,0,0,0,bowled,YBK Jaiswal,,
1527682,2026,2026-04-04,"Narendra Modi Stadium, Ahmedabad",1,76,Rajasthan Royals,Gujarat Titans,R Parag,Dhruv Jurel,K Rabada,6,0,0,0,0,0,0,,,,
1527682,2026,2026-04-04,"Narendra Modi Stadium, Ahmedabad",1,77,Rajasthan Royals,Gujarat Titans,R Parag,Dhruv Jurel,K Rabada,2,0,0,0,0,0,0,,,,
1527682,2026,2026-04-04,"Narendra Modi Stadium, Ahmedabad",1,78,Rajasthan Royals,Gujarat Titans,R Parag,Dhruv Jurel,K Rabada,0,0,0,0,0,0,0,,,,
1527682,2026,2026-04-04,"Narendra Modi Stadium, Ahmedabad",1,79,Rajasthan Royals,Gujarat Titans,Dhruv Jurel,R Parag,M Prasidh Krishna,1,0,0,0,0,0,0,,,,
1527682,2026,2026-04-04,"Narendra Modi Stadium, Ahmedabad",1,80,Rajasthan Royals,Gujarat Titans,R Parag,Dhruv Jurel,M Prasidh Krishna,0,0,0,0,0,0,0,caught,R Parag,{'name': 'Kumar Kushagra'},
1527682,2026,2026-04-04,"Narendra Modi Stadium, Ahmedabad",1,81,Rajasthan Royals,Gujarat Titans,SO Hetmyer,Dhruv Jurel,M Prasidh Krishna,0,0,0,0,0,0,0,,,,
1527682,2026,2026-04-04,"Narendra Modi Stadium, Ahmedabad",1,82,Rajasthan Royals,Gujarat Titans,SO Hetmyer,Dhruv Jurel,M Prasidh Krishna,0,1,1,0,0,0,0,,,,
1527682,2026,2026-04-04,"Narendra Modi Stadium, Ahmedabad",1,83,Rajasthan Royals,Gujarat Titans,SO Hetmyer,Dhruv Jurel,M Prasidh Krishna,0,0,0,0,0,0,0,,,,
1527682,2026,2026-04-04,"Narendra Modi Stadium, Ahmedabad",1,84,Rajasthan Royals,Gujarat Titans,SO Hetmyer,Dhruv Jurel,M Prasidh Krishna,6,0,0,0,0,0,0,,,,
1527682,2026,2026-04-04,"Narendra Modi Stadium, Ahmedabad",1,85,Rajasthan Royals,Gujarat Titans,SO Hetmyer,Dhruv Jurel,M Prasidh Krishna,6,0,0,0,0,0,0,,,,
1527682,2026,2026-04-04,"Narendra Modi Stadium, Ahmedabad",1,85,Rajasthan Royals,Gujarat Titans,Dhruv Jurel,SO Hetmyer,Rashid Khan,0,1,1,0,0,0,0,,,,
1527682,2026,2026-04-04,"Narendra Modi Stadium, Ahmedabad",1,86,Rajasthan Royals,Gujarat Titans,Dhruv Jurel,SO Hetmyer,Rashid Khan,6,0,0,0,0,0,0,,,,
1527682,2026,2026-04-04,"Narendra Modi Stadium, Ahmedabad",1,87,Rajasthan Royals,Gujarat Titans,Dhruv Jurel,SO Hetmyer,Rashid Khan,1,0,0,0,0,0,0,,,,
1527682,2026,2026-04-04,"Narendra Modi Stadium, Ahmedabad",1,88,Rajasthan Royals,Gujarat Titans,SO Hetmyer,Dhruv Jurel,Rashid Khan,1,0,0,0,0,0,0,,,,
1527682,2026,2026-04-04,"Narendra Modi Stadium, Ahmedabad",1,89,Rajasthan Royals,Gujarat Titans,Dhruv Jurel,SO Hetmyer,Rashid Khan,1,0,0,0,0,0,0,,,,
1527682,2026,2026-04-04,"Narendra Modi Stadium, Ahmedabad",1,90,Rajasthan Royals,Gujarat Titans,SO Hetmyer,Dhruv Jurel,Rashid Khan,1,0,0,0,0,0,0,,,,
1527682,2026,2026-04-04,"Narendra Modi Stadium, Ahmedabad",1,91,Rajasthan Royals,Gujarat Titans,Dhruv Jurel,SO Hetmyer,Rashid Khan,1,0,0,0,0,0,0,,,,
1527682,2026,2026-04-04,"Narendra Modi Stadium, Ahmedabad",1,91,Rajasthan Royals,Gujarat Titans,Dhruv Jurel,SO Hetmyer,Ashok Sharma,1,0,0,0,0,0,0,,,,
1527682,2026,2026-04-04,"Narendra Modi Stadium, Ahmedabad",1,92,Rajasthan Royals,Gujarat Titans,SO Hetmyer,Dhruv Jurel,Ashok Sharma,4,0,0,0,0,0,0,,,,
1527682,2026,2026-04-04,"Narendra Modi Stadium, Ahmedabad",1,93,Rajasthan Royals,Gujarat Titans,SO Hetmyer,Dhruv Jurel,Ashok Sharma,0,0,0,0,0,0,0,caught,SO Hetmyer,{'name': 'Mohammed Siraj'},
1527682,2026,2026-04-04,"Narendra Modi Stadium, Ahmedabad",1,94,Rajasthan Royals,Gujarat Titans,D Ferreira,Dhruv Jurel,Ashok Sharma,0,0,0,0,0,0,0,,,,
1527682,2026,2026-04-04,"Narendra Modi Stadium, Ahmedabad",1,95,Rajasthan Royals,Gujarat Titans,D Ferreira,Dhruv Jurel,Ashok Sharma,1,0,0,0,0,0,0,,,,
1527682,2026,2026-04-04,"Narendra Modi Stadium, Ahmedabad",1,96,Rajasthan Royals,Gujarat Titans,Dhruv Jurel,D Ferreira,Ashok Sharma,0,0,0,0,0,0,0,,,,
1527682,2026,2026-04-04,"Narendra Modi Stadium, Ahmedabad",1,97,Rajasthan Royals,Gujarat Titans,D Ferreira,Dhruv Jurel,K Rabada,0,0,0,0,0,0,0,caught,D Ferreira,{'name': 'GD Phillips'},
1527682,2026,2026-04-04,"Narendra Modi Stadium, Ahmedabad",1,98,Rajasthan Royals,Gujarat Titans,RA Jadeja,Dhruv Jurel,K Rabada,1,0,0,0,0,0,0,,,,
1527682,2026,2026-04-04,"Narendra Modi Stadium, Ahmedabad",1,99,Rajasthan Royals,Gujarat Titans,Dhruv Jurel,RA Jadeja,K Rabada,6,0,0,0,0,0,0,,,,
1527682,2026,2026-04-04,"Narendra Modi Stadium, Ahmedabad",1,100,Rajasthan Royals,Gujarat Titans,Dhruv Jurel,RA Jadeja,K Rabada,0,1,1,0,0,0,0,,,,
1527682,2026,2026-04-04,"Narendra Modi Stadium, Ahmedabad",1,101,Rajasthan Royals,Gujarat Titans,Dhruv Jurel,RA Jadeja,K Rabada,2,0,0,0,0,0,0,,,,
1527682,2026,2026-04-04,"Narendra Modi Stadium, Ahmedabad",1,102,Rajasthan Royals,Gujarat Titans,Dhruv Jurel,RA Jadeja,K Rabada,1,0,0,0,0,0,0,,,,
1527682,2026,2026-04-04,"Narendra Modi Stadium, Ahmedabad",1,103,Rajasthan Royals,Gujarat Titans,RA Jadeja,Dhruv Jurel,K Rabada,0,0,0,0,0,0,0,,,,
1527682,2026,2026-04-04,"Narendra Modi Stadium, Ahmedabad",1,103,Rajasthan Royals,Gujarat Titans,Dhruv Jurel,RA Jadeja,Ashok Sharma,6,0,0,0,0,0,0,,,,
1527682,2026,2026-04-04,"Narendra Modi Stadium, Ahmedabad",1,104,Rajasthan Royals,Gujarat Titans,Dhruv Jurel,RA Jadeja,Ashok Sharma,1,0,0,0,0,0,0,,,,
1527682,2026,2026-04-04,"Narendra Modi Stadium, Ahmedabad",1,105,Rajasthan Royals,Gujarat Titans,RA Jadeja,Dhruv Jurel,Ashok Sharma,1,0,0,0,0,0,0,,,,
1527682,2026,2026-04-04,"Narendra Modi Stadium, Ahmedabad",1,106,Rajasthan Royals,Gujarat Titans,Dhruv Jurel,RA Jadeja,Ashok Sharma,0,1,1,0,0,0,0,,,,
1527682,2026,2026-04-04,"Narendra Modi Stadium, Ahmedabad",1,107,Rajasthan Royals,Gujarat Titans,Dhruv Jurel,RA Jadeja,Ashok Sharma,2,0,0,0,0,0,0,,,,
1527682,2026,2026-04-04,"Narendra Modi Stadium, Ahmedabad",1,108,Rajasthan Royals,Gujarat Titans,Dhruv Jurel,RA Jadeja,Ashok Sharma,1,0,0,0,0,0,0,,,,
1527682,2026,2026-04-04,"Narendra Modi Stadium, Ahmedabad",1,109,Rajasthan Royals,Gujarat Titans,RA Jadeja,Dhruv Jurel,Ashok Sharma,0,1,1,0,0,0,0,,,,
1527682,2026,2026-04-04,"Narendra Modi Stadium, Ahmedabad",1,110,Rajasthan Royals,Gujarat Titans,RA Jadeja,Dhruv Jurel,Ashok Sharma,0,0,0,0,0,0,0,,,,
1527682,2026,2026-04-04,"Narendra Modi Stadium, Ahmedabad",1,109,Rajasthan Royals,Gujarat Titans,Dhruv Jurel,RA Jadeja,M Prasidh Krishna,2,0,0,0,0,0,0,,,,
1527682,2026,2026-04-04,"Narendra Modi Stadium, Ahmedabad",1,110,Rajasthan Royals,Gujarat Titans,Dhruv Jurel,RA Jadeja,M Prasidh Krishna,1,0,0,0,0,0,0,,,,
1527682,2026,2026-04-04,"Narendra Modi Stadium, Ahmedabad",1,111,Rajasthan Royals,Gujarat Titans,RA Jadeja,Dhruv Jurel,M Prasidh Krishna,1,0,0,0,0,0,0,,,,
1527682,2026,2026-04-04,"Narendra Modi Stadium, Ahmedabad",1,112,Rajasthan Royals,Gujarat Titans,Dhruv Jurel,RA Jadeja,M Prasidh Krishna,6,0,0,0,0,0,0,,,,
1527682,2026,2026-04-04,"Narendra Modi Stadium, Ahmedabad",1,113,Rajasthan Royals,Gujarat Titans,Dhruv Jurel,RA Jadeja,M Prasidh Krishna,1,0,0,0,0,0,0,,,,
1527682,2026,2026-04-04,"Narendra Modi Stadium, Ahmedabad",1,114,Rajasthan Royals,Gujarat Titans,RA Jadeja,Dhruv Jurel,M Prasidh Krishna,0,0,0,0,0,0,0,,,,
1527682,2026,2026-04-04,"Narendra Modi Stadium, Ahmedabad",1,115,Rajasthan Royals,Gujarat Titans,Dhruv Jurel,RA Jadeja,Mohammed Siraj,4,0,0,0,0,0,0,,,,
1527682,2026,2026-04-04,"Narendra Modi Stadium, Ahmedabad",1,116,Rajasthan Royals,Gujarat Titans,Dhruv Jurel,RA Jadeja,Mohammed Siraj,0,0,0,0,0,0,0,,,,
1527682,2026,2026-04-04,"Narendra Modi Stadium, Ahmedabad",1,117,Rajasthan Royals,Gujarat Titans,Dhruv Jurel,RA Jadeja,Mohammed Siraj,0,0,0,0,0,0,0,caught,Dhruv Jurel,{'name': 'JC Buttler'},
1527682,2026,2026-04-04,"Narendra Modi Stadium, Ahmedabad",1,118,Rajasthan Royals,Gujarat Titans,JC Archer,RA Jadeja,Mohammed Siraj,0,0,0,0,0,0,0,,,,
1527682,2026,2026-04-04,"Narendra Modi Stadium, Ahmedabad",1,119,Rajasthan Royals,Gujarat Titans,JC Archer,RA Jadeja,Mohammed Siraj,1,0,0,0,0,0,0,,,,
1527682,2026,2026-04-04,"Narendra Modi Stadium, Ahmedabad",1,120,Rajasthan Royals,Gujarat Titans,RA Jadeja,JC Archer,Mohammed Siraj,4,0,0,0,0,0,0,,,,
1527682,2026,2026-04-04,"Narendra Modi Stadium, Ahmedabad",2,1,Gujarat Titans,Rajasthan Royals,B Sai Sudharsan,Kumar Kushagra,JC Archer,0,5,5,0,0,0,0,,,,
1527682,2026,2026-04-04,"Narendra Modi Stadium, Ahmedabad",2,2,Gujarat Titans,Rajasthan Royals,B Sai Sudharsan,Kumar Kushagra,JC Archer,0,0,0,0,0,0,0,,,,
1527682,2026,2026-04-04,"Narendra Modi Stadium, Ahmedabad",2,3,Gujarat Titans,Rajasthan Royals,B Sai Sudharsan,Kumar Kushagra,JC Archer,6,0,0,0,0,0,0,,,,
1527682,2026,2026-04-04,"Narendra Modi Stadium, Ahmedabad",2,4,Gujarat Titans,Rajasthan Royals,B Sai Sudharsan,Kumar Kushagra,JC Archer,0,0,0,0,0,0,0,,,,
1527682,2026,2026-04-04,"Narendra Modi Stadium, Ahmedabad",2,5,Gujarat Titans,Rajasthan Royals,B Sai Sudharsan,Kumar Kushagra,JC Archer,0,0,0,0,0,0,0,,,,
1527682,2026,2026-04-04,"Narendra Modi Stadium, Ahmedabad",2,6,Gujarat Titans,Rajasthan Royals,B Sai Sudharsan,Kumar Kushagra,JC Archer,0,0,0,0,0,0,0,,,,
1527682,2026,2026-04-04,"Narendra Modi Stadium, Ahmedabad",2,7,Gujarat Titans,Rajasthan Royals,B Sai Sudharsan,Kumar Kushagra,JC Archer,4,0,0,0,0,0,0,,,,
1527682,2026,2026-04-04,"Narendra Modi Stadium, Ahmedabad",2,7,Gujarat Titans,Rajasthan Royals,Kumar Kushagra,B Sai Sudharsan,N Burger,1,0,0,0,0,0,0,,,,
1527682,2026,2026-04-04,"Narendra Modi Stadium, Ahmedabad",2,8,Gujarat Titans,Rajasthan Royals,B Sai Sudharsan,Kumar Kushagra,N Burger,0,1,1,0,0,0,0,,,,
1527682,2026,2026-04-04,"Narendra Modi Stadium, Ahmedabad",2,9,Gujarat Titans,Rajasthan Royals,B Sai Sudharsan,Kumar Kushagra,N Burger,4,0,0,0,0,0,0,,,,
1527682,2026,2026-04-04,"Narendra Modi Stadium, Ahmedabad",2,10,Gujarat Titans,Rajasthan Royals,B Sai Sudharsan,Kumar Kushagra,N Burger,0,0,0,0,0,0,0,,,,
1527682,2026,2026-04-04,"Narendra Modi Stadium, Ahmedabad",2,11,Gujarat Titans,Rajasthan Royals,B Sai Sudharsan,Kumar Kushagra,N Burger,1,0,0,0,0,0,0,,,,
1527682,2026,2026-04-04,"Narendra Modi Stadium, Ahmedabad",2,12,Gujarat Titans,Rajasthan Royals,Kumar Kushagra,B Sai Sudharsan,N Burger,0,0,0,0,0,0,0,,,,
1527682,2026,2026-04-04,"Narendra Modi Stadium, Ahmedabad",2,13,Gujarat Titans,Rajasthan Royals,Kumar Kushagra,B Sai Sudharsan,N Burger,0,0,0,0,0,0,0,,,,
1527682,2026,2026-04-04,"Narendra Modi Stadium, Ahmedabad",2,13,Gujarat Titans,Rajasthan Royals,B Sai Sudharsan,Kumar Kushagra,JC Archer,0,0,0,0,0,0,0,,,,
1527682,2026,2026-04-04,"Narendra Modi Stadium, Ahmedabad",2,14,Gujarat Titans,Rajasthan Royals,B Sai Sudharsan,Kumar Kushagra,JC Archer,1,0,0,0,0,0,0,,,,
1527682,2026,2026-04-04,"Narendra Modi Stadium, Ahmedabad",2,15,Gujarat Titans,Rajasthan Royals,Kumar Kushagra,B Sai Sudharsan,JC Archer,4,0,0,0,0,0,0,,,,
1527682,2026,2026-04-04,"Narendra Modi Stadium, Ahmedabad",2,16,Gujarat Titans,Rajasthan Royals,Kumar Kushagra,B Sai Sudharsan,JC Archer,0,0,0,0,0,0,0,,,,
1527682,2026,2026-04-04,"Narendra Modi Stadium, Ahmedabad",2,17,Gujarat Titans,Rajasthan Royals,Kumar Kushagra,B Sai Sudharsan,JC Archer,1,0,0,0,0,0,0,,,,
1527682,2026,2026-04-04,"Narendra Modi Stadium, Ahmedabad",2,18,Gujarat Titans,Rajasthan Royals,B Sai Sudharsan,Kumar Kushagra,JC Archer,4,0,0,0,0,0,0,,,,
1527682,2026,2026-04-04,"Narendra Modi Stadium, Ahmedabad",2,19,Gujarat Titans,Rajasthan Royals,Kumar Kushagra,B Sai Sudharsan,Sandeep Sharma,2,0,0,0,0,0,0,,,,
1527682,2026,2026-04-04,"Narendra Modi Stadium, Ahmedabad",2,20,Gujarat Titans,Rajasthan Royals,Kumar Kushagra,B Sai Sudharsan,Sandeep Sharma,4,0,0,0,0,0,0,,,,
1527682,2026,2026-04-04,"Narendra Modi Stadium, Ahmedabad",2,21,Gujarat Titans,Rajasthan Royals,Kumar Kushagra,B Sai Sudharsan,Sandeep Sharma,1,0,0,0,0,0,0,,,,
1527682,2026,2026-04-04,"Narendra Modi Stadium, Ahmedabad",2,22,Gujarat Titans,Rajasthan Royals,B Sai Sudharsan,Kumar Kushagra,Sandeep Sharma,0,0,0,0,0,0,0,,,,
1527682,2026,2026-04-04,"Narendra Modi Stadium, Ahmedabad",2,23,Gujarat Titans,Rajasthan Royals,B Sai Sudharsan,Kumar Kushagra,Sandeep Sharma,0,0,0,0,0,0,0,,,,
1527682,2026,2026-04-04,"Narendra Modi Stadium, Ahmedabad",2,24,Gujarat Titans,Rajasthan Royals,B Sai Sudharsan,Kumar Kushagra,Sandeep Sharma,1,0,0,0,0,0,0,,,,
1527682,2026,2026-04-04,"Narendra Modi Stadium, Ahmedabad",2,25,Gujarat Titans,Rajasthan Royals,B Sai Sudharsan,Kumar Kushagra,TU Deshpande,4,0,0,0,0,0,0,,,,
1527682,2026,2026-04-04,"Narendra Modi Stadium, Ahmedabad",2,26,Gujarat Titans,Rajasthan Royals,B Sai Sudharsan,Kumar Kushagra,TU Deshpande,0,0,0,0,0,0,0,,,,
1527682,2026,2026-04-04,"Narendra Modi Stadium, Ahmedabad",2,27,Gujarat Titans,Rajasthan Royals,B Sai Sudharsan,Kumar Kushagra,TU Deshpande,0,0,0,0,0,0,0,,,,
1527682,2026,2026-04-04,"Narendra Modi Stadium, Ahmedabad",2,28,Gujarat Titans,Rajasthan Royals,B Sai Sudharsan,Kumar Kushagra,TU Deshpande,0,0,0,0,0,0,0,,,,
1527682,2026,2026-04-04,"Narendra Modi Stadium, Ahmedabad",2,29,Gujarat Titans,Rajasthan Royals,B Sai Sudharsan,Kumar Kushagra,TU Deshpande,0,0,0,0,0,0,0,,,,
1527682,2026,2026-04-04,"Narendra Modi Stadium, Ahmedabad",2,30,Gujarat Titans,Rajasthan Royals,B Sai Sudharsan,Kumar Kushagra,TU Deshpande,1,0,0,0,0,0,0,,,,
1527682,2026,2026-04-04,"Narendra Modi Stadium, Ahmedabad",2,31,Gujarat Titans,Rajasthan Royals,B Sai Sudharsan,Kumar Kushagra,Sandeep Sharma,2,0,0,0,0,0,0,,,,
1527682,2026,2026-04-04,"Narendra Modi Stadium, Ahmedabad",2,32,Gujarat Titans,Rajasthan Royals,B Sai Sudharsan,Kumar Kushagra,Sandeep Sharma,4,0,0,0,0,0,0,,,,
1527682,2026,2026-04-04,"Narendra Modi Stadium, Ahmedabad",2,33,Gujarat Titans,Rajasthan Royals,B Sai Sudharsan,Kumar Kushagra,Sandeep Sharma,1,0,0,0,0,0,0,,,,
1527682,2026,2026-04-04,"Narendra Modi Stadium, Ahmedabad",2,34,Gujarat Titans,Rajasthan Royals,Kumar Kushagra,B Sai Sudharsan,Sandeep Sharma,4,0,0,0,0,0,0,,,,
1527682,2026,2026-04-04,"Narendra Modi Stadium, Ahmedabad",2,35,Gujarat Titans,Rajasthan Royals,Kumar Kushagra,B Sai Sudharsan,Sandeep Sharma,0,0,0,0,0,0,0,,,,
1527682,2026,2026-04-04,"Narendra Modi Stadium, Ahmedabad",2,36,Gujarat Titans,Rajasthan Royals,Kumar Kushagra,B Sai Sudharsan,Sandeep Sharma,0,0,0,0,0,0,0,,,,
1527682,2026,2026-04-04,"Narendra Modi Stadium, Ahmedabad",2,37,Gujarat Titans,Rajasthan Royals,B Sai Sudharsan,Kumar Kushagra,RA Jadeja,4,0,0,0,0,0,0,,,,
1527682,2026,2026-04-04,"Narendra Modi Stadium, Ahmedabad",2,38,Gujarat Titans,Rajasthan Royals,B Sai Sudharsan,Kumar Kushagra,RA Jadeja,2,0,0,0,0,0,0,,,,
1527682,2026,2026-04-04,"Narendra Modi Stadium, Ahmedabad",2,39,Gujarat Titans,Rajasthan Royals,B Sai Sudharsan,Kumar Kushagra,RA Jadeja,2,0,0,0,0,0,0,,,,
1527682,2026,2026-04-04,"Narendra Modi Stadium, Ahmedabad",2,40,Gujarat Titans,Rajasthan Royals,B Sai Sudharsan,Kumar Kushagra,RA Jadeja,1,0,0,0,0,0,0,,,,
1527682,2026,2026-04-04,"Narendra Modi Stadium, Ahmedabad",2,41,Gujarat Titans,Rajasthan Royals,Kumar Kushagra,B Sai Sudharsan,RA Jadeja,1,0,0,0,0,0,0,,,,
1527682,2026,2026-04-04,"Narendra Modi Stadium, Ahmedabad",2,42,Gujarat Titans,Rajasthan Royals,B Sai Sudharsan,Kumar Kushagra,RA Jadeja,1,0,0,0,0,0,0,,,,
1527682,2026,2026-04-04,"Narendra Modi Stadium, Ahmedabad",2,43,Gujarat Titans,Rajasthan Royals,B Sai Sudharsan,Kumar Kushagra,R Parag,4,0,0,0,0,0,0,,,,
1527682,2026,2026-04-04,"Narendra Modi Stadium, Ahmedabad",2,44,Gujarat Titans,Rajasthan Royals,B Sai Sudharsan,Kumar Kushagra,R Parag,0,0,0,0,0,0,0,,,,
1527682,2026,2026-04-04,"Narendra Modi Stadium, Ahmedabad",2,45,Gujarat Titans,Rajasthan Royals,B Sai Sudharsan,Kumar Kushagra,R Parag,0,0,0,0,0,0,0,,,,
1527682,2026,2026-04-04,"Narendra Modi Stadium, Ahmedabad",2,46,Gujarat Titans,Rajasthan Royals,B Sai Sudharsan,Kumar Kushagra,R Parag,6,0,0,0,0,0,0,,,,
1527682,2026,2026-04-04,"Narendra Modi Stadium, Ahmedabad",2,47,Gujarat Titans,Rajasthan Royals,B Sai Sudharsan,Kumar Kushagra,R Parag,1,0,0,0,0,0,0,,,,
1527682,2026,2026-04-04,"Narendra Modi Stadium, Ahmedabad",2,48,Gujarat Titans,Rajasthan Royals,Kumar Kushagra,B Sai Sudharsan,R Parag,0,0,0,0,0,0,0,caught,Kumar Kushagra,{'name': 'SO Hetmyer'},
1527682,2026,2026-04-04,"Narendra Modi Stadium, Ahmedabad",2,49,Gujarat Titans,Rajasthan Royals,B Sai Sudharsan,JC Buttler,RA Jadeja,1,0,0,0,0,0,0,,,,
1527682,2026,2026-04-04,"Narendra Modi Stadium, Ahmedabad",2,50,Gujarat Titans,Rajasthan Royals,JC Buttler,B Sai Sudharsan,RA Jadeja,1,0,0,0,0,0,0,,,,
1527682,2026,2026-04-04,"Narendra Modi Stadium, Ahmedabad",2,51,Gujarat Titans,Rajasthan Royals,B Sai Sudharsan,JC Buttler,RA Jadeja,4,0,0,0,0,0,0,,,,
1527682,2026,2026-04-04,"Narendra Modi Stadium, Ahmedabad",2,52,Gujarat Titans,Rajasthan Royals,B Sai Sudharsan,JC Buttler,RA Jadeja,2,0,0,0,0,0,0,,,,
1527682,2026,2026-04-04,"Narendra Modi Stadium, Ahmedabad",2,53,Gujarat Titans,Rajasthan Royals,B Sai Sudharsan,JC Buttler,RA Jadeja,6,0,0,0,0,0,0,,,,
1527682,2026,2026-04-04,"Narendra Modi Stadium, Ahmedabad",2,54,Gujarat Titans,Rajasthan Royals,B Sai Sudharsan,JC Buttler,RA Jadeja,0,0,0,0,0,0,0,,,,
1527682,2026,2026-04-04,"Narendra Modi Stadium, Ahmedabad",2,55,Gujarat Titans,Rajasthan Royals,JC Buttler,B Sai Sudharsan,N Burger,0,1,0,0,0,1,0,,,,
1527682,2026,2026-04-04,"Narendra Modi Stadium, Ahmedabad",2,56,Gujarat Titans,Rajasthan Royals,B Sai Sudharsan,JC Buttler,N Burger,1,0,0,0,0,0,0,,,,
1527682,2026,2026-04-04,"Narendra Modi Stadium, Ahmedabad",2,57,Gujarat Titans,Rajasthan Royals,JC Buttler,B Sai Sudharsan,N Burger,4,0,0,0,0,0,0,,,,
1527682,2026,2026-04-04,"Narendra Modi Stadium, Ahmedabad",2,58,Gujarat Titans,Rajasthan Royals,JC Buttler,B Sai Sudharsan,N Burger,0,0,0,0,0,0,0,,,,
1527682,2026,2026-04-04,"Narendra Modi Stadium, Ahmedabad",2,59,Gujarat Titans,Rajasthan Royals,JC Buttler,B Sai Sudharsan,N Burger,1,0,0,0,0,0,0,,,,
1527682,2026,2026-04-04,"Narendra Modi Stadium, Ahmedabad",2,60,Gujarat Titans,Rajasthan Royals,B Sai Sudharsan,JC Buttler,N Burger,4,0,0,0,0,0,0,,,,
1527682,2026,2026-04-04,"Narendra Modi Stadium, Ahmedabad",2,61,Gujarat Titans,Rajasthan Royals,JC Buttler,B Sai Sudharsan,Ravi Bishnoi,1,0,0,0,0,0,0,,,,
1527682,2026,2026-04-04,"Narendra Modi Stadium, Ahmedabad",2,62,Gujarat Titans,Rajasthan Royals,B Sai Sudharsan,JC Buttler,Ravi Bishnoi,1,1,0,1,0,0,0,,,,
1527682,2026,2026-04-04,"Narendra Modi Stadium, Ahmedabad",2,63,Gujarat Titans,Rajasthan Royals,JC Buttler,B Sai Sudharsan,Ravi Bishnoi,1,0,0,0,0,0,0,,,,
1527682,2026,2026-04-04,"Narendra Modi Stadium, Ahmedabad",2,64,Gujarat Titans,Rajasthan Royals,B Sai Sudharsan,JC Buttler,Ravi Bishnoi,0,0,0,0,0,0,0,,,,
1527682,2026,2026-04-04,"Narendra Modi Stadium, Ahmedabad",2,65,Gujarat Titans,Rajasthan Royals,B Sai Sudharsan,JC Buttler,Ravi Bishnoi,0,0,0,0,0,0,0,caught,B Sai Sudharsan,{'name': 'TU Deshpande'},
1527682,2026,2026-04-04,"Narendra Modi Stadium, Ahmedabad",2,66,Gujarat Titans,Rajasthan Royals,GD Phillips,JC Buttler,Ravi Bishnoi,1,0,0,0,0,0,0,,,,
1527682,2026,2026-04-04,"Narendra Modi Stadium, Ahmedabad",2,67,Gujarat Titans,Rajasthan Royals,JC Buttler,GD Phillips,Ravi Bishnoi,4,0,0,0,0,0,0,,,,
1527682,2026,2026-04-04,"Narendra Modi Stadium, Ahmedabad",2,67,Gujarat Titans,Rajasthan Royals,GD Phillips,JC Buttler,TU Deshpande,1,0,0,0,0,0,0,,,,
1527682,2026,2026-04-04,"Narendra Modi Stadium, Ahmedabad",2,68,Gujarat Titans,Rajasthan Royals,JC Buttler,GD Phillips,TU Deshpande,4,0,0,0,0,0,0,,,,
1527682,2026,2026-04-04,"Narendra Modi Stadium, Ahmedabad",2,69,Gujarat Titans,Rajasthan Royals,JC Buttler,GD Phillips,TU Deshpande,1,0,0,0,0,0,0,,,,
1527682,2026,2026-04-04,"Narendra Modi Stadium, Ahmedabad",2,70,Gujarat Titans,Rajasthan Royals,GD Phillips,JC Buttler,TU Deshpande,1,0,0,0,0,0,0,,,,
1527682,2026,2026-04-04,"Narendra Modi Stadium, Ahmedabad",2,71,Gujarat Titans,Rajasthan Royals,JC Buttler,GD Phillips,TU Deshpande,4,0,0,0,0,0,0,,,,
1527682,2026,2026-04-04,"Narendra Modi Stadium, Ahmedabad",2,72,Gujarat Titans,Rajasthan Royals,JC Buttler,GD Phillips,TU Deshpande,4,0,0,0,0,0,0,,,,
1527682,2026,2026-04-04,"Narendra Modi Stadium, Ahmedabad",2,73,Gujarat Titans,Rajasthan Royals,GD Phillips,JC Buttler,Ravi Bishnoi,0,0,0,0,0,0,0,caught,GD Phillips,{'name': 'JC Archer'},
1527682,2026,2026-04-04,"Narendra Modi Stadium, Ahmedabad",2,74,Gujarat Titans,Rajasthan Royals,Washington Sundar,JC Buttler,Ravi Bishnoi,4,0,0,0,0,0,0,,,,
1527682,2026,2026-04-04,"Narendra Modi Stadium, Ahmedabad",2,75,Gujarat Titans,Rajasthan Royals,Washington Sundar,JC Buttler,Ravi Bishnoi,0,0,0,0,0,0,0,caught,Washington Sundar,{'name': 'RA Jadeja'},
1527682,2026,2026-04-04,"Narendra Modi Stadium, Ahmedabad",2,76,Gujarat Titans,Rajasthan Royals,R Tewatia,JC Buttler,Ravi Bishnoi,0,0,0,0,0,0,0,,,,
1527682,2026,2026-04-04,"Narendra Modi Stadium, Ahmedabad",2,77,Gujarat Titans,Rajasthan Royals,R Tewatia,JC Buttler,Ravi Bishnoi,1,0,0,0,0,0,0,,,,
1527682,2026,2026-04-04,"Narendra Modi Stadium, Ahmedabad",2,78,Gujarat Titans,Rajasthan Royals,JC Buttler,R Tewatia,Ravi Bishnoi,1,0,0,0,0,0,0,,,,
1527682,2026,2026-04-04,"Narendra Modi Stadium, Ahmedabad",2,79,Gujarat Titans,Rajasthan Royals,JC Buttler,R Tewatia,N Burger,0,0,0,0,0,0,0,caught,JC Buttler,{'name': 'Sandeep Sharma'},
1527682,2026,2026-04-04,"Narendra Modi Stadium, Ahmedabad",2,80,Gujarat Titans,Rajasthan Royals,M Shahrukh Khan,R Tewatia,N Burger,1,0,0,0,0,0,0,,,,
1527682,2026,2026-04-04,"Narendra Modi Stadium, Ahmedabad",2,81,Gujarat Titans,Rajasthan Royals,R Tewatia,M Shahrukh Khan,N Burger,1,0,0,0,0,0,0,,,,
1527682,2026,2026-04-04,"Narendra Modi Stadium, Ahmedabad",2,82,Gujarat Titans,Rajasthan Royals,M Shahrukh Khan,R Tewatia,N Burger,6,0,0,0,0,0,0,,,,
1527682,2026,2026-04-04,"Narendra Modi Stadium, Ahmedabad",2,83,Gujarat Titans,Rajasthan Royals,M Shahrukh Khan,R Tewatia,N Burger,0,0,0,0,0,0,0,,,,
1527682,2026,2026-04-04,"Narendra Modi Stadium, Ahmedabad",2,84,Gujarat Titans,Rajasthan Royals,M Shahrukh Khan,R Tewatia,N Burger,4,0,0,0,0,0,0,,,,
1527682,2026,2026-04-04,"Narendra Modi Stadium, Ahmedabad",2,85,Gujarat Titans,Rajasthan Royals,R Tewatia,M Shahrukh Khan,Ravi Bishnoi,4,0,0,0,0,0,0,,,,
1527682,2026,2026-04-04,"Narendra Modi Stadium, Ahmedabad",2,86,Gujarat Titans,Rajasthan Royals,R Tewatia,M Shahrukh Khan,Ravi Bishnoi,6,0,0,0,0,0,0,,,,
1527682,2026,2026-04-04,"Narendra Modi Stadium, Ahmedabad",2,87,Gujarat Titans,Rajasthan Royals,R Tewatia,M Shahrukh Khan,Ravi Bishnoi,0,0,0,0,0,0,0,caught,R Tewatia,{'name': 'Dhruv Jurel'},
1527682,2026,2026-04-04,"Narendra Modi Stadium, Ahmedabad",2,88,Gujarat Titans,Rajasthan Royals,Rashid Khan,M Shahrukh Khan,Ravi Bishnoi,4,0,0,0,0,0,0,,,,
1527682,2026,2026-04-04,"Narendra Modi Stadium, Ahmedabad",2,89,Gujarat Titans,Rajasthan Royals,Rashid Khan,M Shahrukh Khan,Ravi Bishnoi,2,0,0,0,0,0,0,run out,M Shahrukh Khan,{'name': 'Dhruv Jurel'},{'name': 'RA Jadeja'}
1527682,2026,2026-04-04,"Narendra Modi Stadium, Ahmedabad",2,90,Gujarat Titans,Rajasthan Royals,K Rabada,Rashid Khan,Ravi Bishnoi,0,0,0,0,0,0,0,,,,
1527682,2026,2026-04-04,"Narendra Modi Stadium, Ahmedabad",2,91,Gujarat Titans,Rajasthan Royals,Rashid Khan,K Rabada,JC Archer,1,0,0,0,0,0,0,,,,
1527682,2026,2026-04-04,"Narendra Modi Stadium, Ahmedabad",2,92,Gujarat Titans,Rajasthan Royals,K Rabada,Rashid Khan,JC Archer,1,0,0,0,0,0,0,,,,
1527682,2026,2026-04-04,"Narendra Modi Stadium, Ahmedabad",2,93,Gujarat Titans,Rajasthan Royals,Rashid Khan,K Rabada,JC Archer,1,0,0,0,0,0,0,,,,
1527682,2026,2026-04-04,"Narendra Modi Stadium, Ahmedabad",2,94,Gujarat Titans,Rajasthan Royals,K Rabada,Rashid Khan,JC Archer,6,0,0,0,0,0,0,,,,
1527682,2026,2026-04-04,"Narendra Modi Stadium, Ahmedabad",2,95,Gujarat Titans,Rajasthan Royals,K Rabada,Rashid Khan,JC Archer,1,0,0,0,0,0,0,,,,
1527682,2026,2026-04-04,"Narendra Modi Stadium, Ahmedabad",2,96,Gujarat Titans,Rajasthan Royals,Rashid Khan,K Rabada,JC Archer,0,0,0,0,0,0,0,,,,
1527682,2026,2026-04-04,"Narendra Modi Stadium, Ahmedabad",2,97,Gujarat Titans,Rajasthan Royals,K Rabada,Rashid Khan,Ravi Bishnoi,1,0,0,0,0,0,0,,,,
1527682,2026,2026-04-04,"Narendra Modi Stadium, Ahmedabad",2,98,Gujarat Titans,Rajasthan Royals,Rashid Khan,K Rabada,Ravi Bishnoi,4,0,0,0,0,0,0,,,,
1527682,2026,2026-04-04,"Narendra Modi Stadium, Ahmedabad",2,99,Gujarat Titans,Rajasthan Royals,Rashid Khan,K Rabada,Ravi Bishnoi,1,0,0,0,0,0,0,,,,
1527682,2026,2026-04-04,"Narendra Modi Stadium, Ahmedabad",2,100,Gujarat Titans,Rajasthan Royals,K Rabada,Rashid Khan,Ravi Bishnoi,0,0,0,0,0,0,0,,,,
1527682,2026,2026-04-04,"Narendra Modi Stadium, Ahmedabad",2,101,Gujarat Titans,Rajasthan Royals,K Rabada,Rashid Khan,Ravi Bishnoi,0,0,0,0,0,0,0,,,,
1527682,2026,2026-04-04,"Narendra Modi Stadium, Ahmedabad",2,102,Gujarat Titans,Rajasthan Royals,K Rabada,Rashid Khan,Ravi Bishnoi,4,0,0,0,0,0,0,,,,
1527682,2026,2026-04-04,"Narendra Modi Stadium, Ahmedabad",2,103,Gujarat Titans,Rajasthan Royals,Rashid Khan,K Rabada,Sandeep Sharma,4,0,0,0,0,0,0,,,,
1527682,2026,2026-04-04,"Narendra Modi Stadium, Ahmedabad",2,104,Gujarat Titans,Rajasthan Royals,Rashid Khan,K Rabada,Sandeep Sharma,1,0,0,0,0,0,0,,,,
1527682,2026,2026-04-04,"Narendra Modi Stadium, Ahmedabad",2,105,Gujarat Titans,Rajasthan Royals,K Rabada,Rashid Khan,Sandeep Sharma,6,0,0,0,0,0,0,,,,
1527682,2026,2026-04-04,"Narendra Modi Stadium, Ahmedabad",2,106,Gujarat Titans,Rajasthan Royals,K Rabada,Rashid Khan,Sandeep Sharma,1,0,0,0,0,0,0,,,,
1527682,2026,2026-04-04,"Narendra Modi Stadium, Ahmedabad",2,107,Gujarat Titans,Rajasthan Royals,Rashid Khan,K Rabada,Sandeep Sharma,2,0,0,0,0,0,0,,,,
1527682,2026,2026-04-04,"Narendra Modi Stadium, Ahmedabad",2,108,Gujarat Titans,Rajasthan Royals,Rashid Khan,K Rabada,Sandeep Sharma,1,0,0,0,0,0,0,,,,
1527682,2026,2026-04-04,"Narendra Modi Stadium, Ahmedabad",2,109,Gujarat Titans,Rajasthan Royals,Rashid Khan,K Rabada,JC Archer,1,0,0,0,0,0,0,,,,
1527682,2026,2026-04-04,"Narendra Modi Stadium, Ahmedabad",2,110,Gujarat Titans,Rajasthan Royals,K Rabada,Rashid Khan,JC Archer,0,0,0,0,0,0,0,,,,
1527682,2026,2026-04-04,"Narendra Modi Stadium, Ahmedabad",2,111,Gujarat Titans,Rajasthan Royals,K Rabada,Rashid Khan,JC Archer,1,0,0,0,0,0,0,,,,
1527682,2026,2026-04-04,"Narendra Modi Stadium, Ahmedabad",2,112,Gujarat Titans,Rajasthan Royals,Rashid Khan,K Rabada,JC Archer,1,0,0,0,0,0,0,,,,
1527682,2026,2026-04-04,"Narendra Modi Stadium, Ahmedabad",2,113,Gujarat Titans,Rajasthan Royals,K Rabada,Rashid Khan,JC Archer,0,0,0,0,0,0,0,,,,
1527682,2026,2026-04-04,"Narendra Modi Stadium, Ahmedabad",2,114,Gujarat Titans,Rajasthan Royals,K Rabada,Rashid Khan,JC Archer,0,1,0,0,1,0,0,,,,
1527682,2026,2026-04-04,"Narendra Modi Stadium, Ahmedabad",2,115,Gujarat Titans,Rajasthan Royals,K Rabada,Rashid Khan,TU Deshpande,0,1,1,0,0,0,0,,,,
1527682,2026,2026-04-04,"Narendra Modi Stadium, Ahmedabad",2,116,Gujarat Titans,Rajasthan Royals,K Rabada,Rashid Khan,TU Deshpande,1,0,0,0,0,0,0,,,,
1527682,2026,2026-04-04,"Narendra Modi Stadium, Ahmedabad",2,117,Gujarat Titans,Rajasthan Royals,Rashid Khan,K Rabada,TU Deshpande,1,0,0,0,0,0,0,,,,
1527682,2026,2026-04-04,"Narendra Modi Stadium, Ahmedabad",2,118,Gujarat Titans,Rajasthan Royals,K Rabada,Rashid Khan,TU Deshpande,1,0,0,0,0,0,0,,,,
1527682,2026,2026-04-04,"Narendra Modi Stadium, Ahmedabad",2,119,Gujarat Titans,Rajasthan Royals,Rashid Khan,K Rabada,TU Deshpande,0,0,0,0,0,0,0,,,,
1527682,2026,2026-04-04,"Narendra Modi Stadium, Ahmedabad",2,120,Gujarat Titans,Rajasthan Royals,Rashid Khan,K Rabada,TU Deshpande,0,0,0,0,0,0,0,caught,Rashid Khan,{'name': 'JC Archer'},
1527682,2026,2026-04-04,"Narendra Modi Stadium, Ahmedabad",2,121,Gujarat Titans,Rajasthan Royals,Ashok Sharma,K Rabada,TU Deshpande,0,0,0,0,0,0,0,,,,
1527683,2026,2026-04-05,"Rajiv Gandhi International Stadium, Uppal, Hyderabad",1,1,Sunrisers Hyderabad,Lucknow Super Giants,TM Head,Abhishek Sharma,Mohammed Shami,0,0,0,0,0,0,0,,,,
1527683,2026,2026-04-05,"Rajiv Gandhi International Stadium, Uppal, Hyderabad",1,2,Sunrisers Hyderabad,Lucknow Super Giants,TM Head,Abhishek Sharma,Mohammed Shami,0,0,0,0,0,0,0,,,,
1527683,2026,2026-04-05,"Rajiv Gandhi International Stadium, Uppal, Hyderabad",1,3,Sunrisers Hyderabad,Lucknow Super Giants,TM Head,Abhishek Sharma,Mohammed Shami,0,0,0,0,0,0,0,,,,
1527683,2026,2026-04-05,"Rajiv Gandhi International Stadium, Uppal, Hyderabad",1,4,Sunrisers Hyderabad,Lucknow Super Giants,TM Head,Abhishek Sharma,Mohammed Shami,1,0,0,0,0,0,0,,,,
1527683,2026,2026-04-05,"Rajiv Gandhi International Stadium, Uppal, Hyderabad",1,5,Sunrisers Hyderabad,Lucknow Super Giants,Abhishek Sharma,TM Head,Mohammed Shami,0,0,0,0,0,0,0,,,,
1527683,2026,2026-04-05,"Rajiv Gandhi International Stadium, Uppal, Hyderabad",1,6,Sunrisers Hyderabad,Lucknow Super Giants,Abhishek Sharma,TM Head,Mohammed Shami,0,0,0,0,0,0,0,caught,Abhishek Sharma,{'name': 'M Siddharth'},
1527683,2026,2026-04-05,"Rajiv Gandhi International Stadium, Uppal, Hyderabad",1,7,Sunrisers Hyderabad,Lucknow Super Giants,TM Head,Ishan Kishan,DS Rathi,4,0,0,0,0,0,0,,,,
1527683,2026,2026-04-05,"Rajiv Gandhi International Stadium, Uppal, Hyderabad",1,8,Sunrisers Hyderabad,Lucknow Super Giants,TM Head,Ishan Kishan,DS Rathi,1,0,0,0,0,0,0,,,,
1527683,2026,2026-04-05,"Rajiv Gandhi International Stadium, Uppal, Hyderabad",1,9,Sunrisers Hyderabad,Lucknow Super Giants,Ishan Kishan,TM Head,DS Rathi,0,0,0,0,0,0,0,,,,
1527683,2026,2026-04-05,"Rajiv Gandhi International Stadium, Uppal, Hyderabad",1,10,Sunrisers Hyderabad,Lucknow Super Giants,Ishan Kishan,TM Head,DS Rathi,0,0,0,0,0,0,0,,,,
1527683,2026,2026-04-05,"Rajiv Gandhi International Stadium, Uppal, Hyderabad",1,11,Sunrisers Hyderabad,Lucknow Super Giants,Ishan Kishan,TM Head,DS Rathi,1,0,0,0,0,0,0,,,,
1527683,2026,2026-04-05,"Rajiv Gandhi International Stadium, Uppal, Hyderabad",1,12,Sunrisers Hyderabad,Lucknow Super Giants,TM Head,Ishan Kishan,DS Rathi,1,0,0,0,0,0,0,,,,
1527683,2026,2026-04-05,"Rajiv Gandhi International Stadium, Uppal, Hyderabad",1,13,Sunrisers Hyderabad,Lucknow Super Giants,TM Head,Ishan Kishan,Mohammed Shami,0,0,0,0,0,0,0,caught,TM Head,{'name': 'AK Markram'},
1527683,2026,2026-04-05,"Rajiv Gandhi International Stadium, Uppal, Hyderabad",1,14,Sunrisers Hyderabad,Lucknow Super Giants,LS Livingstone,Ishan Kishan,Mohammed Shami,0,0,0,0,0,0,0,,,,
1527683,2026,2026-04-05,"Rajiv Gandhi International Stadium, Uppal, Hyderabad",1,15,Sunrisers Hyderabad,Lucknow Super Giants,LS Livingstone,Ishan Kishan,Mohammed Shami,0,1,1,0,0,0,0,,,,
1527683,2026,2026-04-05,"Rajiv Gandhi International Stadium, Uppal, Hyderabad",1,16,Sunrisers Hyderabad,Lucknow Super Giants,LS Livingstone,Ishan Kishan,Mohammed Shami,0,0,0,0,0,0,0,,,,
1527683,2026,2026-04-05,"Rajiv Gandhi International Stadium, Uppal, Hyderabad",1,17,Sunrisers Hyderabad,Lucknow Super Giants,LS Livingstone,Ishan Kishan,Mohammed Shami,0,0,0,0,0,0,0,,,,
1527683,2026,2026-04-05,"Rajiv Gandhi International Stadium, Uppal, Hyderabad",1,18,Sunrisers Hyderabad,Lucknow Super Giants,LS Livingstone,Ishan Kishan,Mohammed Shami,0,0,0,0,0,0,0,,,,
1527683,2026,2026-04-05,"Rajiv Gandhi International Stadium, Uppal, Hyderabad",1,19,Sunrisers Hyderabad,Lucknow Super Giants,LS Livingstone,Ishan Kishan,Mohammed Shami,1,0,0,0,0,0,0,,,,
1527683,2026,2026-04-05,"Rajiv Gandhi International Stadium, Uppal, Hyderabad",1,19,Sunrisers Hyderabad,Lucknow Super Giants,LS Livingstone,Ishan Kishan,Prince Yadav,0,0,0,0,0,0,0,,,,
1527683,2026,2026-04-05,"Rajiv Gandhi International Stadium, Uppal, Hyderabad",1,20,Sunrisers Hyderabad,Lucknow Super Giants,LS Livingstone,Ishan Kishan,Prince Yadav,1,0,0,0,0,0,0,,,,
1527683,2026,2026-04-05,"Rajiv Gandhi International Stadium, Uppal, Hyderabad",1,21,Sunrisers Hyderabad,Lucknow Super Giants,Ishan Kishan,LS Livingstone,Prince Yadav,0,0,0,0,0,0,0,bowled,Ishan Kishan,,
1527683,2026,2026-04-05,"Rajiv Gandhi International Stadium, Uppal, Hyderabad",1,22,Sunrisers Hyderabad,Lucknow Super Giants,H Klaasen,LS Livingstone,Prince Yadav,0,0,0,0,0,0,0,,,,
1527683,2026,2026-04-05,"Rajiv Gandhi International Stadium, Uppal, Hyderabad",1,23,Sunrisers Hyderabad,Lucknow Super Giants,H Klaasen,LS Livingstone,Prince Yadav,0,0,0,0,0,0,0,,,,
1527683,2026,2026-04-05,"Rajiv Gandhi International Stadium, Uppal, Hyderabad",1,24,Sunrisers Hyderabad,Lucknow Super Giants,H Klaasen,LS Livingstone,Prince Yadav,0,0,0,0,0,0,0,,,,
1527683,2026,2026-04-05,"Rajiv Gandhi International Stadium, Uppal, Hyderabad",1,25,Sunrisers Hyderabad,Lucknow Super Giants,LS Livingstone,H Klaasen,Mohammed Shami,0,0,0,0,0,0,0,,,,
1527683,2026,2026-04-05,"Rajiv Gandhi International Stadium, Uppal, Hyderabad",1,26,Sunrisers Hyderabad,Lucknow Super Giants,LS Livingstone,H Klaasen,Mohammed Shami,0,0,0,0,0,0,0,,,,
1527683,2026,2026-04-05,"Rajiv Gandhi International Stadium, Uppal, Hyderabad",1,27,Sunrisers Hyderabad,Lucknow Super Giants,LS Livingstone,H Klaasen,Mohammed Shami,2,0,0,0,0,0,0,,,,
1527683,2026,2026-04-05,"Rajiv Gandhi International Stadium, Uppal, Hyderabad",1,28,Sunrisers Hyderabad,Lucknow Super Giants,LS Livingstone,H Klaasen,Mohammed Shami,0,0,0,0,0,0,0,,,,
1527683,2026,2026-04-05,"Rajiv Gandhi International Stadium, Uppal, Hyderabad",1,29,Sunrisers Hyderabad,Lucknow Super Giants,LS Livingstone,H Klaasen,Mohammed Shami,2,0,0,0,0,0,0,,,,
1527683,2026,2026-04-05,"Rajiv Gandhi International Stadium, Uppal, Hyderabad",1,30,Sunrisers Hyderabad,Lucknow Super Giants,LS Livingstone,H Klaasen,Mohammed Shami,0,0,0,0,0,0,0,,,,
1527683,2026,2026-04-05,"Rajiv Gandhi International Stadium, Uppal, Hyderabad",1,31,Sunrisers Hyderabad,Lucknow Super Giants,H Klaasen,LS Livingstone,M Siddharth,0,0,0,0,0,0,0,,,,
1527683,2026,2026-04-05,"Rajiv Gandhi International Stadium, Uppal, Hyderabad",1,32,Sunrisers Hyderabad,Lucknow Super Giants,H Klaasen,LS Livingstone,M Siddharth,0,0,0,0,0,0,0,,,,
1527683,2026,2026-04-05,"Rajiv Gandhi International Stadium, Uppal, Hyderabad",1,33,Sunrisers Hyderabad,Lucknow Super Giants,H Klaasen,LS Livingstone,M Siddharth,1,0,0,0,0,0,0,,,,
1527683,2026,2026-04-05,"Rajiv Gandhi International Stadium, Uppal, Hyderabad",1,34,Sunrisers Hyderabad,Lucknow Super Giants,LS Livingstone,H Klaasen,M Siddharth,0,0,0,0,0,0,0,,,,
1527683,2026,2026-04-05,"Rajiv Gandhi International Stadium, Uppal, Hyderabad",1,35,Sunrisers Hyderabad,Lucknow Super Giants,LS Livingstone,H Klaasen,M Siddharth,6,0,0,0,0,0,0,,,,
1527683,2026,2026-04-05,"Rajiv Gandhi International Stadium, Uppal, Hyderabad",1,36,Sunrisers Hyderabad,Lucknow Super Giants,LS Livingstone,H Klaasen,M Siddharth,0,0,0,0,0,0,0,,,,
1527683,2026,2026-04-05,"Rajiv Gandhi International Stadium, Uppal, Hyderabad",1,37,Sunrisers Hyderabad,Lucknow Super Giants,H Klaasen,LS Livingstone,Avesh Khan,0,0,0,0,0,0,0,,,,
1527683,2026,2026-04-05,"Rajiv Gandhi International Stadium, Uppal, Hyderabad",1,38,Sunrisers Hyderabad,Lucknow Super Giants,H Klaasen,LS Livingstone,Avesh Khan,1,0,0,0,0,0,0,,,,
1527683,2026,2026-04-05,"Rajiv Gandhi International Stadium, Uppal, Hyderabad",1,39,Sunrisers Hyderabad,Lucknow Super Giants,LS Livingstone,H Klaasen,Avesh Khan,1,0,0,0,0,0,0,,,,
1527683,2026,2026-04-05,"Rajiv Gandhi International Stadium, Uppal, Hyderabad",1,40,Sunrisers Hyderabad,Lucknow Super Giants,H Klaasen,LS Livingstone,Avesh Khan,1,0,0,0,0,0,0,,,,
1527683,2026,2026-04-05,"Rajiv Gandhi International Stadium, Uppal, Hyderabad",1,41,Sunrisers Hyderabad,Lucknow Super Giants,LS Livingstone,H Klaasen,Avesh Khan,0,0,0,0,0,0,0,,,,
1527683,2026,2026-04-05,"Rajiv Gandhi International Stadium, Uppal, Hyderabad",1,42,Sunrisers Hyderabad,Lucknow Super Giants,LS Livingstone,H Klaasen,Avesh Khan,1,0,0,0,0,0,0,,,,
1527683,2026,2026-04-05,"Rajiv Gandhi International Stadium, Uppal, Hyderabad",1,43,Sunrisers Hyderabad,Lucknow Super Giants,LS Livingstone,H Klaasen,DS Rathi,0,0,0,0,0,0,0,caught,LS Livingstone,{'name': 'RR Pant'},
1527683,2026,2026-04-05,"Rajiv Gandhi International Stadium, Uppal, Hyderabad",1,44,Sunrisers Hyderabad,Lucknow Super Giants,Nithish Kumar Reddy,H Klaasen,DS Rathi,0,0,0,0,0,0,0,,,,
1527683,2026,2026-04-05,"Rajiv Gandhi International Stadium, Uppal, Hyderabad",1,45,Sunrisers Hyderabad,Lucknow Super Giants,Nithish Kumar Reddy,H Klaasen,DS Rathi,1,0,0,0,0,0,0,,,,
1527683,2026,2026-04-05,"Rajiv Gandhi International Stadium, Uppal, Hyderabad",1,46,Sunrisers Hyderabad,Lucknow Super Giants,H Klaasen,Nithish Kumar Reddy,DS Rathi,1,0,0,0,0,0,0,,,,
1527683,2026,2026-04-05,"Rajiv Gandhi International Stadium, Uppal, Hyderabad",1,47,Sunrisers Hyderabad,Lucknow Super Giants,Nithish Kumar Reddy,H Klaasen,DS Rathi,0,0,0,0,0,0,0,,,,
1527683,2026,2026-04-05,"Rajiv Gandhi International Stadium, Uppal, Hyderabad",1,48,Sunrisers Hyderabad,Lucknow Super Giants,Nithish Kumar Reddy,H Klaasen,DS Rathi,1,0,0,0,0,0,0,,,,
1527683,2026,2026-04-05,"Rajiv Gandhi International Stadium, Uppal, Hyderabad",1,49,Sunrisers Hyderabad,Lucknow Super Giants,Nithish Kumar Reddy,H Klaasen,Mohammed Shami,0,0,0,0,0,0,0,,,,
1527683,2026,2026-04-05,"Rajiv Gandhi International Stadium, Uppal, Hyderabad",1,50,Sunrisers Hyderabad,Lucknow Super Giants,Nithish Kumar Reddy,H Klaasen,Mohammed Shami,0,0,0,0,0,0,0,,,,
1527683,2026,2026-04-05,"Rajiv Gandhi International Stadium, Uppal, Hyderabad",1,51,Sunrisers Hyderabad,Lucknow Super Giants,Nithish Kumar Reddy,H Klaasen,Mohammed Shami,0,0,0,0,0,0,0,,,,
1527683,2026,2026-04-05,"Rajiv Gandhi International Stadium, Uppal, Hyderabad",1,52,Sunrisers Hyderabad,Lucknow Super Giants,Nithish Kumar Reddy,H Klaasen,Mohammed Shami,1,0,0,0,0,0,0,,,,
1527683,2026,2026-04-05,"Rajiv Gandhi International Stadium, Uppal, Hyderabad",1,53,Sunrisers Hyderabad,Lucknow Super Giants,H Klaasen,Nithish Kumar Reddy,Mohammed Shami,1,0,0,0,0,0,0,,,,
1527683,2026,2026-04-05,"Rajiv Gandhi International Stadium, Uppal, Hyderabad",1,54,Sunrisers Hyderabad,Lucknow Super Giants,Nithish Kumar Reddy,H Klaasen,Mohammed Shami,0,0,0,0,0,0,0,,,,
1527683,2026,2026-04-05,"Rajiv Gandhi International Stadium, Uppal, Hyderabad",1,55,Sunrisers Hyderabad,Lucknow Super Giants,H Klaasen,Nithish Kumar Reddy,M Siddharth,3,0,0,0,0,0,0,,,,
1527683,2026,2026-04-05,"Rajiv Gandhi International Stadium, Uppal, Hyderabad",1,56,Sunrisers Hyderabad,Lucknow Super Giants,Nithish Kumar Reddy,H Klaasen,M Siddharth,0,0,0,0,0,0,0,,,,
1527683,2026,2026-04-05,"Rajiv Gandhi International Stadium, Uppal, Hyderabad",1,57,Sunrisers Hyderabad,Lucknow Super Giants,Nithish Kumar Reddy,H Klaasen,M Siddharth,0,0,0,0,0,0,0,,,,
1527683,2026,2026-04-05,"Rajiv Gandhi International Stadium, Uppal, Hyderabad",1,58,Sunrisers Hyderabad,Lucknow Super Giants,Nithish Kumar Reddy,H Klaasen,M Siddharth,0,0,0,0,0,0,0,,,,
1527683,2026,2026-04-05,"Rajiv Gandhi International Stadium, Uppal, Hyderabad",1,59,Sunrisers Hyderabad,Lucknow Super Giants,Nithish Kumar Reddy,H Klaasen,M Siddharth,1,0,0,0,0,0,0,,,,
1527683,2026,2026-04-05,"Rajiv Gandhi International Stadium, Uppal, Hyderabad",1,60,Sunrisers Hyderabad,Lucknow Super Giants,H Klaasen,Nithish Kumar Reddy,M Siddharth,0,0,0,0,0,0,0,,,,
1527683,2026,2026-04-05,"Rajiv Gandhi International Stadium, Uppal, Hyderabad",1,61,Sunrisers Hyderabad,Lucknow Super Giants,Nithish Kumar Reddy,H Klaasen,Prince Yadav,6,0,0,0,0,0,0,,,,
1527683,2026,2026-04-05,"Rajiv Gandhi International Stadium, Uppal, Hyderabad",1,62,Sunrisers Hyderabad,Lucknow Super Giants,Nithish Kumar Reddy,H Klaasen,Prince Yadav,1,0,0,0,0,0,0,,,,
1527683,2026,2026-04-05,"Rajiv Gandhi International Stadium, Uppal, Hyderabad",1,63,Sunrisers Hyderabad,Lucknow Super Giants,H Klaasen,Nithish Kumar Reddy,Prince Yadav,1,0,0,0,0,0,0,,,,
1527683,2026,2026-04-05,"Rajiv Gandhi International Stadium, Uppal, Hyderabad",1,64,Sunrisers Hyderabad,Lucknow Super Giants,Nithish Kumar Reddy,H Klaasen,Prince Yadav,1,0,0,0,0,0,0,,,,
1527683,2026,2026-04-05,"Rajiv Gandhi International Stadium, Uppal, Hyderabad",1,65,Sunrisers Hyderabad,Lucknow Super Giants,H Klaasen,Nithish Kumar Reddy,Prince Yadav,6,0,0,0,0,0,0,,,,
1527683,2026,2026-04-05,"Rajiv Gandhi International Stadium, Uppal, Hyderabad",1,66,Sunrisers Hyderabad,Lucknow Super Giants,H Klaasen,Nithish Kumar Reddy,Prince Yadav,1,0,0,0,0,0,0,,,,
1527683,2026,2026-04-05,"Rajiv Gandhi International Stadium, Uppal, Hyderabad",1,67,Sunrisers Hyderabad,Lucknow Super Giants,H Klaasen,Nithish Kumar Reddy,DS Rathi,1,0,0,0,0,0,0,,,,
1527683,2026,2026-04-05,"Rajiv Gandhi International Stadium, Uppal, Hyderabad",1,68,Sunrisers Hyderabad,Lucknow Super Giants,Nithish Kumar Reddy,H Klaasen,DS Rathi,4,0,0,0,0,0,0,,,,
1527683,2026,2026-04-05,"Rajiv Gandhi International Stadium, Uppal, Hyderabad",1,69,Sunrisers Hyderabad,Lucknow Super Giants,Nithish Kumar Reddy,H Klaasen,DS Rathi,4,0,0,0,0,0,0,,,,
1527683,2026,2026-04-05,"Rajiv Gandhi International Stadium, Uppal, Hyderabad",1,70,Sunrisers Hyderabad,Lucknow Super Giants,Nithish Kumar Reddy,H Klaasen,DS Rathi,2,0,0,0,0,0,0,,,,
1527683,2026,2026-04-05,"Rajiv Gandhi International Stadium, Uppal, Hyderabad",1,71,Sunrisers Hyderabad,Lucknow Super Giants,Nithish Kumar Reddy,H Klaasen,DS Rathi,1,0,0,0,0,0,0,,,,
1527683,2026,2026-04-05,"Rajiv Gandhi International Stadium, Uppal, Hyderabad",1,72,Sunrisers Hyderabad,Lucknow Super Giants,H Klaasen,Nithish Kumar Reddy,DS Rathi,2,0,0,0,0,0,0,,,,
1527683,2026,2026-04-05,"Rajiv Gandhi International Stadium, Uppal, Hyderabad",1,73,Sunrisers Hyderabad,Lucknow Super Giants,Nithish Kumar Reddy,H Klaasen,M Siddharth,4,0,0,0,0,0,0,,,,
1527683,2026,2026-04-05,"Rajiv Gandhi International Stadium, Uppal, Hyderabad",1,74,Sunrisers Hyderabad,Lucknow Super Giants,Nithish Kumar Reddy,H Klaasen,M Siddharth,1,0,0,0,0,0,0,,,,
1527683,2026,2026-04-05,"Rajiv Gandhi International Stadium, Uppal, Hyderabad",1,75,Sunrisers Hyderabad,Lucknow Super Giants,H Klaasen,Nithish Kumar Reddy,M Siddharth,1,0,0,0,0,0,0,,,,
1527683,2026,2026-04-05,"Rajiv Gandhi International Stadium, Uppal, Hyderabad",1,76,Sunrisers Hyderabad,Lucknow Super Giants,Nithish Kumar Reddy,H Klaasen,M Siddharth,1,0,0,0,0,0,0,,,,
1527683,2026,2026-04-05,"Rajiv Gandhi International Stadium, Uppal, Hyderabad",1,77,Sunrisers Hyderabad,Lucknow Super Giants,H Klaasen,Nithish Kumar Reddy,M Siddharth,0,0,0,0,0,0,0,,,,
1527683,2026,2026-04-05,"Rajiv Gandhi International Stadium, Uppal, Hyderabad",1,78,Sunrisers Hyderabad,Lucknow Super Giants,H Klaasen,Nithish Kumar Reddy,M Siddharth,1,0,0,0,0,0,0,,,,
1527683,2026,2026-04-05,"Rajiv Gandhi International Stadium, Uppal, Hyderabad",1,79,Sunrisers Hyderabad,Lucknow Super Giants,H Klaasen,Nithish Kumar Reddy,Avesh Khan,4,0,0,0,0,0,0,,,,
1527683,2026,2026-04-05,"Rajiv Gandhi International Stadium, Uppal, Hyderabad",1,80,Sunrisers Hyderabad,Lucknow Super Giants,H Klaasen,Nithish Kumar Reddy,Avesh Khan,4,0,0,0,0,0,0,,,,
1527683,2026,2026-04-05,"Rajiv Gandhi International Stadium, Uppal, Hyderabad",1,81,Sunrisers Hyderabad,Lucknow Super Giants,H Klaasen,Nithish Kumar Reddy,Avesh Khan,2,0,0,0,0,0,0,,,,
1527683,2026,2026-04-05,"Rajiv Gandhi International Stadium, Uppal, Hyderabad",1,82,Sunrisers Hyderabad,Lucknow Super Giants,H Klaasen,Nithish Kumar Reddy,Avesh Khan,4,0,0,0,0,0,0,,,,
1527683,2026,2026-04-05,"Rajiv Gandhi International Stadium, Uppal, Hyderabad",1,83,Sunrisers Hyderabad,Lucknow Super Giants,H Klaasen,Nithish Kumar Reddy,Avesh Khan,4,0,0,0,0,0,0,,,,
1527683,2026,2026-04-05,"Rajiv Gandhi International Stadium, Uppal, Hyderabad",1,84,Sunrisers Hyderabad,Lucknow Super Giants,H Klaasen,Nithish Kumar Reddy,Avesh Khan,1,0,0,0,0,0,0,,,,
1527683,2026,2026-04-05,"Rajiv Gandhi International Stadium, Uppal, Hyderabad",1,85,Sunrisers Hyderabad,Lucknow Super Giants,H Klaasen,Nithish Kumar Reddy,DS Rathi,1,0,0,0,0,0,0,,,,
1527683,2026,2026-04-05,"Rajiv Gandhi International Stadium, Uppal, Hyderabad",1,86,Sunrisers Hyderabad,Lucknow Super Giants,Nithish Kumar Reddy,H Klaasen,DS Rathi,6,0,0,0,0,0,0,,,,
1527683,2026,2026-04-05,"Rajiv Gandhi International Stadium, Uppal, Hyderabad",1,87,Sunrisers Hyderabad,Lucknow Super Giants,Nithish Kumar Reddy,H Klaasen,DS Rathi,6,0,0,0,0,0,0,,,,
1527683,2026,2026-04-05,"Rajiv Gandhi International Stadium, Uppal, Hyderabad",1,88,Sunrisers Hyderabad,Lucknow Super Giants,Nithish Kumar Reddy,H Klaasen,DS Rathi,1,0,0,0,0,0,0,,,,
1527683,2026,2026-04-05,"Rajiv Gandhi International Stadium, Uppal, Hyderabad",1,89,Sunrisers Hyderabad,Lucknow Super Giants,H Klaasen,Nithish Kumar Reddy,DS Rathi,0,1,1,0,0,0,0,,,,
1527683,2026,2026-04-05,"Rajiv Gandhi International Stadium, Uppal, Hyderabad",1,90,Sunrisers Hyderabad,Lucknow Super Giants,H Klaasen,Nithish Kumar Reddy,DS Rathi,1,0,0,0,0,0,0,,,,
1527683,2026,2026-04-05,"Rajiv Gandhi International Stadium, Uppal, Hyderabad",1,91,Sunrisers Hyderabad,Lucknow Super Giants,Nithish Kumar Reddy,H Klaasen,DS Rathi,6,0,0,0,0,0,0,,,,
1527683,2026,2026-04-05,"Rajiv Gandhi International Stadium, Uppal, Hyderabad",1,91,Sunrisers Hyderabad,Lucknow Super Giants,H Klaasen,Nithish Kumar Reddy,Prince Yadav,6,0,0,0,0,0,0,,,,
1527683,2026,2026-04-05,"Rajiv Gandhi International Stadium, Uppal, Hyderabad",1,92,Sunrisers Hyderabad,Lucknow Super Giants,H Klaasen,Nithish Kumar Reddy,Prince Yadav,1,0,0,0,0,0,0,,,,
1527683,2026,2026-04-05,"Rajiv Gandhi International Stadium, Uppal, Hyderabad",1,93,Sunrisers Hyderabad,Lucknow Super Giants,Nithish Kumar Reddy,H Klaasen,Prince Yadav,0,0,0,0,0,0,0,,,,
1527683,2026,2026-04-05,"Rajiv Gandhi International Stadium, Uppal, Hyderabad",1,94,Sunrisers Hyderabad,Lucknow Super Giants,Nithish Kumar Reddy,H Klaasen,Prince Yadav,1,0,0,0,0,0,0,,,,
1527683,2026,2026-04-05,"Rajiv Gandhi International Stadium, Uppal, Hyderabad",1,95,Sunrisers Hyderabad,Lucknow Super Giants,H Klaasen,Nithish Kumar Reddy,Prince Yadav,0,0,0,0,0,0,0,,,,
1527683,2026,2026-04-05,"Rajiv Gandhi International Stadium, Uppal, Hyderabad",1,96,Sunrisers Hyderabad,Lucknow Super Giants,H Klaasen,Nithish Kumar Reddy,Prince Yadav,1,0,0,0,0,0,0,,,,
1527683,2026,2026-04-05,"Rajiv Gandhi International Stadium, Uppal, Hyderabad",1,97,Sunrisers Hyderabad,Lucknow Super Giants,H Klaasen,Nithish Kumar Reddy,Avesh Khan,1,0,0,0,0,0,0,,,,
1527683,2026,2026-04-05,"Rajiv Gandhi International Stadium, Uppal, Hyderabad",1,98,Sunrisers Hyderabad,Lucknow Super Giants,Nithish Kumar Reddy,H Klaasen,Avesh Khan,1,0,0,0,0,0,0,,,,
1527683,2026,2026-04-05,"Rajiv Gandhi International Stadium, Uppal, Hyderabad",1,99,Sunrisers Hyderabad,Lucknow Super Giants,H Klaasen,Nithish Kumar Reddy,Avesh Khan,2,0,0,0,0,0,0,,,,
1527683,2026,2026-04-05,"Rajiv Gandhi International Stadium, Uppal, Hyderabad",1,100,Sunrisers Hyderabad,Lucknow Super Giants,H Klaasen,Nithish Kumar Reddy,Avesh Khan,1,0,0,0,0,0,0,,,,
1527683,2026,2026-04-05,"Rajiv Gandhi International Stadium, Uppal, Hyderabad",1,101,Sunrisers Hyderabad,Lucknow Super Giants,Nithish Kumar Reddy,H Klaasen,Avesh Khan,0,0,0,0,0,0,0,,,,
1527683,2026,2026-04-05,"Rajiv Gandhi International Stadium, Uppal, Hyderabad",1,102,Sunrisers Hyderabad,Lucknow Super Giants,Nithish Kumar Reddy,H Klaasen,Avesh Khan,6,0,0,0,0,0,0,,,,
1527683,2026,2026-04-05,"Rajiv Gandhi International Stadium, Uppal, Hyderabad",1,103,Sunrisers Hyderabad,Lucknow Super Giants,H Klaasen,Nithish Kumar Reddy,M Siddharth,4,0,0,0,0,0,0,,,,
1527683,2026,2026-04-05,"Rajiv Gandhi International Stadium, Uppal, Hyderabad",1,104,Sunrisers Hyderabad,Lucknow Super Giants,H Klaasen,Nithish Kumar Reddy,M Siddharth,2,0,0,0,0,0,0,,,,
1527683,2026,2026-04-05,"Rajiv Gandhi International Stadium, Uppal, Hyderabad",1,105,Sunrisers Hyderabad,Lucknow Super Giants,H Klaasen,Nithish Kumar Reddy,M Siddharth,1,0,0,0,0,0,0,,,,
1527683,2026,2026-04-05,"Rajiv Gandhi International Stadium, Uppal, Hyderabad",1,106,Sunrisers Hyderabad,Lucknow Super Giants,Nithish Kumar Reddy,H Klaasen,M Siddharth,0,1,1,0,0,0,0,,,,
1527683,2026,2026-04-05,"Rajiv Gandhi International Stadium, Uppal, Hyderabad",1,107,Sunrisers Hyderabad,Lucknow Super Giants,Nithish Kumar Reddy,H Klaasen,M Siddharth,0,0,0,0,0,0,0,caught,Nithish Kumar Reddy,{'name': 'Prince Yadav'},
1527683,2026,2026-04-05,"Rajiv Gandhi International Stadium, Uppal, Hyderabad",1,108,Sunrisers Hyderabad,Lucknow Super Giants,Aniket Verma,H Klaasen,M Siddharth,1,0,0,0,0,0,0,,,,
1527683,2026,2026-04-05,"Rajiv Gandhi International Stadium, Uppal, Hyderabad",1,109,Sunrisers Hyderabad,Lucknow Super Giants,H Klaasen,Aniket Verma,M Siddharth,1,0,0,0,0,0,0,,,,
1527683,2026,2026-04-05,"Rajiv Gandhi International Stadium, Uppal, Hyderabad",1,109,Sunrisers Hyderabad,Lucknow Super Giants,H Klaasen,Aniket Verma,Avesh Khan,0,0,0,0,0,0,0,caught,H Klaasen,{'name': 'RR Pant'},
1527683,2026,2026-04-05,"Rajiv Gandhi International Stadium, Uppal, Hyderabad",1,110,Sunrisers Hyderabad,Lucknow Super Giants,Harsh Dubey,Aniket Verma,Avesh Khan,0,0,0,0,0,0,0,bowled,Harsh Dubey,,
1527683,2026,2026-04-05,"Rajiv Gandhi International Stadium, Uppal, Hyderabad",1,111,Sunrisers Hyderabad,Lucknow Super Giants,Shivang Kumar,Aniket Verma,Avesh Khan,0,0,0,0,0,0,0,,,,
1527683,2026,2026-04-05,"Rajiv Gandhi International Stadium, Uppal, Hyderabad",1,112,Sunrisers Hyderabad,Lucknow Super Giants,Shivang Kumar,Aniket Verma,Avesh Khan,1,0,0,0,0,0,0,,,,
1527683,2026,2026-04-05,"Rajiv Gandhi International Stadium, Uppal, Hyderabad",1,113,Sunrisers Hyderabad,Lucknow Super Giants,Aniket Verma,Shivang Kumar,Avesh Khan,0,0,0,0,0,0,0,,,,
1527683,2026,2026-04-05,"Rajiv Gandhi International Stadium, Uppal, Hyderabad",1,114,Sunrisers Hyderabad,Lucknow Super Giants,Aniket Verma,Shivang Kumar,Avesh Khan,1,0,0,0,0,0,0,,,,
1527683,2026,2026-04-05,"Rajiv Gandhi International Stadium, Uppal, Hyderabad",1,115,Sunrisers Hyderabad,Lucknow Super Giants,Aniket Verma,Shivang Kumar,Prince Yadav,0,1,0,0,0,1,0,,,,
1527683,2026,2026-04-05,"Rajiv Gandhi International Stadium, Uppal, Hyderabad",1,116,Sunrisers Hyderabad,Lucknow Super Giants,Shivang Kumar,Aniket Verma,Prince Yadav,4,0,0,0,0,0,0,,,,
1527683,2026,2026-04-05,"Rajiv Gandhi International Stadium, Uppal, Hyderabad",1,117,Sunrisers Hyderabad,Lucknow Super Giants,Shivang Kumar,Aniket Verma,Prince Yadav,0,0,0,0,0,0,0,bowled,Shivang Kumar,,
1527683,2026,2026-04-05,"Rajiv Gandhi International Stadium, Uppal, Hyderabad",1,118,Sunrisers Hyderabad,Lucknow Super Giants,HV Patel,Aniket Verma,Prince Yadav,4,0,0,0,0,0,0,,,,
1527683,2026,2026-04-05,"Rajiv Gandhi International Stadium, Uppal, Hyderabad",1,119,Sunrisers Hyderabad,Lucknow Super Giants,HV Patel,Aniket Verma,Prince Yadav,0,1,0,0,1,0,0,,,,
1527683,2026,2026-04-05,"Rajiv Gandhi International Stadium, Uppal, Hyderabad",1,120,Sunrisers Hyderabad,Lucknow Super Giants,Aniket Verma,HV Patel,Prince Yadav,0,0,0,0,0,0,0,run out,HV Patel,{'name': 'RR Pant'},
1527683,2026,2026-04-05,"Rajiv Gandhi International Stadium, Uppal, Hyderabad",2,1,Lucknow Super Giants,Sunrisers Hyderabad,AK Markram,MR Marsh,Harsh Dubey,1,0,0,0,0,0,0,,,,
1527683,2026,2026-04-05,"Rajiv Gandhi International Stadium, Uppal, Hyderabad",2,2,Lucknow Super Giants,Sunrisers Hyderabad,MR Marsh,AK Markram,Harsh Dubey,1,0,0,0,0,0,0,,,,
1527683,2026,2026-04-05,"Rajiv Gandhi International Stadium, Uppal, Hyderabad",2,3,Lucknow Super Giants,Sunrisers Hyderabad,AK Markram,MR Marsh,Harsh Dubey,0,0,0,0,0,0,0,,,,
1527683,2026,2026-04-05,"Rajiv Gandhi International Stadium, Uppal, Hyderabad",2,4,Lucknow Super Giants,Sunrisers Hyderabad,AK Markram,MR Marsh,Harsh Dubey,0,0,0,0,0,0,0,,,,
1527683,2026,2026-04-05,"Rajiv Gandhi International Stadium, Uppal, Hyderabad",2,5,Lucknow Super Giants,Sunrisers Hyderabad,AK Markram,MR Marsh,Harsh Dubey,0,0,0,0,0,0,0,,,,
1527683,2026,2026-04-05,"Rajiv Gandhi International Stadium, Uppal, Hyderabad",2,6,Lucknow Super Giants,Sunrisers Hyderabad,AK Markram,MR Marsh,Harsh Dubey,0,0,0,0,0,0,0,,,,
1527683,2026,2026-04-05,"Rajiv Gandhi International Stadium, Uppal, Hyderabad",2,7,Lucknow Super Giants,Sunrisers Hyderabad,MR Marsh,AK Markram,Nithish Kumar Reddy,1,0,0,0,0,0,0,,,,
1527683,2026,2026-04-05,"Rajiv Gandhi International Stadium, Uppal, Hyderabad",2,8,Lucknow Super Giants,Sunrisers Hyderabad,AK Markram,MR Marsh,Nithish Kumar Reddy,0,0,0,0,0,0,0,,,,
1527683,2026,2026-04-05,"Rajiv Gandhi International Stadium, Uppal, Hyderabad",2,9,Lucknow Super Giants,Sunrisers Hyderabad,AK Markram,MR Marsh,Nithish Kumar Reddy,4,0,0,0,0,0,0,,,,
1527683,2026,2026-04-05,"Rajiv Gandhi International Stadium, Uppal, Hyderabad",2,10,Lucknow Super Giants,Sunrisers Hyderabad,AK Markram,MR Marsh,Nithish Kumar Reddy,4,0,0,0,0,0,0,,,,
1527683,2026,2026-04-05,"Rajiv Gandhi International Stadium, Uppal, Hyderabad",2,11,Lucknow Super Giants,Sunrisers Hyderabad,AK Markram,MR Marsh,Nithish Kumar Reddy,1,0,0,0,0,0,0,,,,
1527683,2026,2026-04-05,"Rajiv Gandhi International Stadium, Uppal, Hyderabad",2,12,Lucknow Super Giants,Sunrisers Hyderabad,MR Marsh,AK Markram,Nithish Kumar Reddy,4,0,0,0,0,0,0,,,,
1527683,2026,2026-04-05,"Rajiv Gandhi International Stadium, Uppal, Hyderabad",2,13,Lucknow Super Giants,Sunrisers Hyderabad,AK Markram,MR Marsh,Harsh Dubey,1,0,0,0,0,0,0,,,,
1527683,2026,2026-04-05,"Rajiv Gandhi International Stadium, Uppal, Hyderabad",2,14,Lucknow Super Giants,Sunrisers Hyderabad,MR Marsh,AK Markram,Harsh Dubey,1,0,0,0,0,0,0,,,,
1527683,2026,2026-04-05,"Rajiv Gandhi International Stadium, Uppal, Hyderabad",2,15,Lucknow Super Giants,Sunrisers Hyderabad,AK Markram,MR Marsh,Harsh Dubey,4,0,0,0,0,0,0,,,,
1527683,2026,2026-04-05,"Rajiv Gandhi International Stadium, Uppal, Hyderabad",2,16,Lucknow Super Giants,Sunrisers Hyderabad,AK Markram,MR Marsh,Harsh Dubey,1,0,0,0,0,0,0,,,,
1527683,2026,2026-04-05,"Rajiv Gandhi International Stadium, Uppal, Hyderabad",2,17,Lucknow Super Giants,Sunrisers Hyderabad,MR Marsh,AK Markram,Harsh Dubey,0,0,0,0,0,0,0,,,,
1527683,2026,2026-04-05,"Rajiv Gandhi International Stadium, Uppal, Hyderabad",2,18,Lucknow Super Giants,Sunrisers Hyderabad,MR Marsh,AK Markram,Harsh Dubey,1,0,0,0,0,0,0,,,,
1527683,2026,2026-04-05,"Rajiv Gandhi International Stadium, Uppal, Hyderabad",2,19,Lucknow Super Giants,Sunrisers Hyderabad,MR Marsh,AK Markram,JD Unadkat,1,0,0,0,0,0,0,,,,
1527683,2026,2026-04-05,"Rajiv Gandhi International Stadium, Uppal, Hyderabad",2,20,Lucknow Super Giants,Sunrisers Hyderabad,AK Markram,MR Marsh,JD Unadkat,0,0,0,0,0,0,0,,,,
1527683,2026,2026-04-05,"Rajiv Gandhi International Stadium, Uppal, Hyderabad",2,21,Lucknow Super Giants,Sunrisers Hyderabad,AK Markram,MR Marsh,JD Unadkat,6,0,0,0,0,0,0,,,,
1527683,2026,2026-04-05,"Rajiv Gandhi International Stadium, Uppal, Hyderabad",2,22,Lucknow Super Giants,Sunrisers Hyderabad,AK Markram,MR Marsh,JD Unadkat,0,0,0,0,0,0,0,,,,
1527683,2026,2026-04-05,"Rajiv Gandhi International Stadium, Uppal, Hyderabad",2,23,Lucknow Super Giants,Sunrisers Hyderabad,AK Markram,MR Marsh,JD Unadkat,1,0,0,0,0,0,0,,,,
1527683,2026,2026-04-05,"Rajiv Gandhi International Stadium, Uppal, Hyderabad",2,24,Lucknow Super Giants,Sunrisers Hyderabad,MR Marsh,AK Markram,JD Unadkat,1,0,0,0,0,0,0,,,,
1527683,2026,2026-04-05,"Rajiv Gandhi International Stadium, Uppal, Hyderabad",2,25,Lucknow Super Giants,Sunrisers Hyderabad,MR Marsh,AK Markram,E Malinga,0,0,0,0,0,0,0,,,,
1527683,2026,2026-04-05,"Rajiv Gandhi International Stadium, Uppal, Hyderabad",2,26,Lucknow Super Giants,Sunrisers Hyderabad,MR Marsh,AK Markram,E Malinga,0,0,0,0,0,0,0,,,,
1527683,2026,2026-04-05,"Rajiv Gandhi International Stadium, Uppal, Hyderabad",2,27,Lucknow Super Giants,Sunrisers Hyderabad,MR Marsh,AK Markram,E Malinga,4,0,0,0,0,0,0,,,,
1527683,2026,2026-04-05,"Rajiv Gandhi International Stadium, Uppal, Hyderabad",2,28,Lucknow Super Giants,Sunrisers Hyderabad,MR Marsh,AK Markram,E Malinga,0,0,0,0,0,0,0,caught,MR Marsh,{'name': 'Nithish Kumar Reddy'},
1527683,2026,2026-04-05,"Rajiv Gandhi International Stadium, Uppal, Hyderabad",2,29,Lucknow Super Giants,Sunrisers Hyderabad,RR Pant,AK Markram,E Malinga,0,0,0,0,0,0,0,,,,
1527683,2026,2026-04-05,"Rajiv Gandhi International Stadium, Uppal, Hyderabad",2,30,Lucknow Super Giants,Sunrisers Hyderabad,RR Pant,AK Markram,E Malinga,1,0,0,0,0,0,0,,,,
1527683,2026,2026-04-05,"Rajiv Gandhi International Stadium, Uppal, Hyderabad",2,31,Lucknow Super Giants,Sunrisers Hyderabad,RR Pant,AK Markram,JD Unadkat,1,0,0,0,0,0,0,,,,
1527683,2026,2026-04-05,"Rajiv Gandhi International Stadium, Uppal, Hyderabad",2,32,Lucknow Super Giants,Sunrisers Hyderabad,AK Markram,RR Pant,JD Unadkat,4,0,0,0,0,0,0,,,,
1527683,2026,2026-04-05,"Rajiv Gandhi International Stadium, Uppal, Hyderabad",2,33,Lucknow Super Giants,Sunrisers Hyderabad,AK Markram,RR Pant,JD Unadkat,0,0,0,0,0,0,0,,,,
1527683,2026,2026-04-05,"Rajiv Gandhi International Stadium, Uppal, Hyderabad",2,34,Lucknow Super Giants,Sunrisers Hyderabad,AK Markram,RR Pant,JD Unadkat,4,0,0,0,0,0,0,,,,
1527683,2026,2026-04-05,"Rajiv Gandhi International Stadium, Uppal, Hyderabad",2,35,Lucknow Super Giants,Sunrisers Hyderabad,AK Markram,RR Pant,JD Unadkat,0,0,0,0,0,0,0,,,,
1527683,2026,2026-04-05,"Rajiv Gandhi International Stadium, Uppal, Hyderabad",2,36,Lucknow Super Giants,Sunrisers Hyderabad,AK Markram,RR Pant,JD Unadkat,6,0,0,0,0,0,0,,,,
1527683,2026,2026-04-05,"Rajiv Gandhi International Stadium, Uppal, Hyderabad",2,37,Lucknow Super Giants,Sunrisers Hyderabad,RR Pant,AK Markram,HV Patel,0,0,0,0,0,0,0,,,,
1527683,2026,2026-04-05,"Rajiv Gandhi International Stadium, Uppal, Hyderabad",2,38,Lucknow Super Giants,Sunrisers Hyderabad,RR Pant,AK Markram,HV Patel,1,0,0,0,0,0,0,,,,
1527683,2026,2026-04-05,"Rajiv Gandhi International Stadium, Uppal, Hyderabad",2,39,Lucknow Super Giants,Sunrisers Hyderabad,AK Markram,RR Pant,HV Patel,1,0,0,0,0,0,0,,,,
1527683,2026,2026-04-05,"Rajiv Gandhi International Stadium, Uppal, Hyderabad",2,40,Lucknow Super Giants,Sunrisers Hyderabad,RR Pant,AK Markram,HV Patel,1,0,0,0,0,0,0,,,,
1527683,2026,2026-04-05,"Rajiv Gandhi International Stadium, Uppal, Hyderabad",2,41,Lucknow Super Giants,Sunrisers Hyderabad,AK Markram,RR Pant,HV Patel,1,0,0,0,0,0,0,,,,
1527683,2026,2026-04-05,"Rajiv Gandhi International Stadium, Uppal, Hyderabad",2,42,Lucknow Super Giants,Sunrisers Hyderabad,RR Pant,AK Markram,HV Patel,0,0,0,0,0,0,0,,,,
1527683,2026,2026-04-05,"Rajiv Gandhi International Stadium, Uppal, Hyderabad",2,43,Lucknow Super Giants,Sunrisers Hyderabad,AK Markram,RR Pant,Shivang Kumar,1,0,0,0,0,0,0,,,,
1527683,2026,2026-04-05,"Rajiv Gandhi International Stadium, Uppal, Hyderabad",2,44,Lucknow Super Giants,Sunrisers Hyderabad,RR Pant,AK Markram,Shivang Kumar,2,0,0,0,0,0,0,,,,
1527683,2026,2026-04-05,"Rajiv Gandhi International Stadium, Uppal, Hyderabad",2,45,Lucknow Super Giants,Sunrisers Hyderabad,RR Pant,AK Markram,Shivang Kumar,1,0,0,0,0,0,0,,,,
1527683,2026,2026-04-05,"Rajiv Gandhi International Stadium, Uppal, Hyderabad",2,46,Lucknow Super Giants,Sunrisers Hyderabad,AK Markram,RR Pant,Shivang Kumar,4,0,0,0,0,0,0,,,,
1527683,2026,2026-04-05,"Rajiv Gandhi International Stadium, Uppal, Hyderabad",2,47,Lucknow Super Giants,Sunrisers Hyderabad,AK Markram,RR Pant,Shivang Kumar,1,0,0,0,0,0,0,,,,
1527683,2026,2026-04-05,"Rajiv Gandhi International Stadium, Uppal, Hyderabad",2,48,Lucknow Super Giants,Sunrisers Hyderabad,RR Pant,AK Markram,Shivang Kumar,0,1,0,0,1,0,0,,,,
1527683,2026,2026-04-05,"Rajiv Gandhi International Stadium, Uppal, Hyderabad",2,49,Lucknow Super Giants,Sunrisers Hyderabad,RR Pant,AK Markram,E Malinga,2,0,0,0,0,0,0,,,,
1527683,2026,2026-04-05,"Rajiv Gandhi International Stadium, Uppal, Hyderabad",2,50,Lucknow Super Giants,Sunrisers Hyderabad,RR Pant,AK Markram,E Malinga,4,0,0,0,0,0,0,,,,
1527683,2026,2026-04-05,"Rajiv Gandhi International Stadium, Uppal, Hyderabad",2,51,Lucknow Super Giants,Sunrisers Hyderabad,RR Pant,AK Markram,E Malinga,0,0,0,0,0,0,0,,,,
1527683,2026,2026-04-05,"Rajiv Gandhi International Stadium, Uppal, Hyderabad",2,52,Lucknow Super Giants,Sunrisers Hyderabad,RR Pant,AK Markram,E Malinga,0,0,0,0,0,0,0,,,,
1527683,2026,2026-04-05,"Rajiv Gandhi International Stadium, Uppal, Hyderabad",2,53,Lucknow Super Giants,Sunrisers Hyderabad,RR Pant,AK Markram,E Malinga,2,0,0,0,0,0,0,,,,
1527683,2026,2026-04-05,"Rajiv Gandhi International Stadium, Uppal, Hyderabad",2,54,Lucknow Super Giants,Sunrisers Hyderabad,RR Pant,AK Markram,E Malinga,1,0,0,0,0,0,0,,,,
1527683,2026,2026-04-05,"Rajiv Gandhi International Stadium, Uppal, Hyderabad",2,55,Lucknow Super Giants,Sunrisers Hyderabad,RR Pant,AK Markram,Shivang Kumar,1,0,0,0,0,0,0,,,,
1527683,2026,2026-04-05,"Rajiv Gandhi International Stadium, Uppal, Hyderabad",2,56,Lucknow Super Giants,Sunrisers Hyderabad,AK Markram,RR Pant,Shivang Kumar,0,0,0,0,0,0,0,caught,AK Markram,{'name': 'LS Livingstone'},
1527683,2026,2026-04-05,"Rajiv Gandhi International Stadium, Uppal, Hyderabad",2,57,Lucknow Super Giants,Sunrisers Hyderabad,A Badoni,RR Pant,Shivang Kumar,1,0,0,0,0,0,0,,,,
1527683,2026,2026-04-05,"Rajiv Gandhi International Stadium, Uppal, Hyderabad",2,58,Lucknow Super Giants,Sunrisers Hyderabad,RR Pant,A Badoni,Shivang Kumar,1,0,0,0,0,0,0,,,,
1527683,2026,2026-04-05,"Rajiv Gandhi International Stadium, Uppal, Hyderabad",2,59,Lucknow Super Giants,Sunrisers Hyderabad,A Badoni,RR Pant,Shivang Kumar,1,0,0,0,0,0,0,,,,
1527683,2026,2026-04-05,"Rajiv Gandhi International Stadium, Uppal, Hyderabad",2,60,Lucknow Super Giants,Sunrisers Hyderabad,RR Pant,A Badoni,Shivang Kumar,1,0,0,0,0,0,0,,,,
1527683,2026,2026-04-05,"Rajiv Gandhi International Stadium, Uppal, Hyderabad",2,61,Lucknow Super Giants,Sunrisers Hyderabad,RR Pant,A Badoni,HV Patel,1,0,0,0,0,0,0,,,,
1527683,2026,2026-04-05,"Rajiv Gandhi International Stadium, Uppal, Hyderabad",2,62,Lucknow Super Giants,Sunrisers Hyderabad,A Badoni,RR Pant,HV Patel,4,0,0,0,0,0,0,,,,
1527683,2026,2026-04-05,"Rajiv Gandhi International Stadium, Uppal, Hyderabad",2,63,Lucknow Super Giants,Sunrisers Hyderabad,A Badoni,RR Pant,HV Patel,1,0,0,0,0,0,0,,,,
1527683,2026,2026-04-05,"Rajiv Gandhi International Stadium, Uppal, Hyderabad",2,64,Lucknow Super Giants,Sunrisers Hyderabad,RR Pant,A Badoni,HV Patel,0,0,0,0,0,0,0,,,,
1527683,2026,2026-04-05,"Rajiv Gandhi International Stadium, Uppal, Hyderabad",2,65,Lucknow Super Giants,Sunrisers Hyderabad,RR Pant,A Badoni,HV Patel,1,0,0,0,0,0,0,,,,
1527683,2026,2026-04-05,"Rajiv Gandhi International Stadium, Uppal, Hyderabad",2,66,Lucknow Super Giants,Sunrisers Hyderabad,A Badoni,RR Pant,HV Patel,1,0,0,0,0,0,0,,,,
1527683,2026,2026-04-05,"Rajiv Gandhi International Stadium, Uppal, Hyderabad",2,67,Lucknow Super Giants,Sunrisers Hyderabad,A Badoni,RR Pant,Shivang Kumar,2,0,0,0,0,0,0,,,,
1527683,2026,2026-04-05,"Rajiv Gandhi International Stadium, Uppal, Hyderabad",2,68,Lucknow Super Giants,Sunrisers Hyderabad,A Badoni,RR Pant,Shivang Kumar,1,0,0,0,0,0,0,,,,
1527683,2026,2026-04-05,"Rajiv Gandhi International Stadium, Uppal, Hyderabad",2,69,Lucknow Super Giants,Sunrisers Hyderabad,RR Pant,A Badoni,Shivang Kumar,1,0,0,0,0,0,0,,,,
1527683,2026,2026-04-05,"Rajiv Gandhi International Stadium, Uppal, Hyderabad",2,70,Lucknow Super Giants,Sunrisers Hyderabad,A Badoni,RR Pant,Shivang Kumar,1,0,0,0,0,0,0,,,,
1527683,2026,2026-04-05,"Rajiv Gandhi International Stadium, Uppal, Hyderabad",2,71,Lucknow Super Giants,Sunrisers Hyderabad,RR Pant,A Badoni,Shivang Kumar,4,0,0,0,0,0,0,,,,
1527683,2026,2026-04-05,"Rajiv Gandhi International Stadium, Uppal, Hyderabad",2,72,Lucknow Super Giants,Sunrisers Hyderabad,RR Pant,A Badoni,Shivang Kumar,4,0,0,0,0,0,0,,,,
1527683,2026,2026-04-05,"Rajiv Gandhi International Stadium, Uppal, Hyderabad",2,73,Lucknow Super Giants,Sunrisers Hyderabad,A Badoni,RR Pant,Harsh Dubey,0,0,0,0,0,0,0,stumped,A Badoni,{'name': 'Ishan Kishan'},
1527683,2026,2026-04-05,"Rajiv Gandhi International Stadium, Uppal, Hyderabad",2,74,Lucknow Super Giants,Sunrisers Hyderabad,N Pooran,RR Pant,Harsh Dubey,0,0,0,0,0,0,0,,,,
1527683,2026,2026-04-05,"Rajiv Gandhi International Stadium, Uppal, Hyderabad",2,75,Lucknow Super Giants,Sunrisers Hyderabad,N Pooran,RR Pant,Harsh Dubey,1,0,0,0,0,0,0,,,,
1527683,2026,2026-04-05,"Rajiv Gandhi International Stadium, Uppal, Hyderabad",2,76,Lucknow Super Giants,Sunrisers Hyderabad,RR Pant,N Pooran,Harsh Dubey,1,0,0,0,0,0,0,,,,
1527683,2026,2026-04-05,"Rajiv Gandhi International Stadium, Uppal, Hyderabad",2,77,Lucknow Super Giants,Sunrisers Hyderabad,N Pooran,RR Pant,Harsh Dubey,0,1,0,0,0,1,0,,,,
1527683,2026,2026-04-05,"Rajiv Gandhi International Stadium, Uppal, Hyderabad",2,78,Lucknow Super Giants,Sunrisers Hyderabad,RR Pant,N Pooran,Harsh Dubey,0,0,0,0,0,0,0,,,,
1527683,2026,2026-04-05,"Rajiv Gandhi International Stadium, Uppal, Hyderabad",2,79,Lucknow Super Giants,Sunrisers Hyderabad,N Pooran,RR Pant,Shivang Kumar,0,0,0,0,0,0,0,run out,N Pooran,{'name': 'Ishan Kishan'},
1527683,2026,2026-04-05,"Rajiv Gandhi International Stadium, Uppal, Hyderabad",2,80,Lucknow Super Giants,Sunrisers Hyderabad,Abdul Samad,RR Pant,Shivang Kumar,1,0,0,0,0,0,0,,,,
1527683,2026,2026-04-05,"Rajiv Gandhi International Stadium, Uppal, Hyderabad",2,81,Lucknow Super Giants,Sunrisers Hyderabad,RR Pant,Abdul Samad,Shivang Kumar,0,0,0,0,0,0,0,,,,
1527683,2026,2026-04-05,"Rajiv Gandhi International Stadium, Uppal, Hyderabad",2,82,Lucknow Super Giants,Sunrisers Hyderabad,RR Pant,Abdul Samad,Shivang Kumar,0,0,0,0,0,0,0,,,,
1527683,2026,2026-04-05,"Rajiv Gandhi International Stadium, Uppal, Hyderabad",2,83,Lucknow Super Giants,Sunrisers Hyderabad,RR Pant,Abdul Samad,Shivang Kumar,1,0,0,0,0,0,0,,,,
1527683,2026,2026-04-05,"Rajiv Gandhi International Stadium, Uppal, Hyderabad",2,84,Lucknow Super Giants,Sunrisers Hyderabad,Abdul Samad,RR Pant,Shivang Kumar,1,0,0,0,0,0,0,,,,
1527683,2026,2026-04-05,"Rajiv Gandhi International Stadium, Uppal, Hyderabad",2,85,Lucknow Super Giants,Sunrisers Hyderabad,Abdul Samad,RR Pant,E Malinga,2,0,0,0,0,0,0,,,,
1527683,2026,2026-04-05,"Rajiv Gandhi International Stadium, Uppal, Hyderabad",2,86,Lucknow Super Giants,Sunrisers Hyderabad,Abdul Samad,RR Pant,E Malinga,0,0,0,0,0,0,0,,,,
1527683,2026,2026-04-05,"Rajiv Gandhi International Stadium, Uppal, Hyderabad",2,87,Lucknow Super Giants,Sunrisers Hyderabad,Abdul Samad,RR Pant,E Malinga,1,0,0,0,0,0,0,,,,
1527683,2026,2026-04-05,"Rajiv Gandhi International Stadium, Uppal, Hyderabad",2,88,Lucknow Super Giants,Sunrisers Hyderabad,RR Pant,Abdul Samad,E Malinga,1,0,0,0,0,0,0,,,,
1527683,2026,2026-04-05,"Rajiv Gandhi International Stadium, Uppal, Hyderabad",2,89,Lucknow Super Giants,Sunrisers Hyderabad,Abdul Samad,RR Pant,E Malinga,1,0,0,0,0,0,0,,,,
1527683,2026,2026-04-05,"Rajiv Gandhi International Stadium, Uppal, Hyderabad",2,90,Lucknow Super Giants,Sunrisers Hyderabad,RR Pant,Abdul Samad,E Malinga,1,0,0,0,0,0,0,,,,
1527683,2026,2026-04-05,"Rajiv Gandhi International Stadium, Uppal, Hyderabad",2,91,Lucknow Super Giants,Sunrisers Hyderabad,RR Pant,Abdul Samad,JD Unadkat,4,0,0,0,0,0,0,,,,
1527683,2026,2026-04-05,"Rajiv Gandhi International Stadium, Uppal, Hyderabad",2,92,Lucknow Super Giants,Sunrisers Hyderabad,RR Pant,Abdul Samad,JD Unadkat,2,0,0,0,0,0,0,,,,
1527683,2026,2026-04-05,"Rajiv Gandhi International Stadium, Uppal, Hyderabad",2,93,Lucknow Super Giants,Sunrisers Hyderabad,RR Pant,Abdul Samad,JD Unadkat,4,0,0,0,0,0,0,,,,
1527683,2026,2026-04-05,"Rajiv Gandhi International Stadium, Uppal, Hyderabad",2,94,Lucknow Super Giants,Sunrisers Hyderabad,RR Pant,Abdul Samad,JD Unadkat,2,0,0,0,0,0,0,,,,
1527683,2026,2026-04-05,"Rajiv Gandhi International Stadium, Uppal, Hyderabad",2,95,Lucknow Super Giants,Sunrisers Hyderabad,RR Pant,Abdul Samad,JD Unadkat,1,0,0,0,0,0,0,,,,
1527683,2026,2026-04-05,"Rajiv Gandhi International Stadium, Uppal, Hyderabad",2,96,Lucknow Super Giants,Sunrisers Hyderabad,Abdul Samad,RR Pant,JD Unadkat,1,0,0,0,0,0,0,,,,
1527683,2026,2026-04-05,"Rajiv Gandhi International Stadium, Uppal, Hyderabad",2,97,Lucknow Super Giants,Sunrisers Hyderabad,Abdul Samad,RR Pant,E Malinga,4,0,0,0,0,0,0,,,,
1527683,2026,2026-04-05,"Rajiv Gandhi International Stadium, Uppal, Hyderabad",2,98,Lucknow Super Giants,Sunrisers Hyderabad,Abdul Samad,RR Pant,E Malinga,0,0,0,0,0,0,0,,,,
1527683,2026,2026-04-05,"Rajiv Gandhi International Stadium, Uppal, Hyderabad",2,99,Lucknow Super Giants,Sunrisers Hyderabad,Abdul Samad,RR Pant,E Malinga,4,0,0,0,0,0,0,,,,
1527683,2026,2026-04-05,"Rajiv Gandhi International Stadium, Uppal, Hyderabad",2,100,Lucknow Super Giants,Sunrisers Hyderabad,Abdul Samad,RR Pant,E Malinga,1,0,0,0,0,0,0,,,,
1527683,2026,2026-04-05,"Rajiv Gandhi International Stadium, Uppal, Hyderabad",2,101,Lucknow Super Giants,Sunrisers Hyderabad,RR Pant,Abdul Samad,E Malinga,0,0,0,0,0,0,0,,,,
1527683,2026,2026-04-05,"Rajiv Gandhi International Stadium, Uppal, Hyderabad",2,102,Lucknow Super Giants,Sunrisers Hyderabad,RR Pant,Abdul Samad,E Malinga,1,0,0,0,0,0,0,,,,
1527683,2026,2026-04-05,"Rajiv Gandhi International Stadium, Uppal, Hyderabad",2,103,Lucknow Super Giants,Sunrisers Hyderabad,RR Pant,Abdul Samad,Harsh Dubey,0,0,0,0,0,0,0,,,,
1527683,2026,2026-04-05,"Rajiv Gandhi International Stadium, Uppal, Hyderabad",2,104,Lucknow Super Giants,Sunrisers Hyderabad,RR Pant,Abdul Samad,Harsh Dubey,0,0,0,0,0,0,0,,,,
1527683,2026,2026-04-05,"Rajiv Gandhi International Stadium, Uppal, Hyderabad",2,105,Lucknow Super Giants,Sunrisers Hyderabad,RR Pant,Abdul Samad,Harsh Dubey,1,0,0,0,0,0,0,,,,
1527683,2026,2026-04-05,"Rajiv Gandhi International Stadium, Uppal, Hyderabad",2,106,Lucknow Super Giants,Sunrisers Hyderabad,Abdul Samad,RR Pant,Harsh Dubey,0,0,0,0,0,0,0,caught,Abdul Samad,{'name': 'LS Livingstone'},
1527683,2026,2026-04-05,"Rajiv Gandhi International Stadium, Uppal, Hyderabad",2,107,Lucknow Super Giants,Sunrisers Hyderabad,MD Choudhary,RR Pant,Harsh Dubey,1,0,0,0,0,0,0,,,,
1527683,2026,2026-04-05,"Rajiv Gandhi International Stadium, Uppal, Hyderabad",2,108,Lucknow Super Giants,Sunrisers Hyderabad,RR Pant,MD Choudhary,Harsh Dubey,4,0,0,0,0,0,0,,,,
1527683,2026,2026-04-05,"Rajiv Gandhi International Stadium, Uppal, Hyderabad",2,109,Lucknow Super Giants,Sunrisers Hyderabad,MD Choudhary,RR Pant,HV Patel,1,0,0,0,0,0,0,,,,
1527683,2026,2026-04-05,"Rajiv Gandhi International Stadium, Uppal, Hyderabad",2,110,Lucknow Super Giants,Sunrisers Hyderabad,RR Pant,MD Choudhary,HV Patel,2,0,0,0,0,0,0,,,,
1527683,2026,2026-04-05,"Rajiv Gandhi International Stadium, Uppal, Hyderabad",2,111,Lucknow Super Giants,Sunrisers Hyderabad,RR Pant,MD Choudhary,HV Patel,1,0,0,0,0,0,0,,,,
1527683,2026,2026-04-05,"Rajiv Gandhi International Stadium, Uppal, Hyderabad",2,112,Lucknow Super Giants,Sunrisers Hyderabad,MD Choudhary,RR Pant,HV Patel,0,0,0,0,0,0,0,,,,
1527683,2026,2026-04-05,"Rajiv Gandhi International Stadium, Uppal, Hyderabad",2,113,Lucknow Super Giants,Sunrisers Hyderabad,MD Choudhary,RR Pant,HV Patel,0,0,0,0,0,0,0,,,,
1527683,2026,2026-04-05,"Rajiv Gandhi International Stadium, Uppal, Hyderabad",2,114,Lucknow Super Giants,Sunrisers Hyderabad,MD Choudhary,RR Pant,HV Patel,0,0,0,0,0,0,0,,,,
1527683,2026,2026-04-05,"Rajiv Gandhi International Stadium, Uppal, Hyderabad",2,115,Lucknow Super Giants,Sunrisers Hyderabad,RR Pant,MD Choudhary,JD Unadkat,4,0,0,0,0,0,0,,,,
1527683,2026,2026-04-05,"Rajiv Gandhi International Stadium, Uppal, Hyderabad",2,116,Lucknow Super Giants,Sunrisers Hyderabad,RR Pant,MD Choudhary,JD Unadkat,4,0,0,0,0,0,0,,,,
1527683,2026,2026-04-05,"Rajiv Gandhi International Stadium, Uppal, Hyderabad",2,117,Lucknow Super Giants,Sunrisers Hyderabad,RR Pant,MD Choudhary,JD Unadkat,0,0,0,0,0,0,0,,,,
1527683,2026,2026-04-05,"Rajiv Gandhi International Stadium, Uppal, Hyderabad",2,118,Lucknow Super Giants,Sunrisers Hyderabad,RR Pant,MD Choudhary,JD Unadkat,0,0,0,0,0,0,0,,,,
1527683,2026,2026-04-05,"Rajiv Gandhi International Stadium, Uppal, Hyderabad",2,119,Lucknow Super Giants,Sunrisers Hyderabad,RR Pant,MD Choudhary,JD Unadkat,4,0,0,0,0,0,0,,,,
1527684,2026,2026-04-05,"M Chinnaswamy Stadium, Bengaluru",1,1,Royal Challengers Bengaluru,Chennai Super Kings,PD Salt,V Kohli,KK Ahmed,0,0,0,0,0,0,0,,,,
1527684,2026,2026-04-05,"M Chinnaswamy Stadium, Bengaluru",1,2,Royal Challengers Bengaluru,Chennai Super Kings,PD Salt,V Kohli,KK Ahmed,0,0,0,0,0,0,0,,,,
1527684,2026,2026-04-05,"M Chinnaswamy Stadium, Bengaluru",1,3,Royal Challengers Bengaluru,Chennai Super Kings,PD Salt,V Kohli,KK Ahmed,3,0,0,0,0,0,0,,,,
1527684,2026,2026-04-05,"M Chinnaswamy Stadium, Bengaluru",1,4,Royal Challengers Bengaluru,Chennai Super Kings,V Kohli,PD Salt,KK Ahmed,0,0,0,0,0,0,0,,,,
1527684,2026,2026-04-05,"M Chinnaswamy Stadium, Bengaluru",1,5,Royal Challengers Bengaluru,Chennai Super Kings,V Kohli,PD Salt,KK Ahmed,2,0,0,0,0,0,0,,,,
1527684,2026,2026-04-05,"M Chinnaswamy Stadium, Bengaluru",1,6,Royal Challengers Bengaluru,Chennai Super Kings,V Kohli,PD Salt,KK Ahmed,0,0,0,0,0,0,0,,,,
1527684,2026,2026-04-05,"M Chinnaswamy Stadium, Bengaluru",1,7,Royal Challengers Bengaluru,Chennai Super Kings,PD Salt,V Kohli,MJ Henry,1,0,0,0,0,0,0,,,,
1527684,2026,2026-04-05,"M Chinnaswamy Stadium, Bengaluru",1,8,Royal Challengers Bengaluru,Chennai Super Kings,V Kohli,PD Salt,MJ Henry,1,0,0,0,0,0,0,,,,
1527684,2026,2026-04-05,"M Chinnaswamy Stadium, Bengaluru",1,9,Royal Challengers Bengaluru,Chennai Super Kings,PD Salt,V Kohli,MJ Henry,1,0,0,0,0,0,0,,,,
1527684,2026,2026-04-05,"M Chinnaswamy Stadium, Bengaluru",1,10,Royal Challengers Bengaluru,Chennai Super Kings,V Kohli,PD Salt,MJ Henry,2,0,0,0,0,0,0,,,,
1527684,2026,2026-04-05,"M Chinnaswamy Stadium, Bengaluru",1,11,Royal Challengers Bengaluru,Chennai Super Kings,V Kohli,PD Salt,MJ Henry,1,0,0,0,0,0,0,,,,
1527684,2026,2026-04-05,"M Chinnaswamy Stadium, Bengaluru",1,12,Royal Challengers Bengaluru,Chennai Super Kings,PD Salt,V Kohli,MJ Henry,0,0,0,0,0,0,0,,,,
1527684,2026,2026-04-05,"M Chinnaswamy Stadium, Bengaluru",1,13,Royal Challengers Bengaluru,Chennai Super Kings,V Kohli,PD Salt,KK Ahmed,1,0,0,0,0,0,0,,,,
1527684,2026,2026-04-05,"M Chinnaswamy Stadium, Bengaluru",1,14,Royal Challengers Bengaluru,Chennai Super Kings,PD Salt,V Kohli,KK Ahmed,1,0,0,0,0,0,0,,,,
1527684,2026,2026-04-05,"M Chinnaswamy Stadium, Bengaluru",1,15,Royal Challengers Bengaluru,Chennai Super Kings,V Kohli,PD Salt,KK Ahmed,2,0,0,0,0,0,0,,,,
1527684,2026,2026-04-05,"M Chinnaswamy Stadium, Bengaluru",1,16,Royal Challengers Bengaluru,Chennai Super Kings,V Kohli,PD Salt,KK Ahmed,0,1,0,0,0,1,0,,,,
1527684,2026,2026-04-05,"M Chinnaswamy Stadium, Bengaluru",1,17,Royal Challengers Bengaluru,Chennai Super Kings,PD Salt,V Kohli,KK Ahmed,1,0,0,0,0,0,0,,,,
1527684,2026,2026-04-05,"M Chinnaswamy Stadium, Bengaluru",1,18,Royal Challengers Bengaluru,Chennai Super Kings,V Kohli,PD Salt,KK Ahmed,0,0,0,0,0,0,0,,,,
1527684,2026,2026-04-05,"M Chinnaswamy Stadium, Bengaluru",1,19,Royal Challengers Bengaluru,Chennai Super Kings,PD Salt,V Kohli,MJ Henry,1,0,0,0,0,0,0,,,,
1527684,2026,2026-04-05,"M Chinnaswamy Stadium, Bengaluru",1,20,Royal Challengers Bengaluru,Chennai Super Kings,V Kohli,PD Salt,MJ Henry,6,0,0,0,0,0,0,,,,
1527684,2026,2026-04-05,"M Chinnaswamy Stadium, Bengaluru",1,21,Royal Challengers Bengaluru,Chennai Super Kings,V Kohli,PD Salt,MJ Henry,2,0,0,0,0,0,0,,,,
1527684,2026,2026-04-05,"M Chinnaswamy Stadium, Bengaluru",1,22,Royal Challengers Bengaluru,Chennai Super Kings,V Kohli,PD Salt,MJ Henry,2,0,0,0,0,0,0,,,,
1527684,2026,2026-04-05,"M Chinnaswamy Stadium, Bengaluru",1,23,Royal Challengers Bengaluru,Chennai Super Kings,V Kohli,PD Salt,MJ Henry,4,0,0,0,0,0,0,,,,
1527684,2026,2026-04-05,"M Chinnaswamy Stadium, Bengaluru",1,24,Royal Challengers Bengaluru,Chennai Super Kings,V Kohli,PD Salt,MJ Henry,1,0,0,0,0,0,0,,,,
1527684,2026,2026-04-05,"M Chinnaswamy Stadium, Bengaluru",1,25,Royal Challengers Bengaluru,Chennai Super Kings,V Kohli,PD Salt,A Kamboj,0,0,0,0,0,0,0,,,,
1527684,2026,2026-04-05,"M Chinnaswamy Stadium, Bengaluru",1,26,Royal Challengers Bengaluru,Chennai Super Kings,V Kohli,PD Salt,A Kamboj,4,0,0,0,0,0,0,,,,
1527684,2026,2026-04-05,"M Chinnaswamy Stadium, Bengaluru",1,27,Royal Challengers Bengaluru,Chennai Super Kings,V Kohli,PD Salt,A Kamboj,0,0,0,0,0,0,0,caught,V Kohli,{'name': 'S Dube'},
1527684,2026,2026-04-05,"M Chinnaswamy Stadium, Bengaluru",1,28,Royal Challengers Bengaluru,Chennai Super Kings,D Padikkal,PD Salt,A Kamboj,1,0,0,0,0,0,0,,,,
1527684,2026,2026-04-05,"M Chinnaswamy Stadium, Bengaluru",1,29,Royal Challengers Bengaluru,Chennai Super Kings,PD Salt,D Padikkal,A Kamboj,4,0,0,0,0,0,0,,,,
1527684,2026,2026-04-05,"M Chinnaswamy Stadium, Bengaluru",1,30,Royal Challengers Bengaluru,Chennai Super Kings,PD Salt,D Padikkal,A Kamboj,1,0,0,0,0,0,0,,,,
1527684,2026,2026-04-05,"M Chinnaswamy Stadium, Bengaluru",1,31,Royal Challengers Bengaluru,Chennai Super Kings,PD Salt,D Padikkal,KK Ahmed,2,0,0,0,0,0,0,,,,
1527684,2026,2026-04-05,"M Chinnaswamy Stadium, Bengaluru",1,32,Royal Challengers Bengaluru,Chennai Super Kings,PD Salt,D Padikkal,KK Ahmed,0,0,0,0,0,0,0,,,,
1527684,2026,2026-04-05,"M Chinnaswamy Stadium, Bengaluru",1,33,Royal Challengers Bengaluru,Chennai Super Kings,PD Salt,D Padikkal,KK Ahmed,1,0,0,0,0,0,0,,,,
1527684,2026,2026-04-05,"M Chinnaswamy Stadium, Bengaluru",1,34,Royal Challengers Bengaluru,Chennai Super Kings,D Padikkal,PD Salt,KK Ahmed,0,0,0,0,0,0,0,,,,
1527684,2026,2026-04-05,"M Chinnaswamy Stadium, Bengaluru",1,35,Royal Challengers Bengaluru,Chennai Super Kings,D Padikkal,PD Salt,KK Ahmed,1,0,0,0,0,0,0,,,,
1527684,2026,2026-04-05,"M Chinnaswamy Stadium, Bengaluru",1,36,Royal Challengers Bengaluru,Chennai Super Kings,PD Salt,D Padikkal,KK Ahmed,4,0,0,0,0,0,0,,,,
1527684,2026,2026-04-05,"M Chinnaswamy Stadium, Bengaluru",1,37,Royal Challengers Bengaluru,Chennai Super Kings,D Padikkal,PD Salt,A Kamboj,1,0,0,0,0,0,0,,,,
1527684,2026,2026-04-05,"M Chinnaswamy Stadium, Bengaluru",1,38,Royal Challengers Bengaluru,Chennai Super Kings,PD Salt,D Padikkal,A Kamboj,0,1,1,0,0,0,0,,,,
1527684,2026,2026-04-05,"M Chinnaswamy Stadium, Bengaluru",1,39,Royal Challengers Bengaluru,Chennai Super Kings,PD Salt,D Padikkal,A Kamboj,0,0,0,0,0,0,0,,,,
1527684,2026,2026-04-05,"M Chinnaswamy Stadium, Bengaluru",1,40,Royal Challengers Bengaluru,Chennai Super Kings,PD Salt,D Padikkal,A Kamboj,6,0,0,0,0,0,0,,,,
1527684,2026,2026-04-05,"M Chinnaswamy Stadium, Bengaluru",1,41,Royal Challengers Bengaluru,Chennai Super Kings,PD Salt,D Padikkal,A Kamboj,2,0,0,0,0,0,0,,,,
1527684,2026,2026-04-05,"M Chinnaswamy Stadium, Bengaluru",1,42,Royal Challengers Bengaluru,Chennai Super Kings,PD Salt,D Padikkal,A Kamboj,4,0,0,0,0,0,0,,,,
1527684,2026,2026-04-05,"M Chinnaswamy Stadium, Bengaluru",1,43,Royal Challengers Bengaluru,Chennai Super Kings,PD Salt,D Padikkal,A Kamboj,1,0,0,0,0,0,0,,,,
1527684,2026,2026-04-05,"M Chinnaswamy Stadium, Bengaluru",1,43,Royal Challengers Bengaluru,Chennai Super Kings,PD Salt,D Padikkal,Noor Ahmad,0,0,0,0,0,0,0,,,,
1527684,2026,2026-04-05,"M Chinnaswamy Stadium, Bengaluru",1,44,Royal Challengers Bengaluru,Chennai Super Kings,PD Salt,D Padikkal,Noor Ahmad,1,0,0,0,0,0,0,,,,
1527684,2026,2026-04-05,"M Chinnaswamy Stadium, Bengaluru",1,45,Royal Challengers Bengaluru,Chennai Super Kings,D Padikkal,PD Salt,Noor Ahmad,1,0,0,0,0,0,0,,,,
1527684,2026,2026-04-05,"M Chinnaswamy Stadium, Bengaluru",1,46,Royal Challengers Bengaluru,Chennai Super Kings,PD Salt,D Padikkal,Noor Ahmad,6,0,0,0,0,0,0,,,,
1527684,2026,2026-04-05,"M Chinnaswamy Stadium, Bengaluru",1,47,Royal Challengers Bengaluru,Chennai Super Kings,PD Salt,D Padikkal,Noor Ahmad,1,0,0,0,0,0,0,,,,
1527684,2026,2026-04-05,"M Chinnaswamy Stadium, Bengaluru",1,48,Royal Challengers Bengaluru,Chennai Super Kings,D Padikkal,PD Salt,Noor Ahmad,1,0,0,0,0,0,0,,,,
1527684,2026,2026-04-05,"M Chinnaswamy Stadium, Bengaluru",1,49,Royal Challengers Bengaluru,Chennai Super Kings,D Padikkal,PD Salt,J Overton,1,0,0,0,0,0,0,,,,
1527684,2026,2026-04-05,"M Chinnaswamy Stadium, Bengaluru",1,50,Royal Challengers Bengaluru,Chennai Super Kings,PD Salt,D Padikkal,J Overton,2,0,0,0,0,0,0,,,,
1527684,2026,2026-04-05,"M Chinnaswamy Stadium, Bengaluru",1,51,Royal Challengers Bengaluru,Chennai Super Kings,PD Salt,D Padikkal,J Overton,1,0,0,0,0,0,0,,,,
1527684,2026,2026-04-05,"M Chinnaswamy Stadium, Bengaluru",1,52,Royal Challengers Bengaluru,Chennai Super Kings,D Padikkal,PD Salt,J Overton,2,0,0,0,0,0,0,,,,
1527684,2026,2026-04-05,"M Chinnaswamy Stadium, Bengaluru",1,53,Royal Challengers Bengaluru,Chennai Super Kings,D Padikkal,PD Salt,J Overton,4,0,0,0,0,0,0,,,,
1527684,2026,2026-04-05,"M Chinnaswamy Stadium, Bengaluru",1,54,Royal Challengers Bengaluru,Chennai Super Kings,D Padikkal,PD Salt,J Overton,1,0,0,0,0,0,0,,,,
1527684,2026,2026-04-05,"M Chinnaswamy Stadium, Bengaluru",1,55,Royal Challengers Bengaluru,Chennai Super Kings,D Padikkal,PD Salt,Noor Ahmad,0,0,0,0,0,0,0,,,,
1527684,2026,2026-04-05,"M Chinnaswamy Stadium, Bengaluru",1,56,Royal Challengers Bengaluru,Chennai Super Kings,D Padikkal,PD Salt,Noor Ahmad,0,0,0,0,0,0,0,,,,
1527684,2026,2026-04-05,"M Chinnaswamy Stadium, Bengaluru",1,57,Royal Challengers Bengaluru,Chennai Super Kings,D Padikkal,PD Salt,Noor Ahmad,0,0,0,0,0,0,0,,,,
1527684,2026,2026-04-05,"M Chinnaswamy Stadium, Bengaluru",1,58,Royal Challengers Bengaluru,Chennai Super Kings,D Padikkal,PD Salt,Noor Ahmad,1,0,0,0,0,0,0,,,,
1527684,2026,2026-04-05,"M Chinnaswamy Stadium, Bengaluru",1,59,Royal Challengers Bengaluru,Chennai Super Kings,PD Salt,D Padikkal,Noor Ahmad,1,0,0,0,0,0,0,,,,
1527684,2026,2026-04-05,"M Chinnaswamy Stadium, Bengaluru",1,60,Royal Challengers Bengaluru,Chennai Super Kings,D Padikkal,PD Salt,Noor Ahmad,2,0,0,0,0,0,0,,,,
1527684,2026,2026-04-05,"M Chinnaswamy Stadium, Bengaluru",1,61,Royal Challengers Bengaluru,Chennai Super Kings,PD Salt,D Padikkal,S Dube,0,0,0,0,0,0,0,,,,
1527684,2026,2026-04-05,"M Chinnaswamy Stadium, Bengaluru",1,62,Royal Challengers Bengaluru,Chennai Super Kings,PD Salt,D Padikkal,S Dube,1,0,0,0,0,0,0,,,,
1527684,2026,2026-04-05,"M Chinnaswamy Stadium, Bengaluru",1,63,Royal Challengers Bengaluru,Chennai Super Kings,D Padikkal,PD Salt,S Dube,1,0,0,0,0,0,0,,,,
1527684,2026,2026-04-05,"M Chinnaswamy Stadium, Bengaluru",1,64,Royal Challengers Bengaluru,Chennai Super Kings,PD Salt,D Padikkal,S Dube,0,0,0,0,0,0,0,caught,PD Salt,{'name': 'Noor Ahmad'},
1527684,2026,2026-04-05,"M Chinnaswamy Stadium, Bengaluru",1,65,Royal Challengers Bengaluru,Chennai Super Kings,RM Patidar,D Padikkal,S Dube,1,0,0,0,0,0,0,,,,
1527684,2026,2026-04-05,"M Chinnaswamy Stadium, Bengaluru",1,66,Royal Challengers Bengaluru,Chennai Super Kings,D Padikkal,RM Patidar,S Dube,4,0,0,0,0,0,0,,,,
1527684,2026,2026-04-05,"M Chinnaswamy Stadium, Bengaluru",1,67,Royal Challengers Bengaluru,Chennai Super Kings,RM Patidar,D Padikkal,Noor Ahmad,6,0,0,0,0,0,0,,,,
1527684,2026,2026-04-05,"M Chinnaswamy Stadium, Bengaluru",1,68,Royal Challengers Bengaluru,Chennai Super Kings,RM Patidar,D Padikkal,Noor Ahmad,1,0,0,0,0,0,0,,,,
1527684,2026,2026-04-05,"M Chinnaswamy Stadium, Bengaluru",1,69,Royal Challengers Bengaluru,Chennai Super Kings,D Padikkal,RM Patidar,Noor Ahmad,6,0,0,0,0,0,0,,,,
1527684,2026,2026-04-05,"M Chinnaswamy Stadium, Bengaluru",1,70,Royal Challengers Bengaluru,Chennai Super Kings,D Padikkal,RM Patidar,Noor Ahmad,0,1,0,0,0,1,0,,,,
1527684,2026,2026-04-05,"M Chinnaswamy Stadium, Bengaluru",1,71,Royal Challengers Bengaluru,Chennai Super Kings,RM Patidar,D Padikkal,Noor Ahmad,1,0,0,0,0,0,0,,,,
1527684,2026,2026-04-05,"M Chinnaswamy Stadium, Bengaluru",1,72,Royal Challengers Bengaluru,Chennai Super Kings,D Padikkal,RM Patidar,Noor Ahmad,1,0,0,0,0,0,0,,,,
1527684,2026,2026-04-05,"M Chinnaswamy Stadium, Bengaluru",1,73,Royal Challengers Bengaluru,Chennai Super Kings,D Padikkal,RM Patidar,S Dube,0,1,1,0,0,0,0,,,,
1527684,2026,2026-04-05,"M Chinnaswamy Stadium, Bengaluru",1,74,Royal Challengers Bengaluru,Chennai Super Kings,D Padikkal,RM Patidar,S Dube,1,0,0,0,0,0,0,,,,
1527684,2026,2026-04-05,"M Chinnaswamy Stadium, Bengaluru",1,75,Royal Challengers Bengaluru,Chennai Super Kings,RM Patidar,D Padikkal,S Dube,6,0,0,0,0,0,0,,,,
1527684,2026,2026-04-05,"M Chinnaswamy Stadium, Bengaluru",1,76,Royal Challengers Bengaluru,Chennai Super Kings,RM Patidar,D Padikkal,S Dube,1,0,0,0,0,0,0,,,,
1527684,2026,2026-04-05,"M Chinnaswamy Stadium, Bengaluru",1,77,Royal Challengers Bengaluru,Chennai Super Kings,D Padikkal,RM Patidar,S Dube,6,0,0,0,0,0,0,,,,
1527684,2026,2026-04-05,"M Chinnaswamy Stadium, Bengaluru",1,78,Royal Challengers Bengaluru,Chennai Super Kings,D Padikkal,RM Patidar,S Dube,4,0,0,0,0,0,0,,,,
1527684,2026,2026-04-05,"M Chinnaswamy Stadium, Bengaluru",1,79,Royal Challengers Bengaluru,Chennai Super Kings,D Padikkal,RM Patidar,S Dube,4,0,0,0,0,0,0,,,,
1527684,2026,2026-04-05,"M Chinnaswamy Stadium, Bengaluru",1,79,Royal Challengers Bengaluru,Chennai Super Kings,RM Patidar,D Padikkal,MJ Henry,6,0,0,0,0,0,0,,,,
1527684,2026,2026-04-05,"M Chinnaswamy Stadium, Bengaluru",1,80,Royal Challengers Bengaluru,Chennai Super Kings,RM Patidar,D Padikkal,MJ Henry,1,0,0,0,0,0,0,,,,
1527684,2026,2026-04-05,"M Chinnaswamy Stadium, Bengaluru",1,81,Royal Challengers Bengaluru,Chennai Super Kings,D Padikkal,RM Patidar,MJ Henry,2,0,0,0,0,0,0,,,,
1527684,2026,2026-04-05,"M Chinnaswamy Stadium, Bengaluru",1,82,Royal Challengers Bengaluru,Chennai Super Kings,D Padikkal,RM Patidar,MJ Henry,0,0,0,0,0,0,0,,,,
1527684,2026,2026-04-05,"M Chinnaswamy Stadium, Bengaluru",1,83,Royal Challengers Bengaluru,Chennai Super Kings,D Padikkal,RM Patidar,MJ Henry,4,0,0,0,0,0,0,,,,
1527684,2026,2026-04-05,"M Chinnaswamy Stadium, Bengaluru",1,84,Royal Challengers Bengaluru,Chennai Super Kings,D Padikkal,RM Patidar,MJ Henry,1,0,0,0,0,0,0,,,,
1527684,2026,2026-04-05,"M Chinnaswamy Stadium, Bengaluru",1,85,Royal Challengers Bengaluru,Chennai Super Kings,D Padikkal,RM Patidar,J Overton,0,0,0,0,0,0,0,bowled,D Padikkal,,
1527684,2026,2026-04-05,"M Chinnaswamy Stadium, Bengaluru",1,86,Royal Challengers Bengaluru,Chennai Super Kings,TH David,RM Patidar,J Overton,0,0,0,0,0,0,0,,,,
1527684,2026,2026-04-05,"M Chinnaswamy Stadium, Bengaluru",1,87,Royal Challengers Bengaluru,Chennai Super Kings,TH David,RM Patidar,J Overton,0,0,0,0,0,0,0,,,,
1527684,2026,2026-04-05,"M Chinnaswamy Stadium, Bengaluru",1,88,Royal Challengers Bengaluru,Chennai Super Kings,TH David,RM Patidar,J Overton,0,0,0,0,0,0,0,,,,
1527684,2026,2026-04-05,"M Chinnaswamy Stadium, Bengaluru",1,89,Royal Challengers Bengaluru,Chennai Super Kings,TH David,RM Patidar,J Overton,1,0,0,0,0,0,0,,,,
1527684,2026,2026-04-05,"M Chinnaswamy Stadium, Bengaluru",1,90,Royal Challengers Bengaluru,Chennai Super Kings,RM Patidar,TH David,J Overton,0,1,0,0,0,1,0,,,,
1527684,2026,2026-04-05,"M Chinnaswamy Stadium, Bengaluru",1,91,Royal Challengers Bengaluru,Chennai Super Kings,RM Patidar,TH David,KK Ahmed,1,0,0,0,0,0,0,,,,
1527684,2026,2026-04-05,"M Chinnaswamy Stadium, Bengaluru",1,92,Royal Challengers Bengaluru,Chennai Super Kings,TH David,RM Patidar,KK Ahmed,1,0,0,0,0,0,0,,,,
1527684,2026,2026-04-05,"M Chinnaswamy Stadium, Bengaluru",1,93,Royal Challengers Bengaluru,Chennai Super Kings,RM Patidar,TH David,KK Ahmed,0,1,1,0,0,0,0,,,,
1527684,2026,2026-04-05,"M Chinnaswamy Stadium, Bengaluru",1,94,Royal Challengers Bengaluru,Chennai Super Kings,RM Patidar,TH David,KK Ahmed,6,0,0,0,0,0,0,,,,
1527684,2026,2026-04-05,"M Chinnaswamy Stadium, Bengaluru",1,95,Royal Challengers Bengaluru,Chennai Super Kings,RM Patidar,TH David,KK Ahmed,0,0,0,0,0,0,0,,,,
1527684,2026,2026-04-05,"M Chinnaswamy Stadium, Bengaluru",1,96,Royal Challengers Bengaluru,Chennai Super Kings,RM Patidar,TH David,KK Ahmed,4,0,0,0,0,0,0,,,,
1527684,2026,2026-04-05,"M Chinnaswamy Stadium, Bengaluru",1,97,Royal Challengers Bengaluru,Chennai Super Kings,RM Patidar,TH David,KK Ahmed,6,0,0,0,0,0,0,,,,
1527684,2026,2026-04-05,"M Chinnaswamy Stadium, Bengaluru",1,97,Royal Challengers Bengaluru,Chennai Super Kings,TH David,RM Patidar,Noor Ahmad,1,0,0,0,0,0,0,,,,
1527684,2026,2026-04-05,"M Chinnaswamy Stadium, Bengaluru",1,98,Royal Challengers Bengaluru,Chennai Super Kings,RM Patidar,TH David,Noor Ahmad,0,1,0,0,1,0,0,,,,
1527684,2026,2026-04-05,"M Chinnaswamy Stadium, Bengaluru",1,99,Royal Challengers Bengaluru,Chennai Super Kings,TH David,RM Patidar,Noor Ahmad,6,0,0,0,0,0,0,,,,
1527684,2026,2026-04-05,"M Chinnaswamy Stadium, Bengaluru",1,100,Royal Challengers Bengaluru,Chennai Super Kings,TH David,RM Patidar,Noor Ahmad,6,0,0,0,0,0,0,,,,
1527684,2026,2026-04-05,"M Chinnaswamy Stadium, Bengaluru",1,101,Royal Challengers Bengaluru,Chennai Super Kings,TH David,RM Patidar,Noor Ahmad,6,0,0,0,0,0,0,,,,
1527684,2026,2026-04-05,"M Chinnaswamy Stadium, Bengaluru",1,102,Royal Challengers Bengaluru,Chennai Super Kings,TH David,RM Patidar,Noor Ahmad,1,0,0,0,0,0,0,,,,
1527684,2026,2026-04-05,"M Chinnaswamy Stadium, Bengaluru",1,103,Royal Challengers Bengaluru,Chennai Super Kings,TH David,RM Patidar,A Kamboj,4,0,0,0,0,0,0,,,,
1527684,2026,2026-04-05,"M Chinnaswamy Stadium, Bengaluru",1,104,Royal Challengers Bengaluru,Chennai Super Kings,TH David,RM Patidar,A Kamboj,0,0,0,0,0,0,0,,,,
1527684,2026,2026-04-05,"M Chinnaswamy Stadium, Bengaluru",1,105,Royal Challengers Bengaluru,Chennai Super Kings,TH David,RM Patidar,A Kamboj,2,0,0,0,0,0,0,,,,
1527684,2026,2026-04-05,"M Chinnaswamy Stadium, Bengaluru",1,106,Royal Challengers Bengaluru,Chennai Super Kings,TH David,RM Patidar,A Kamboj,0,0,0,0,0,0,0,,,,
1527684,2026,2026-04-05,"M Chinnaswamy Stadium, Bengaluru",1,107,Royal Challengers Bengaluru,Chennai Super Kings,TH David,RM Patidar,A Kamboj,0,1,0,1,0,0,0,,,,
1527684,2026,2026-04-05,"M Chinnaswamy Stadium, Bengaluru",1,108,Royal Challengers Bengaluru,Chennai Super Kings,TH David,RM Patidar,A Kamboj,6,0,0,0,0,0,0,,,,
1527684,2026,2026-04-05,"M Chinnaswamy Stadium, Bengaluru",1,109,Royal Challengers Bengaluru,Chennai Super Kings,TH David,RM Patidar,A Kamboj,1,0,0,0,0,0,0,,,,
1527684,2026,2026-04-05,"M Chinnaswamy Stadium, Bengaluru",1,109,Royal Challengers Bengaluru,Chennai Super Kings,TH David,RM Patidar,J Overton,6,0,0,0,0,0,0,,,,
1527684,2026,2026-04-05,"M Chinnaswamy Stadium, Bengaluru",1,110,Royal Challengers Bengaluru,Chennai Super Kings,TH David,RM Patidar,J Overton,2,0,0,0,0,0,0,,,,
1527684,2026,2026-04-05,"M Chinnaswamy Stadium, Bengaluru",1,111,Royal Challengers Bengaluru,Chennai Super Kings,TH David,RM Patidar,J Overton,4,0,0,0,0,0,0,,,,
1527684,2026,2026-04-05,"M Chinnaswamy Stadium, Bengaluru",1,112,Royal Challengers Bengaluru,Chennai Super Kings,TH David,RM Patidar,J Overton,6,0,0,0,0,0,0,,,,
1527684,2026,2026-04-05,"M Chinnaswamy Stadium, Bengaluru",1,113,Royal Challengers Bengaluru,Chennai Super Kings,TH David,RM Patidar,J Overton,6,0,0,0,0,0,0,,,,
1527684,2026,2026-04-05,"M Chinnaswamy Stadium, Bengaluru",1,114,Royal Challengers Bengaluru,Chennai Super Kings,TH David,RM Patidar,J Overton,6,0,0,0,0,0,0,,,,
1527684,2026,2026-04-05,"M Chinnaswamy Stadium, Bengaluru",1,115,Royal Challengers Bengaluru,Chennai Super Kings,RM Patidar,TH David,A Kamboj,6,0,0,0,0,0,0,,,,
1527684,2026,2026-04-05,"M Chinnaswamy Stadium, Bengaluru",1,116,Royal Challengers Bengaluru,Chennai Super Kings,RM Patidar,TH David,A Kamboj,0,0,0,0,0,0,0,,,,
1527684,2026,2026-04-05,"M Chinnaswamy Stadium, Bengaluru",1,117,Royal Challengers Bengaluru,Chennai Super Kings,RM Patidar,TH David,A Kamboj,1,0,0,0,0,0,0,,,,
1527684,2026,2026-04-05,"M Chinnaswamy Stadium, Bengaluru",1,118,Royal Challengers Bengaluru,Chennai Super Kings,TH David,RM Patidar,A Kamboj,1,0,0,0,0,0,0,,,,
1527684,2026,2026-04-05,"M Chinnaswamy Stadium, Bengaluru",1,119,Royal Challengers Bengaluru,Chennai Super Kings,RM Patidar,TH David,A Kamboj,1,0,0,0,0,0,0,,,,
1527684,2026,2026-04-05,"M Chinnaswamy Stadium, Bengaluru",1,120,Royal Challengers Bengaluru,Chennai Super Kings,TH David,RM Patidar,A Kamboj,4,0,0,0,0,0,0,,,,
1527684,2026,2026-04-05,"M Chinnaswamy Stadium, Bengaluru",2,1,Chennai Super Kings,Royal Challengers Bengaluru,SV Samson,RD Gaikwad,JA Duffy,1,0,0,0,0,0,0,,,,
1527684,2026,2026-04-05,"M Chinnaswamy Stadium, Bengaluru",2,2,Chennai Super Kings,Royal Challengers Bengaluru,RD Gaikwad,SV Samson,JA Duffy,1,0,0,0,0,0,0,,,,
1527684,2026,2026-04-05,"M Chinnaswamy Stadium, Bengaluru",2,3,Chennai Super Kings,Royal Challengers Bengaluru,SV Samson,RD Gaikwad,JA Duffy,1,0,0,0,0,0,0,,,,
1527684,2026,2026-04-05,"M Chinnaswamy Stadium, Bengaluru",2,4,Chennai Super Kings,Royal Challengers Bengaluru,RD Gaikwad,SV Samson,JA Duffy,6,0,0,0,0,0,0,,,,
1527684,2026,2026-04-05,"M Chinnaswamy Stadium, Bengaluru",2,5,Chennai Super Kings,Royal Challengers Bengaluru,RD Gaikwad,SV Samson,JA Duffy,0,0,0,0,0,0,0,caught,RD Gaikwad,{'name': 'D Padikkal'},
1527684,2026,2026-04-05,"M Chinnaswamy Stadium, Bengaluru",2,6,Chennai Super Kings,Royal Challengers Bengaluru,A Mhatre,SV Samson,JA Duffy,1,0,0,0,0,0,0,,,,
1527684,2026,2026-04-05,"M Chinnaswamy Stadium, Bengaluru",2,7,Chennai Super Kings,Royal Challengers Bengaluru,A Mhatre,SV Samson,B Kumar,0,0,0,0,0,0,0,,,,
1527684,2026,2026-04-05,"M Chinnaswamy Stadium, Bengaluru",2,8,Chennai Super Kings,Royal Challengers Bengaluru,A Mhatre,SV Samson,B Kumar,0,0,0,0,0,0,0,caught,A Mhatre,{'name': 'RM Patidar'},
1527684,2026,2026-04-05,"M Chinnaswamy Stadium, Bengaluru",2,9,Chennai Super Kings,Royal Challengers Bengaluru,SN Khan,SV Samson,B Kumar,4,0,0,0,0,0,0,,,,
1527684,2026,2026-04-05,"M Chinnaswamy Stadium, Bengaluru",2,10,Chennai Super Kings,Royal Challengers Bengaluru,SN Khan,SV Samson,B Kumar,0,0,0,0,0,0,0,,,,
1527684,2026,2026-04-05,"M Chinnaswamy Stadium, Bengaluru",2,11,Chennai Super Kings,Royal Challengers Bengaluru,SN Khan,SV Samson,B Kumar,0,0,0,0,0,0,0,,,,
1527684,2026,2026-04-05,"M Chinnaswamy Stadium, Bengaluru",2,12,Chennai Super Kings,Royal Challengers Bengaluru,SN Khan,SV Samson,B Kumar,4,0,0,0,0,0,0,,,,
1527684,2026,2026-04-05,"M Chinnaswamy Stadium, Bengaluru",2,13,Chennai Super Kings,Royal Challengers Bengaluru,SV Samson,SN Khan,JA Duffy,1,0,0,0,0,0,0,,,,
1527684,2026,2026-04-05,"M Chinnaswamy Stadium, Bengaluru",2,14,Chennai Super Kings,Royal Challengers Bengaluru,SN Khan,SV Samson,JA Duffy,4,0,0,0,0,0,0,,,,
1527684,2026,2026-04-05,"M Chinnaswamy Stadium, Bengaluru",2,15,Chennai Super Kings,Royal Challengers Bengaluru,SN Khan,SV Samson,JA Duffy,0,1,0,0,0,1,0,,,,
1527684,2026,2026-04-05,"M Chinnaswamy Stadium, Bengaluru",2,16,Chennai Super Kings,Royal Challengers Bengaluru,SV Samson,SN Khan,JA Duffy,6,0,0,0,0,0,0,,,,
1527684,2026,2026-04-05,"M Chinnaswamy Stadium, Bengaluru",2,17,Chennai Super Kings,Royal Challengers Bengaluru,SV Samson,SN Khan,JA Duffy,0,0,0,0,0,0,0,caught,SV Samson,{'name': 'D Padikkal'},
1527684,2026,2026-04-05,"M Chinnaswamy Stadium, Bengaluru",2,18,Chennai Super Kings,Royal Challengers Bengaluru,Kartik Sharma,SN Khan,JA Duffy,0,0,0,0,0,0,0,,,,
1527684,2026,2026-04-05,"M Chinnaswamy Stadium, Bengaluru",2,19,Chennai Super Kings,Royal Challengers Bengaluru,SN Khan,Kartik Sharma,B Kumar,0,0,0,0,0,0,0,,,,
1527684,2026,2026-04-05,"M Chinnaswamy Stadium, Bengaluru",2,20,Chennai Super Kings,Royal Challengers Bengaluru,SN Khan,Kartik Sharma,B Kumar,4,0,0,0,0,0,0,,,,
1527684,2026,2026-04-05,"M Chinnaswamy Stadium, Bengaluru",2,21,Chennai Super Kings,Royal Challengers Bengaluru,SN Khan,Kartik Sharma,B Kumar,0,0,0,0,0,0,0,,,,
1527684,2026,2026-04-05,"M Chinnaswamy Stadium, Bengaluru",2,22,Chennai Super Kings,Royal Challengers Bengaluru,SN Khan,Kartik Sharma,B Kumar,0,0,0,0,0,0,0,,,,
1527684,2026,2026-04-05,"M Chinnaswamy Stadium, Bengaluru",2,23,Chennai Super Kings,Royal Challengers Bengaluru,SN Khan,Kartik Sharma,B Kumar,6,0,0,0,0,0,0,,,,
1527684,2026,2026-04-05,"M Chinnaswamy Stadium, Bengaluru",2,24,Chennai Super Kings,Royal Challengers Bengaluru,SN Khan,Kartik Sharma,B Kumar,0,1,0,0,0,1,0,,,,
1527684,2026,2026-04-05,"M Chinnaswamy Stadium, Bengaluru",2,25,Chennai Super Kings,Royal Challengers Bengaluru,SN Khan,Kartik Sharma,JA Duffy,0,0,0,0,0,0,0,,,,
1527684,2026,2026-04-05,"M Chinnaswamy Stadium, Bengaluru",2,26,Chennai Super Kings,Royal Challengers Bengaluru,SN Khan,Kartik Sharma,JA Duffy,6,0,0,0,0,0,0,,,,
1527684,2026,2026-04-05,"M Chinnaswamy Stadium, Bengaluru",2,27,Chennai Super Kings,Royal Challengers Bengaluru,SN Khan,Kartik Sharma,JA Duffy,0,1,1,0,0,0,0,,,,
1527684,2026,2026-04-05,"M Chinnaswamy Stadium, Bengaluru",2,28,Chennai Super Kings,Royal Challengers Bengaluru,SN Khan,Kartik Sharma,JA Duffy,4,0,0,0,0,0,0,,,,
1527684,2026,2026-04-05,"M Chinnaswamy Stadium, Bengaluru",2,29,Chennai Super Kings,Royal Challengers Bengaluru,SN Khan,Kartik Sharma,JA Duffy,0,0,0,0,0,0,0,,,,
1527684,2026,2026-04-05,"M Chinnaswamy Stadium, Bengaluru",2,30,Chennai Super Kings,Royal Challengers Bengaluru,SN Khan,Kartik Sharma,JA Duffy,4,1,0,1,0,0,0,,,,
1527684,2026,2026-04-05,"M Chinnaswamy Stadium, Bengaluru",2,31,Chennai Super Kings,Royal Challengers Bengaluru,SN Khan,Kartik Sharma,JA Duffy,1,0,0,0,0,0,0,,,,
1527684,2026,2026-04-05,"M Chinnaswamy Stadium, Bengaluru",2,32,Chennai Super Kings,Royal Challengers Bengaluru,Kartik Sharma,SN Khan,JA Duffy,6,0,0,0,0,0,0,,,,
1527684,2026,2026-04-05,"M Chinnaswamy Stadium, Bengaluru",2,31,Chennai Super Kings,Royal Challengers Bengaluru,SN Khan,Kartik Sharma,Abhinandan Singh,0,0,0,0,0,0,0,,,,
1527684,2026,2026-04-05,"M Chinnaswamy Stadium, Bengaluru",2,32,Chennai Super Kings,Royal Challengers Bengaluru,SN Khan,Kartik Sharma,Abhinandan Singh,2,0,0,0,0,0,0,,,,
1527684,2026,2026-04-05,"M Chinnaswamy Stadium, Bengaluru",2,33,Chennai Super Kings,Royal Challengers Bengaluru,SN Khan,Kartik Sharma,Abhinandan Singh,4,0,0,0,0,0,0,,,,
1527684,2026,2026-04-05,"M Chinnaswamy Stadium, Bengaluru",2,34,Chennai Super Kings,Royal Challengers Bengaluru,SN Khan,Kartik Sharma,Abhinandan Singh,4,0,0,0,0,0,0,,,,
1527684,2026,2026-04-05,"M Chinnaswamy Stadium, Bengaluru",2,35,Chennai Super Kings,Royal Challengers Bengaluru,SN Khan,Kartik Sharma,Abhinandan Singh,2,0,0,0,0,0,0,,,,
1527684,2026,2026-04-05,"M Chinnaswamy Stadium, Bengaluru",2,36,Chennai Super Kings,Royal Challengers Bengaluru,SN Khan,Kartik Sharma,Abhinandan Singh,1,0,0,0,0,0,0,,,,
1527684,2026,2026-04-05,"M Chinnaswamy Stadium, Bengaluru",2,37,Chennai Super Kings,Royal Challengers Bengaluru,SN Khan,Kartik Sharma,KH Pandya,0,0,0,0,0,0,0,stumped,SN Khan,{'name': 'JM Sharma'},
1527684,2026,2026-04-05,"M Chinnaswamy Stadium, Bengaluru",2,38,Chennai Super Kings,Royal Challengers Bengaluru,S Dube,Kartik Sharma,KH Pandya,6,0,0,0,0,0,0,,,,
1527684,2026,2026-04-05,"M Chinnaswamy Stadium, Bengaluru",2,39,Chennai Super Kings,Royal Challengers Bengaluru,S Dube,Kartik Sharma,KH Pandya,0,0,0,0,0,0,0,,,,
1527684,2026,2026-04-05,"M Chinnaswamy Stadium, Bengaluru",2,40,Chennai Super Kings,Royal Challengers Bengaluru,S Dube,Kartik Sharma,KH Pandya,1,0,0,0,0,0,0,,,,
1527684,2026,2026-04-05,"M Chinnaswamy Stadium, Bengaluru",2,41,Chennai Super Kings,Royal Challengers Bengaluru,Kartik Sharma,S Dube,KH Pandya,0,0,0,0,0,0,0,caught,Kartik Sharma,{'name': 'Abhinandan Singh'},
1527684,2026,2026-04-05,"M Chinnaswamy Stadium, Bengaluru",2,42,Chennai Super Kings,Royal Challengers Bengaluru,PR Veer,S Dube,KH Pandya,0,0,0,0,0,0,0,,,,
1527684,2026,2026-04-05,"M Chinnaswamy Stadium, Bengaluru",2,43,Chennai Super Kings,Royal Challengers Bengaluru,S Dube,PR Veer,Abhinandan Singh,1,0,0,0,0,0,0,,,,
1527684,2026,2026-04-05,"M Chinnaswamy Stadium, Bengaluru",2,44,Chennai Super Kings,Royal Challengers Bengaluru,PR Veer,S Dube,Abhinandan Singh,4,0,0,0,0,0,0,,,,
1527684,2026,2026-04-05,"M Chinnaswamy Stadium, Bengaluru",2,45,Chennai Super Kings,Royal Challengers Bengaluru,PR Veer,S Dube,Abhinandan Singh,1,0,0,0,0,0,0,,,,
1527684,2026,2026-04-05,"M Chinnaswamy Stadium, Bengaluru",2,46,Chennai Super Kings,Royal Challengers Bengaluru,S Dube,PR Veer,Abhinandan Singh,4,0,0,0,0,0,0,,,,
1527684,2026,2026-04-05,"M Chinnaswamy Stadium, Bengaluru",2,47,Chennai Super Kings,Royal Challengers Bengaluru,S Dube,PR Veer,Abhinandan Singh,0,0,0,0,0,0,0,,,,
1527684,2026,2026-04-05,"M Chinnaswamy Stadium, Bengaluru",2,48,Chennai Super Kings,Royal Challengers Bengaluru,S Dube,PR Veer,Abhinandan Singh,0,0,0,0,0,0,0,,,,
1527684,2026,2026-04-05,"M Chinnaswamy Stadium, Bengaluru",2,49,Chennai Super Kings,Royal Challengers Bengaluru,PR Veer,S Dube,KH Pandya,4,0,0,0,0,0,0,,,,
1527684,2026,2026-04-05,"M Chinnaswamy Stadium, Bengaluru",2,50,Chennai Super Kings,Royal Challengers Bengaluru,PR Veer,S Dube,KH Pandya,1,0,0,0,0,0,0,,,,
1527684,2026,2026-04-05,"M Chinnaswamy Stadium, Bengaluru",2,51,Chennai Super Kings,Royal Challengers Bengaluru,S Dube,PR Veer,KH Pandya,0,0,0,0,0,0,0,,,,
1527684,2026,2026-04-05,"M Chinnaswamy Stadium, Bengaluru",2,52,Chennai Super Kings,Royal Challengers Bengaluru,S Dube,PR Veer,KH Pandya,1,0,0,0,0,0,0,,,,
1527684,2026,2026-04-05,"M Chinnaswamy Stadium, Bengaluru",2,53,Chennai Super Kings,Royal Challengers Bengaluru,PR Veer,S Dube,KH Pandya,1,0,0,0,0,0,0,,,,
1527684,2026,2026-04-05,"M Chinnaswamy Stadium, Bengaluru",2,54,Chennai Super Kings,Royal Challengers Bengaluru,S Dube,PR Veer,KH Pandya,4,0,0,0,0,0,0,,,,
1527684,2026,2026-04-05,"M Chinnaswamy Stadium, Bengaluru",2,55,Chennai Super Kings,Royal Challengers Bengaluru,PR Veer,S Dube,Abhinandan Singh,1,0,0,0,0,0,0,,,,
1527684,2026,2026-04-05,"M Chinnaswamy Stadium, Bengaluru",2,56,Chennai Super Kings,Royal Challengers Bengaluru,S Dube,PR Veer,Abhinandan Singh,1,0,0,0,0,0,0,,,,
1527684,2026,2026-04-05,"M Chinnaswamy Stadium, Bengaluru",2,57,Chennai Super Kings,Royal Challengers Bengaluru,PR Veer,S Dube,Abhinandan Singh,1,0,0,0,0,0,0,,,,
1527684,2026,2026-04-05,"M Chinnaswamy Stadium, Bengaluru",2,58,Chennai Super Kings,Royal Challengers Bengaluru,S Dube,PR Veer,Abhinandan Singh,0,0,0,0,0,0,0,,,,
1527684,2026,2026-04-05,"M Chinnaswamy Stadium, Bengaluru",2,59,Chennai Super Kings,Royal Challengers Bengaluru,S Dube,PR Veer,Abhinandan Singh,0,0,0,0,0,0,0,caught,S Dube,{'name': 'JM Sharma'},
1527684,2026,2026-04-05,"M Chinnaswamy Stadium, Bengaluru",2,60,Chennai Super Kings,Royal Challengers Bengaluru,J Overton,PR Veer,Abhinandan Singh,1,0,0,0,0,0,0,,,,
1527684,2026,2026-04-05,"M Chinnaswamy Stadium, Bengaluru",2,61,Chennai Super Kings,Royal Challengers Bengaluru,J Overton,PR Veer,Suyash Sharma,1,0,0,0,0,0,0,,,,
1527684,2026,2026-04-05,"M Chinnaswamy Stadium, Bengaluru",2,62,Chennai Super Kings,Royal Challengers Bengaluru,PR Veer,J Overton,Suyash Sharma,1,0,0,0,0,0,0,,,,
1527684,2026,2026-04-05,"M Chinnaswamy Stadium, Bengaluru",2,63,Chennai Super Kings,Royal Challengers Bengaluru,J Overton,PR Veer,Suyash Sharma,4,0,0,0,0,0,0,,,,
1527684,2026,2026-04-05,"M Chinnaswamy Stadium, Bengaluru",2,64,Chennai Super Kings,Royal Challengers Bengaluru,J Overton,PR Veer,Suyash Sharma,1,0,0,0,0,0,0,,,,
1527684,2026,2026-04-05,"M Chinnaswamy Stadium, Bengaluru",2,65,Chennai Super Kings,Royal Challengers Bengaluru,PR Veer,J Overton,Suyash Sharma,0,0,0,0,0,0,0,,,,
1527684,2026,2026-04-05,"M Chinnaswamy Stadium, Bengaluru",2,66,Chennai Super Kings,Royal Challengers Bengaluru,PR Veer,J Overton,Suyash Sharma,1,0,0,0,0,0,0,,,,
1527684,2026,2026-04-05,"M Chinnaswamy Stadium, Bengaluru",2,67,Chennai Super Kings,Royal Challengers Bengaluru,PR Veer,J Overton,R Shepherd,1,0,0,0,0,0,0,,,,
1527684,2026,2026-04-05,"M Chinnaswamy Stadium, Bengaluru",2,68,Chennai Super Kings,Royal Challengers Bengaluru,J Overton,PR Veer,R Shepherd,6,0,0,0,0,0,0,,,,
1527684,2026,2026-04-05,"M Chinnaswamy Stadium, Bengaluru",2,69,Chennai Super Kings,Royal Challengers Bengaluru,J Overton,PR Veer,R Shepherd,6,0,0,0,0,0,0,,,,
1527684,2026,2026-04-05,"M Chinnaswamy Stadium, Bengaluru",2,70,Chennai Super Kings,Royal Challengers Bengaluru,J Overton,PR Veer,R Shepherd,4,0,0,0,0,0,0,,,,
1527684,2026,2026-04-05,"M Chinnaswamy Stadium, Bengaluru",2,71,Chennai Super Kings,Royal Challengers Bengaluru,J Overton,PR Veer,R Shepherd,1,0,0,0,0,0,0,,,,
1527684,2026,2026-04-05,"M Chinnaswamy Stadium, Bengaluru",2,72,Chennai Super Kings,Royal Challengers Bengaluru,PR Veer,J Overton,R Shepherd,1,0,0,0,0,0,0,,,,
1527684,2026,2026-04-05,"M Chinnaswamy Stadium, Bengaluru",2,73,Chennai Super Kings,Royal Challengers Bengaluru,PR Veer,J Overton,Suyash Sharma,0,0,0,0,0,0,0,,,,
1527684,2026,2026-04-05,"M Chinnaswamy Stadium, Bengaluru",2,74,Chennai Super Kings,Royal Challengers Bengaluru,PR Veer,J Overton,Suyash Sharma,0,0,0,0,0,0,0,,,,
1527684,2026,2026-04-05,"M Chinnaswamy Stadium, Bengaluru",2,75,Chennai Super Kings,Royal Challengers Bengaluru,PR Veer,J Overton,Suyash Sharma,1,0,0,0,0,0,0,,,,
1527684,2026,2026-04-05,"M Chinnaswamy Stadium, Bengaluru",2,76,Chennai Super Kings,Royal Challengers Bengaluru,J Overton,PR Veer,Suyash Sharma,1,0,0,0,0,0,0,,,,
1527684,2026,2026-04-05,"M Chinnaswamy Stadium, Bengaluru",2,77,Chennai Super Kings,Royal Challengers Bengaluru,PR Veer,J Overton,Suyash Sharma,0,0,0,0,0,0,0,,,,
1527684,2026,2026-04-05,"M Chinnaswamy Stadium, Bengaluru",2,78,Chennai Super Kings,Royal Challengers Bengaluru,PR Veer,J Overton,Suyash Sharma,1,0,0,0,0,0,0,,,,
1527684,2026,2026-04-05,"M Chinnaswamy Stadium, Bengaluru",2,79,Chennai Super Kings,Royal Challengers Bengaluru,PR Veer,J Overton,KH Pandya,4,0,0,0,0,0,0,,,,
1527684,2026,2026-04-05,"M Chinnaswamy Stadium, Bengaluru",2,80,Chennai Super Kings,Royal Challengers Bengaluru,PR Veer,J Overton,KH Pandya,6,0,0,0,0,0,0,,,,
1527684,2026,2026-04-05,"M Chinnaswamy Stadium, Bengaluru",2,81,Chennai Super Kings,Royal Challengers Bengaluru,PR Veer,J Overton,KH Pandya,4,0,0,0,0,0,0,,,,
1527684,2026,2026-04-05,"M Chinnaswamy Stadium, Bengaluru",2,82,Chennai Super Kings,Royal Challengers Bengaluru,PR Veer,J Overton,KH Pandya,0,0,0,0,0,0,0,,,,
1527684,2026,2026-04-05,"M Chinnaswamy Stadium, Bengaluru",2,83,Chennai Super Kings,Royal Challengers Bengaluru,PR Veer,J Overton,KH Pandya,4,0,0,0,0,0,0,,,,
1527684,2026,2026-04-05,"M Chinnaswamy Stadium, Bengaluru",2,84,Chennai Super Kings,Royal Challengers Bengaluru,PR Veer,J Overton,KH Pandya,0,0,0,0,0,0,0,,,,
1527684,2026,2026-04-05,"M Chinnaswamy Stadium, Bengaluru",2,85,Chennai Super Kings,Royal Challengers Bengaluru,J Overton,PR Veer,Suyash Sharma,1,0,0,0,0,0,0,,,,
1527684,2026,2026-04-05,"M Chinnaswamy Stadium, Bengaluru",2,86,Chennai Super Kings,Royal Challengers Bengaluru,PR Veer,J Overton,Suyash Sharma,1,0,0,0,0,0,0,,,,
1527684,2026,2026-04-05,"M Chinnaswamy Stadium, Bengaluru",2,87,Chennai Super Kings,Royal Challengers Bengaluru,J Overton,PR Veer,Suyash Sharma,1,0,0,0,0,0,0,,,,
1527684,2026,2026-04-05,"M Chinnaswamy Stadium, Bengaluru",2,88,Chennai Super Kings,Royal Challengers Bengaluru,PR Veer,J Overton,Suyash Sharma,4,0,0,0,0,0,0,,,,
1527684,2026,2026-04-05,"M Chinnaswamy Stadium, Bengaluru",2,89,Chennai Super Kings,Royal Challengers Bengaluru,PR Veer,J Overton,Suyash Sharma,0,0,0,0,0,0,0,,,,
1527684,2026,2026-04-05,"M Chinnaswamy Stadium, Bengaluru",2,90,Chennai Super Kings,Royal Challengers Bengaluru,PR Veer,J Overton,Suyash Sharma,1,0,0,0,0,0,0,,,,
1527684,2026,2026-04-05,"M Chinnaswamy Stadium, Bengaluru",2,91,Chennai Super Kings,Royal Challengers Bengaluru,PR Veer,J Overton,B Kumar,0,0,0,0,0,0,0,caught,PR Veer,{'name': 'RM Patidar'},
1527684,2026,2026-04-05,"M Chinnaswamy Stadium, Bengaluru",2,92,Chennai Super Kings,Royal Challengers Bengaluru,A Kamboj,J Overton,B Kumar,1,0,0,0,0,0,0,,,,
1527684,2026,2026-04-05,"M Chinnaswamy Stadium, Bengaluru",2,93,Chennai Super Kings,Royal Challengers Bengaluru,J Overton,A Kamboj,B Kumar,4,0,0,0,0,0,0,,,,
1527684,2026,2026-04-05,"M Chinnaswamy Stadium, Bengaluru",2,94,Chennai Super Kings,Royal Challengers Bengaluru,J Overton,A Kamboj,B Kumar,4,1,0,1,0,0,0,,,,
1527684,2026,2026-04-05,"M Chinnaswamy Stadium, Bengaluru",2,95,Chennai Super Kings,Royal Challengers Bengaluru,J Overton,A Kamboj,B Kumar,1,0,0,0,0,0,0,,,,
1527684,2026,2026-04-05,"M Chinnaswamy Stadium, Bengaluru",2,96,Chennai Super Kings,Royal Challengers Bengaluru,A Kamboj,J Overton,B Kumar,1,0,0,0,0,0,0,,,,
1527684,2026,2026-04-05,"M Chinnaswamy Stadium, Bengaluru",2,97,Chennai Super Kings,Royal Challengers Bengaluru,J Overton,A Kamboj,B Kumar,1,0,0,0,0,0,0,,,,
1527684,2026,2026-04-05,"M Chinnaswamy Stadium, Bengaluru",2,97,Chennai Super Kings,Royal Challengers Bengaluru,J Overton,A Kamboj,Suyash Sharma,0,0,0,0,0,0,0,caught,J Overton,"{'name': 'JG Bethell', 'substitute': True}",
1527684,2026,2026-04-05,"M Chinnaswamy Stadium, Bengaluru",2,98,Chennai Super Kings,Royal Challengers Bengaluru,Noor Ahmad,A Kamboj,Suyash Sharma,1,0,0,0,0,0,0,,,,
1527684,2026,2026-04-05,"M Chinnaswamy Stadium, Bengaluru",2,99,Chennai Super Kings,Royal Challengers Bengaluru,A Kamboj,Noor Ahmad,Suyash Sharma,1,0,0,0,0,0,0,,,,
1527684,2026,2026-04-05,"M Chinnaswamy Stadium, Bengaluru",2,100,Chennai Super Kings,Royal Challengers Bengaluru,Noor Ahmad,A Kamboj,Suyash Sharma,0,0,0,0,0,0,0,,,,
1527684,2026,2026-04-05,"M Chinnaswamy Stadium, Bengaluru",2,101,Chennai Super Kings,Royal Challengers Bengaluru,Noor Ahmad,A Kamboj,Suyash Sharma,0,0,0,0,0,0,0,,,,
1527684,2026,2026-04-05,"M Chinnaswamy Stadium, Bengaluru",2,102,Chennai Super Kings,Royal Challengers Bengaluru,Noor Ahmad,A Kamboj,Suyash Sharma,0,0,0,0,0,0,0,,,,
1527684,2026,2026-04-05,"M Chinnaswamy Stadium, Bengaluru",2,103,Chennai Super Kings,Royal Challengers Bengaluru,A Kamboj,Noor Ahmad,B Kumar,1,0,0,0,0,0,0,,,,
1527684,2026,2026-04-05,"M Chinnaswamy Stadium, Bengaluru",2,104,Chennai Super Kings,Royal Challengers Bengaluru,Noor Ahmad,A Kamboj,B Kumar,0,0,0,0,0,0,0,,,,
1527684,2026,2026-04-05,"M Chinnaswamy Stadium, Bengaluru",2,105,Chennai Super Kings,Royal Challengers Bengaluru,Noor Ahmad,A Kamboj,B Kumar,6,0,0,0,0,0,0,,,,
1527684,2026,2026-04-05,"M Chinnaswamy Stadium, Bengaluru",2,106,Chennai Super Kings,Royal Challengers Bengaluru,Noor Ahmad,A Kamboj,B Kumar,1,0,0,0,0,0,0,,,,
1527684,2026,2026-04-05,"M Chinnaswamy Stadium, Bengaluru",2,107,Chennai Super Kings,Royal Challengers Bengaluru,A Kamboj,Noor Ahmad,B Kumar,1,0,0,0,0,0,0,,,,
1527684,2026,2026-04-05,"M Chinnaswamy Stadium, Bengaluru",2,108,Chennai Super Kings,Royal Challengers Bengaluru,Noor Ahmad,A Kamboj,B Kumar,0,1,1,0,0,0,0,,,,
1527684,2026,2026-04-05,"M Chinnaswamy Stadium, Bengaluru",2,109,Chennai Super Kings,Royal Challengers Bengaluru,Noor Ahmad,A Kamboj,B Kumar,0,0,0,0,0,0,0,caught,Noor Ahmad,{'name': 'V Kohli'},
1527684,2026,2026-04-05,"M Chinnaswamy Stadium, Bengaluru",2,109,Chennai Super Kings,Royal Challengers Bengaluru,A Kamboj,MJ Henry,JA Duffy,0,1,1,0,0,0,0,,,,
1527684,2026,2026-04-05,"M Chinnaswamy Stadium, Bengaluru",2,110,Chennai Super Kings,Royal Challengers Bengaluru,A Kamboj,MJ Henry,JA Duffy,4,0,0,0,0,0,0,,,,
1527684,2026,2026-04-05,"M Chinnaswamy Stadium, Bengaluru",2,111,Chennai Super Kings,Royal Challengers Bengaluru,A Kamboj,MJ Henry,JA Duffy,0,0,0,0,0,0,0,,,,
1527684,2026,2026-04-05,"M Chinnaswamy Stadium, Bengaluru",2,112,Chennai Super Kings,Royal Challengers Bengaluru,A Kamboj,MJ Henry,JA Duffy,1,0,0,0,0,0,0,,,,
1527684,2026,2026-04-05,"M Chinnaswamy Stadium, Bengaluru",2,113,Chennai Super Kings,Royal Challengers Bengaluru,MJ Henry,A Kamboj,JA Duffy,1,0,0,0,0,0,0,,,,
1527684,2026,2026-04-05,"M Chinnaswamy Stadium, Bengaluru",2,114,Chennai Super Kings,Royal Challengers Bengaluru,A Kamboj,MJ Henry,JA Duffy,6,0,0,0,0,0,0,,,,
1527684,2026,2026-04-05,"M Chinnaswamy Stadium, Bengaluru",2,115,Chennai Super Kings,Royal Challengers Bengaluru,A Kamboj,MJ Henry,JA Duffy,1,0,0,0,0,0,0,,,,
1527684,2026,2026-04-05,"M Chinnaswamy Stadium, Bengaluru",2,115,Chennai Super Kings,Royal Challengers Bengaluru,A Kamboj,MJ Henry,Abhinandan Singh,1,0,0,0,0,0,0,,,,
1527684,2026,2026-04-05,"M Chinnaswamy Stadium, Bengaluru",2,116,Chennai Super Kings,Royal Challengers Bengaluru,MJ Henry,A Kamboj,Abhinandan Singh,1,0,0,0,0,0,0,,,,
1527684,2026,2026-04-05,"M Chinnaswamy Stadium, Bengaluru",2,117,Chennai Super Kings,Royal Challengers Bengaluru,A Kamboj,MJ Henry,Abhinandan Singh,1,0,0,0,0,0,0,,,,
1527684,2026,2026-04-05,"M Chinnaswamy Stadium, Bengaluru",2,118,Chennai Super Kings,Royal Challengers Bengaluru,MJ Henry,A Kamboj,Abhinandan Singh,0,0,0,0,0,0,0,caught,MJ Henry,{'name': 'PD Salt'},
1527685,2026,2026-04-06,"Eden Gardens, Kolkata",1,1,Kolkata Knight Riders,Punjab Kings,AM Rahane,FH Allen,Arshdeep Singh,1,0,0,0,0,0,0,,,,
1527685,2026,2026-04-06,"Eden Gardens, Kolkata",1,2,Kolkata Knight Riders,Punjab Kings,FH Allen,AM Rahane,Arshdeep Singh,1,0,0,0,0,0,0,,,,
1527685,2026,2026-04-06,"Eden Gardens, Kolkata",1,3,Kolkata Knight Riders,Punjab Kings,AM Rahane,FH Allen,Arshdeep Singh,4,0,0,0,0,0,0,,,,
1527685,2026,2026-04-06,"Eden Gardens, Kolkata",1,4,Kolkata Knight Riders,Punjab Kings,AM Rahane,FH Allen,Arshdeep Singh,1,0,0,0,0,0,0,,,,
1527685,2026,2026-04-06,"Eden Gardens, Kolkata",1,5,Kolkata Knight Riders,Punjab Kings,FH Allen,AM Rahane,Arshdeep Singh,4,0,0,0,0,0,0,,,,
1527685,2026,2026-04-06,"Eden Gardens, Kolkata",1,6,Kolkata Knight Riders,Punjab Kings,FH Allen,AM Rahane,Arshdeep Singh,1,0,0,0,0,0,0,,,,
1527685,2026,2026-04-06,"Eden Gardens, Kolkata",1,7,Kolkata Knight Riders,Punjab Kings,FH Allen,AM Rahane,XC Bartlett,0,0,0,0,0,0,0,,,,
1527685,2026,2026-04-06,"Eden Gardens, Kolkata",1,8,Kolkata Knight Riders,Punjab Kings,FH Allen,AM Rahane,XC Bartlett,0,0,0,0,0,0,0,,,,
1527685,2026,2026-04-06,"Eden Gardens, Kolkata",1,9,Kolkata Knight Riders,Punjab Kings,FH Allen,AM Rahane,XC Bartlett,0,0,0,0,0,0,0,,,,
1527685,2026,2026-04-06,"Eden Gardens, Kolkata",1,10,Kolkata Knight Riders,Punjab Kings,FH Allen,AM Rahane,XC Bartlett,0,0,0,0,0,0,0,caught,FH Allen,{'name': 'P Simran Singh'},
1527685,2026,2026-04-06,"Eden Gardens, Kolkata",1,11,Kolkata Knight Riders,Punjab Kings,C Green,AM Rahane,XC Bartlett,4,0,0,0,0,0,0,,,,
1527685,2026,2026-04-06,"Eden Gardens, Kolkata",1,12,Kolkata Knight Riders,Punjab Kings,C Green,AM Rahane,XC Bartlett,0,0,0,0,0,0,0,caught,C Green,{'name': 'P Simran Singh'},
1527685,2026,2026-04-06,"Eden Gardens, Kolkata",1,13,Kolkata Knight Riders,Punjab Kings,AM Rahane,A Raghuvanshi,Arshdeep Singh,1,0,0,0,0,0,0,,,,
1527685,2026,2026-04-06,"Eden Gardens, Kolkata",1,14,Kolkata Knight Riders,Punjab Kings,A Raghuvanshi,AM Rahane,Arshdeep Singh,0,0,0,0,0,0,0,,,,
1527685,2026,2026-04-06,"Eden Gardens, Kolkata",1,15,Kolkata Knight Riders,Punjab Kings,A Raghuvanshi,AM Rahane,Arshdeep Singh,1,0,0,0,0,0,0,,,,
1527685,2026,2026-04-06,"Eden Gardens, Kolkata",1,16,Kolkata Knight Riders,Punjab Kings,AM Rahane,A Raghuvanshi,Arshdeep Singh,1,0,0,0,0,0,0,,,,
1527685,2026,2026-04-06,"Eden Gardens, Kolkata",1,17,Kolkata Knight Riders,Punjab Kings,A Raghuvanshi,AM Rahane,Arshdeep Singh,0,0,0,0,0,0,0,,,,
1527685,2026,2026-04-06,"Eden Gardens, Kolkata",1,18,Kolkata Knight Riders,Punjab Kings,A Raghuvanshi,AM Rahane,Arshdeep Singh,1,0,0,0,0,0,0,,,,
1527685,2026,2026-04-06,"Eden Gardens, Kolkata",1,19,Kolkata Knight Riders,Punjab Kings,A Raghuvanshi,AM Rahane,XC Bartlett,0,0,0,0,0,0,0,,,,
1527685,2026,2026-04-06,"Eden Gardens, Kolkata",1,20,Kolkata Knight Riders,Punjab Kings,A Raghuvanshi,AM Rahane,XC Bartlett,0,0,0,0,0,0,0,,,,
1527685,2026,2026-04-06,"Eden Gardens, Kolkata",1,21,Kolkata Knight Riders,Punjab Kings,A Raghuvanshi,AM Rahane,XC Bartlett,5,0,0,0,0,0,0,,,,
1527685,2026,2026-04-06,"Eden Gardens, Kolkata",1,22,Kolkata Knight Riders,Punjab Kings,AM Rahane,A Raghuvanshi,XC Bartlett,0,0,0,0,0,0,0,,,,
1527686,2026,2026-04-07,"Barsapara Cricket Stadium, Guwahati",1,1,Rajasthan Royals,Mumbai Indians,YBK Jaiswal,V Suryavanshi,DL Chahar,4,0,0,0,0,0,0,,,,
1527686,2026,2026-04-07,"Barsapara Cricket Stadium, Guwahati",1,2,Rajasthan Royals,Mumbai Indians,YBK Jaiswal,V Suryavanshi,DL Chahar,6,0,0,0,0,0,0,,,,
1527686,2026,2026-04-07,"Barsapara Cricket Stadium, Guwahati",1,3,Rajasthan Royals,Mumbai Indians,YBK Jaiswal,V Suryavanshi,DL Chahar,4,0,0,0,0,0,0,,,,
1527686,2026,2026-04-07,"Barsapara Cricket Stadium, Guwahati",1,4,Rajasthan Royals,Mumbai Indians,YBK Jaiswal,V Suryavanshi,DL Chahar,0,0,0,0,0,0,0,,,,
1527686,2026,2026-04-07,"Barsapara Cricket Stadium, Guwahati",1,5,Rajasthan Royals,Mumbai Indians,YBK Jaiswal,V Suryavanshi,DL Chahar,4,0,0,0,0,0,0,,,,
1527686,2026,2026-04-07,"Barsapara Cricket Stadium, Guwahati",1,6,Rajasthan Royals,Mumbai Indians,YBK Jaiswal,V Suryavanshi,DL Chahar,4,0,0,0,0,0,0,,,,
1527686,2026,2026-04-07,"Barsapara Cricket Stadium, Guwahati",1,7,Rajasthan Royals,Mumbai Indians,V Suryavanshi,YBK Jaiswal,JJ Bumrah,6,0,0,0,0,0,0,,,,
1527686,2026,2026-04-07,"Barsapara Cricket Stadium, Guwahati",1,8,Rajasthan Royals,Mumbai Indians,V Suryavanshi,YBK Jaiswal,JJ Bumrah,1,0,0,0,0,0,0,,,,
1527686,2026,2026-04-07,"Barsapara Cricket Stadium, Guwahati",1,9,Rajasthan Royals,Mumbai Indians,YBK Jaiswal,V Suryavanshi,JJ Bumrah,1,0,0,0,0,0,0,,,,
1527686,2026,2026-04-07,"Barsapara Cricket Stadium, Guwahati",1,10,Rajasthan Royals,Mumbai Indians,V Suryavanshi,YBK Jaiswal,JJ Bumrah,6,0,0,0,0,0,0,,,,
1527686,2026,2026-04-07,"Barsapara Cricket Stadium, Guwahati",1,11,Rajasthan Royals,Mumbai Indians,V Suryavanshi,YBK Jaiswal,JJ Bumrah,0,0,0,0,0,0,0,,,,
1527686,2026,2026-04-07,"Barsapara Cricket Stadium, Guwahati",1,12,Rajasthan Royals,Mumbai Indians,V Suryavanshi,YBK Jaiswal,JJ Bumrah,0,0,0,0,0,0,0,,,,
1527686,2026,2026-04-07,"Barsapara Cricket Stadium, Guwahati",1,13,Rajasthan Royals,Mumbai Indians,YBK Jaiswal,V Suryavanshi,TA Boult,6,0,0,0,0,0,0,,,,
1527686,2026,2026-04-07,"Barsapara Cricket Stadium, Guwahati",1,14,Rajasthan Royals,Mumbai Indians,YBK Jaiswal,V Suryavanshi,TA Boult,6,0,0,0,0,0,0,,,,
1527686,2026,2026-04-07,"Barsapara Cricket Stadium, Guwahati",1,15,Rajasthan Royals,Mumbai Indians,YBK Jaiswal,V Suryavanshi,TA Boult,1,0,0,0,0,0,0,,,,
1527686,2026,2026-04-07,"Barsapara Cricket Stadium, Guwahati",1,16,Rajasthan Royals,Mumbai Indians,V Suryavanshi,YBK Jaiswal,TA Boult,6,0,0,0,0,0,0,,,,
1527686,2026,2026-04-07,"Barsapara Cricket Stadium, Guwahati",1,17,Rajasthan Royals,Mumbai Indians,V Suryavanshi,YBK Jaiswal,TA Boult,0,1,1,0,0,0,0,,,,
1527686,2026,2026-04-07,"Barsapara Cricket Stadium, Guwahati",1,18,Rajasthan Royals,Mumbai Indians,V Suryavanshi,YBK Jaiswal,TA Boult,1,0,0,0,0,0,0,,,,
1527686,2026,2026-04-07,"Barsapara Cricket Stadium, Guwahati",1,19,Rajasthan Royals,Mumbai Indians,YBK Jaiswal,V Suryavanshi,TA Boult,1,0,0,0,0,0,0,,,,
1527686,2026,2026-04-07,"Barsapara Cricket Stadium, Guwahati",1,19,Rajasthan Royals,Mumbai Indians,YBK Jaiswal,V Suryavanshi,HH Pandya,0,0,0,0,0,0,0,,,,
1527686,2026,2026-04-07,"Barsapara Cricket Stadium, Guwahati",1,20,Rajasthan Royals,Mumbai Indians,YBK Jaiswal,V Suryavanshi,HH Pandya,1,0,0,0,0,0,0,,,,
1527686,2026,2026-04-07,"Barsapara Cricket Stadium, Guwahati",1,21,Rajasthan Royals,Mumbai Indians,V Suryavanshi,YBK Jaiswal,HH Pandya,1,0,0,0,0,0,0,,,,
1527686,2026,2026-04-07,"Barsapara Cricket Stadium, Guwahati",1,22,Rajasthan Royals,Mumbai Indians,YBK Jaiswal,V Suryavanshi,HH Pandya,1,0,0,0,0,0,0,,,,
1527686,2026,2026-04-07,"Barsapara Cricket Stadium, Guwahati",1,23,Rajasthan Royals,Mumbai Indians,V Suryavanshi,YBK Jaiswal,HH Pandya,1,0,0,0,0,0,0,,,,
1527686,2026,2026-04-07,"Barsapara Cricket Stadium, Guwahati",1,24,Rajasthan Royals,Mumbai Indians,YBK Jaiswal,V Suryavanshi,HH Pandya,0,0,0,0,0,0,0,,,,
1527686,2026,2026-04-07,"Barsapara Cricket Stadium, Guwahati",1,25,Rajasthan Royals,Mumbai Indians,V Suryavanshi,YBK Jaiswal,SN Thakur,6,0,0,0,0,0,0,,,,
1527686,2026,2026-04-07,"Barsapara Cricket Stadium, Guwahati",1,26,Rajasthan Royals,Mumbai Indians,V Suryavanshi,YBK Jaiswal,SN Thakur,4,0,0,0,0,0,0,,,,
1527686,2026,2026-04-07,"Barsapara Cricket Stadium, Guwahati",1,27,Rajasthan Royals,Mumbai Indians,V Suryavanshi,YBK Jaiswal,SN Thakur,1,0,0,0,0,0,0,,,,
1527686,2026,2026-04-07,"Barsapara Cricket Stadium, Guwahati",1,28,Rajasthan Royals,Mumbai Indians,YBK Jaiswal,V Suryavanshi,SN Thakur,1,0,0,0,0,0,0,,,,
1527686,2026,2026-04-07,"Barsapara Cricket Stadium, Guwahati",1,29,Rajasthan Royals,Mumbai Indians,V Suryavanshi,YBK Jaiswal,SN Thakur,6,0,0,0,0,0,0,,,,
1527686,2026,2026-04-07,"Barsapara Cricket Stadium, Guwahati",1,30,Rajasthan Royals,Mumbai Indians,V Suryavanshi,YBK Jaiswal,SN Thakur,0,0,0,0,0,0,0,caught,V Suryavanshi,{'name': 'Tilak Varma'},
1527686,2026,2026-04-07,"Barsapara Cricket Stadium, Guwahati",1,31,Rajasthan Royals,Mumbai Indians,YBK Jaiswal,Dhruv Jurel,AM Ghazanfar,0,1,1,0,0,0,0,,,,
1527686,2026,2026-04-07,"Barsapara Cricket Stadium, Guwahati",1,32,Rajasthan Royals,Mumbai Indians,YBK Jaiswal,Dhruv Jurel,AM Ghazanfar,1,0,0,0,0,0,0,,,,
1527686,2026,2026-04-07,"Barsapara Cricket Stadium, Guwahati",1,33,Rajasthan Royals,Mumbai Indians,Dhruv Jurel,YBK Jaiswal,AM Ghazanfar,2,0,0,0,0,0,0,,,,
1527686,2026,2026-04-07,"Barsapara Cricket Stadium, Guwahati",1,34,Rajasthan Royals,Mumbai Indians,Dhruv Jurel,YBK Jaiswal,AM Ghazanfar,0,0,0,0,0,0,0,,,,
1527686,2026,2026-04-07,"Barsapara Cricket Stadium, Guwahati",1,35,Rajasthan Royals,Mumbai Indians,Dhruv Jurel,YBK Jaiswal,AM Ghazanfar,0,0,0,0,0,0,0,lbw,Dhruv Jurel,,
1527686,2026,2026-04-07,"Barsapara Cricket Stadium, Guwahati",1,36,Rajasthan Royals,Mumbai Indians,R Parag,YBK Jaiswal,AM Ghazanfar,1,0,0,0,0,0,0,,,,
1527686,2026,2026-04-07,"Barsapara Cricket Stadium, Guwahati",1,37,Rajasthan Royals,Mumbai Indians,YBK Jaiswal,R Parag,AM Ghazanfar,4,0,0,0,0,0,0,,,,
1527686,2026,2026-04-07,"Barsapara Cricket Stadium, Guwahati",1,37,Rajasthan Royals,Mumbai Indians,R Parag,YBK Jaiswal,JJ Bumrah,1,0,0,0,0,0,0,,,,
1527686,2026,2026-04-07,"Barsapara Cricket Stadium, Guwahati",1,38,Rajasthan Royals,Mumbai Indians,YBK Jaiswal,R Parag,JJ Bumrah,0,0,0,0,0,0,0,,,,
1527686,2026,2026-04-07,"Barsapara Cricket Stadium, Guwahati",1,39,Rajasthan Royals,Mumbai Indians,YBK Jaiswal,R Parag,JJ Bumrah,1,0,0,0,0,0,0,,,,
1527686,2026,2026-04-07,"Barsapara Cricket Stadium, Guwahati",1,40,Rajasthan Royals,Mumbai Indians,R Parag,YBK Jaiswal,JJ Bumrah,4,0,0,0,0,0,0,,,,
1527686,2026,2026-04-07,"Barsapara Cricket Stadium, Guwahati",1,41,Rajasthan Royals,Mumbai Indians,R Parag,YBK Jaiswal,JJ Bumrah,1,0,0,0,0,0,0,,,,
1527686,2026,2026-04-07,"Barsapara Cricket Stadium, Guwahati",1,42,Rajasthan Royals,Mumbai Indians,YBK Jaiswal,R Parag,JJ Bumrah,1,0,0,0,0,0,0,,,,
1527686,2026,2026-04-07,"Barsapara Cricket Stadium, Guwahati",1,43,Rajasthan Royals,Mumbai Indians,YBK Jaiswal,R Parag,HH Pandya,1,0,0,0,0,0,0,,,,
1527686,2026,2026-04-07,"Barsapara Cricket Stadium, Guwahati",1,44,Rajasthan Royals,Mumbai Indians,R Parag,YBK Jaiswal,HH Pandya,1,0,0,0,0,0,0,,,,
1527686,2026,2026-04-07,"Barsapara Cricket Stadium, Guwahati",1,45,Rajasthan Royals,Mumbai Indians,YBK Jaiswal,R Parag,HH Pandya,4,0,0,0,0,0,0,,,,
1527686,2026,2026-04-07,"Barsapara Cricket Stadium, Guwahati",1,46,Rajasthan Royals,Mumbai Indians,YBK Jaiswal,R Parag,HH Pandya,1,0,0,0,0,0,0,,,,
1527686,2026,2026-04-07,"Barsapara Cricket Stadium, Guwahati",1,47,Rajasthan Royals,Mumbai Indians,R Parag,YBK Jaiswal,HH Pandya,0,0,0,0,0,0,0,,,,
1527686,2026,2026-04-07,"Barsapara Cricket Stadium, Guwahati",1,48,Rajasthan Royals,Mumbai Indians,R Parag,YBK Jaiswal,HH Pandya,6,0,0,0,0,0,0,,,,
1527686,2026,2026-04-07,"Barsapara Cricket Stadium, Guwahati",1,49,Rajasthan Royals,Mumbai Indians,YBK Jaiswal,R Parag,AM Ghazanfar,4,0,0,0,0,0,0,,,,
1527686,2026,2026-04-07,"Barsapara Cricket Stadium, Guwahati",1,50,Rajasthan Royals,Mumbai Indians,YBK Jaiswal,R Parag,AM Ghazanfar,1,0,0,0,0,0,0,,,,
1527686,2026,2026-04-07,"Barsapara Cricket Stadium, Guwahati",1,51,Rajasthan Royals,Mumbai Indians,R Parag,YBK Jaiswal,AM Ghazanfar,0,0,0,0,0,0,0,,,,
1527686,2026,2026-04-07,"Barsapara Cricket Stadium, Guwahati",1,52,Rajasthan Royals,Mumbai Indians,R Parag,YBK Jaiswal,AM Ghazanfar,6,0,0,0,0,0,0,,,,
1527686,2026,2026-04-07,"Barsapara Cricket Stadium, Guwahati",1,53,Rajasthan Royals,Mumbai Indians,R Parag,YBK Jaiswal,AM Ghazanfar,0,0,0,0,0,0,0,caught,R Parag,{'name': 'Tilak Varma'},
1527686,2026,2026-04-07,"Barsapara Cricket Stadium, Guwahati",1,54,Rajasthan Royals,Mumbai Indians,SO Hetmyer,YBK Jaiswal,AM Ghazanfar,1,0,0,0,0,0,0,,,,
1527686,2026,2026-04-07,"Barsapara Cricket Stadium, Guwahati",1,55,Rajasthan Royals,Mumbai Indians,SO Hetmyer,YBK Jaiswal,JJ Bumrah,0,0,0,0,0,0,0,,,,
1527686,2026,2026-04-07,"Barsapara Cricket Stadium, Guwahati",1,56,Rajasthan Royals,Mumbai Indians,SO Hetmyer,YBK Jaiswal,JJ Bumrah,1,0,0,0,0,0,0,,,,
1527686,2026,2026-04-07,"Barsapara Cricket Stadium, Guwahati",1,57,Rajasthan Royals,Mumbai Indians,YBK Jaiswal,SO Hetmyer,JJ Bumrah,0,1,1,0,0,0,0,,,,
1527686,2026,2026-04-07,"Barsapara Cricket Stadium, Guwahati",1,58,Rajasthan Royals,Mumbai Indians,YBK Jaiswal,SO Hetmyer,JJ Bumrah,6,0,0,0,0,0,0,,,,
1527686,2026,2026-04-07,"Barsapara Cricket Stadium, Guwahati",1,59,Rajasthan Royals,Mumbai Indians,YBK Jaiswal,SO Hetmyer,JJ Bumrah,1,0,0,0,0,0,0,,,,
1527686,2026,2026-04-07,"Barsapara Cricket Stadium, Guwahati",1,60,Rajasthan Royals,Mumbai Indians,SO Hetmyer,YBK Jaiswal,JJ Bumrah,0,0,0,0,0,0,0,,,,
1527686,2026,2026-04-07,"Barsapara Cricket Stadium, Guwahati",1,61,Rajasthan Royals,Mumbai Indians,SO Hetmyer,YBK Jaiswal,JJ Bumrah,1,0,0,0,0,0,0,,,,
1527686,2026,2026-04-07,"Barsapara Cricket Stadium, Guwahati",1,61,Rajasthan Royals,Mumbai Indians,SO Hetmyer,YBK Jaiswal,SN Thakur,2,0,0,0,0,0,0,,,,
1527686,2026,2026-04-07,"Barsapara Cricket Stadium, Guwahati",1,62,Rajasthan Royals,Mumbai Indians,SO Hetmyer,YBK Jaiswal,SN Thakur,0,1,1,0,0,0,0,,,,
1527686,2026,2026-04-07,"Barsapara Cricket Stadium, Guwahati",1,63,Rajasthan Royals,Mumbai Indians,SO Hetmyer,YBK Jaiswal,SN Thakur,1,0,0,0,0,0,0,,,,
1527686,2026,2026-04-07,"Barsapara Cricket Stadium, Guwahati",1,64,Rajasthan Royals,Mumbai Indians,YBK Jaiswal,SO Hetmyer,SN Thakur,4,0,0,0,0,0,0,,,,
1527686,2026,2026-04-07,"Barsapara Cricket Stadium, Guwahati",1,65,Rajasthan Royals,Mumbai Indians,YBK Jaiswal,SO Hetmyer,SN Thakur,0,1,1,0,0,0,0,,,,
1527686,2026,2026-04-07,"Barsapara Cricket Stadium, Guwahati",1,66,Rajasthan Royals,Mumbai Indians,YBK Jaiswal,SO Hetmyer,SN Thakur,0,0,0,0,0,0,0,,,,
1527686,2026,2026-04-07,"Barsapara Cricket Stadium, Guwahati",1,67,Rajasthan Royals,Mumbai Indians,YBK Jaiswal,SO Hetmyer,SN Thakur,4,0,0,0,0,0,0,,,,
1527686,2026,2026-04-07,"Barsapara Cricket Stadium, Guwahati",1,68,Rajasthan Royals,Mumbai Indians,YBK Jaiswal,SO Hetmyer,SN Thakur,0,1,1,0,0,0,0,,,,
1527686,2026,2026-04-07,"Barsapara Cricket Stadium, Guwahati",1,69,Rajasthan Royals,Mumbai Indians,YBK Jaiswal,SO Hetmyer,SN Thakur,4,0,0,0,0,0,0,,,,
1527686,2026,2026-04-07,"Barsapara Cricket Stadium, Guwahati",2,1,Mumbai Indians,Rajasthan Royals,RD Rickelton,RG Sharma,JC Archer,1,0,0,0,0,0,0,,,,
1527686,2026,2026-04-07,"Barsapara Cricket Stadium, Guwahati",2,2,Mumbai Indians,Rajasthan Royals,RG Sharma,RD Rickelton,JC Archer,1,0,0,0,0,0,0,,,,
1527686,2026,2026-04-07,"Barsapara Cricket Stadium, Guwahati",2,3,Mumbai Indians,Rajasthan Royals,RD Rickelton,RG Sharma,JC Archer,1,0,0,0,0,0,0,,,,
1527686,2026,2026-04-07,"Barsapara Cricket Stadium, Guwahati",2,4,Mumbai Indians,Rajasthan Royals,RG Sharma,RD Rickelton,JC Archer,1,0,0,0,0,0,0,,,,
1527686,2026,2026-04-07,"Barsapara Cricket Stadium, Guwahati",2,5,Mumbai Indians,Rajasthan Royals,RD Rickelton,RG Sharma,JC Archer,6,0,0,0,0,0,0,,,,
1527686,2026,2026-04-07,"Barsapara Cricket Stadium, Guwahati",2,6,Mumbai Indians,Rajasthan Royals,RD Rickelton,RG Sharma,JC Archer,0,0,0,0,0,0,0,caught,RD Rickelton,{'name': 'Dhruv Jurel'},
1527686,2026,2026-04-07,"Barsapara Cricket Stadium, Guwahati",2,7,Mumbai Indians,Rajasthan Royals,RG Sharma,SA Yadav,N Burger,3,0,0,0,0,0,0,,,,
1527686,2026,2026-04-07,"Barsapara Cricket Stadium, Guwahati",2,8,Mumbai Indians,Rajasthan Royals,SA Yadav,RG Sharma,N Burger,6,0,0,0,0,0,0,,,,
1527686,2026,2026-04-07,"Barsapara Cricket Stadium, Guwahati",2,9,Mumbai Indians,Rajasthan Royals,SA Yadav,RG Sharma,N Burger,0,1,1,0,0,0,0,,,,
1527686,2026,2026-04-07,"Barsapara Cricket Stadium, Guwahati",2,10,Mumbai Indians,Rajasthan Royals,SA Yadav,RG Sharma,N Burger,0,0,0,0,0,0,0,,,,
1527686,2026,2026-04-07,"Barsapara Cricket Stadium, Guwahati",2,11,Mumbai Indians,Rajasthan Royals,SA Yadav,RG Sharma,N Burger,0,0,0,0,0,0,0,caught,SA Yadav,{'name': 'JC Archer'},
1527686,2026,2026-04-07,"Barsapara Cricket Stadium, Guwahati",2,12,Mumbai Indians,Rajasthan Royals,Tilak Varma,RG Sharma,N Burger,2,0,0,0,0,0,0,,,,
1527686,2026,2026-04-07,"Barsapara Cricket Stadium, Guwahati",2,13,Mumbai Indians,Rajasthan Royals,Tilak Varma,RG Sharma,N Burger,0,0,0,0,0,0,0,,,,
1527686,2026,2026-04-07,"Barsapara Cricket Stadium, Guwahati",2,13,Mumbai Indians,Rajasthan Royals,RG Sharma,Tilak Varma,Sandeep Sharma,0,0,0,0,0,0,0,,,,
1527686,2026,2026-04-07,"Barsapara Cricket Stadium, Guwahati",2,14,Mumbai Indians,Rajasthan Royals,RG Sharma,Tilak Varma,Sandeep Sharma,0,0,0,0,0,0,0,,,,
1527686,2026,2026-04-07,"Barsapara Cricket Stadium, Guwahati",2,15,Mumbai Indians,Rajasthan Royals,RG Sharma,Tilak Varma,Sandeep Sharma,0,0,0,0,0,0,0,lbw,RG Sharma,,
1527686,2026,2026-04-07,"Barsapara Cricket Stadium, Guwahati",2,16,Mumbai Indians,Rajasthan Royals,HH Pandya,Tilak Varma,Sandeep Sharma,1,0,0,0,0,0,0,,,,
1527686,2026,2026-04-07,"Barsapara Cricket Stadium, Guwahati",2,17,Mumbai Indians,Rajasthan Royals,Tilak Varma,HH Pandya,Sandeep Sharma,0,0,0,0,0,0,0,,,,
1527686,2026,2026-04-07,"Barsapara Cricket Stadium, Guwahati",2,18,Mumbai Indians,Rajasthan Royals,Tilak Varma,HH Pandya,Sandeep Sharma,0,1,1,0,0,0,0,,,,
1527686,2026,2026-04-07,"Barsapara Cricket Stadium, Guwahati",2,19,Mumbai Indians,Rajasthan Royals,Tilak Varma,HH Pandya,Sandeep Sharma,1,0,0,0,0,0,0,,,,
1527686,2026,2026-04-07,"Barsapara Cricket Stadium, Guwahati",2,19,Mumbai Indians,Rajasthan Royals,Tilak Varma,HH Pandya,TU Deshpande,4,0,0,0,0,0,0,,,,
1527686,2026,2026-04-07,"Barsapara Cricket Stadium, Guwahati",2,20,Mumbai Indians,Rajasthan Royals,Tilak Varma,HH Pandya,TU Deshpande,1,0,0,0,0,0,0,,,,
1527686,2026,2026-04-07,"Barsapara Cricket Stadium, Guwahati",2,21,Mumbai Indians,Rajasthan Royals,HH Pandya,Tilak Varma,TU Deshpande,4,0,0,0,0,0,0,,,,
1527686,2026,2026-04-07,"Barsapara Cricket Stadium, Guwahati",2,22,Mumbai Indians,Rajasthan Royals,HH Pandya,Tilak Varma,TU Deshpande,0,0,0,0,0,0,0,,,,
1527686,2026,2026-04-07,"Barsapara Cricket Stadium, Guwahati",2,23,Mumbai Indians,Rajasthan Royals,HH Pandya,Tilak Varma,TU Deshpande,0,1,0,0,1,0,0,,,,
1527686,2026,2026-04-07,"Barsapara Cricket Stadium, Guwahati",2,24,Mumbai Indians,Rajasthan Royals,Tilak Varma,HH Pandya,TU Deshpande,1,0,0,0,0,0,0,,,,
1527686,2026,2026-04-07,"Barsapara Cricket Stadium, Guwahati",2,25,Mumbai Indians,Rajasthan Royals,Tilak Varma,HH Pandya,Ravi Bishnoi,1,0,0,0,0,0,0,,,,
1527686,2026,2026-04-07,"Barsapara Cricket Stadium, Guwahati",2,26,Mumbai Indians,Rajasthan Royals,HH Pandya,Tilak Varma,Ravi Bishnoi,4,0,0,0,0,0,0,,,,
1527686,2026,2026-04-07,"Barsapara Cricket Stadium, Guwahati",2,27,Mumbai Indians,Rajasthan Royals,HH Pandya,Tilak Varma,Ravi Bishnoi,0,0,0,0,0,0,0,caught,HH Pandya,{'name': 'YBK Jaiswal'},
1527686,2026,2026-04-07,"Barsapara Cricket Stadium, Guwahati",2,28,Mumbai Indians,Rajasthan Royals,Naman Dhir,Tilak Varma,Ravi Bishnoi,1,0,0,0,0,0,0,,,,
1527686,2026,2026-04-07,"Barsapara Cricket Stadium, Guwahati",2,29,Mumbai Indians,Rajasthan Royals,Tilak Varma,Naman Dhir,Ravi Bishnoi,4,0,0,0,0,0,0,,,,
1527686,2026,2026-04-07,"Barsapara Cricket Stadium, Guwahati",2,30,Mumbai Indians,Rajasthan Royals,Tilak Varma,Naman Dhir,Ravi Bishnoi,0,0,0,0,0,0,0,caught,Tilak Varma,{'name': 'SO Hetmyer'},
1527686,2026,2026-04-07,"Barsapara Cricket Stadium, Guwahati",2,31,Mumbai Indians,Rajasthan Royals,Naman Dhir,SE Rutherford,Sandeep Sharma,0,0,0,0,0,0,0,,,,
1527686,2026,2026-04-07,"Barsapara Cricket Stadium, Guwahati",2,32,Mumbai Indians,Rajasthan Royals,Naman Dhir,SE Rutherford,Sandeep Sharma,2,0,0,0,0,0,0,,,,
1527686,2026,2026-04-07,"Barsapara Cricket Stadium, Guwahati",2,33,Mumbai Indians,Rajasthan Royals,Naman Dhir,SE Rutherford,Sandeep Sharma,6,0,0,0,0,0,0,,,,
1527686,2026,2026-04-07,"Barsapara Cricket Stadium, Guwahati",2,34,Mumbai Indians,Rajasthan Royals,Naman Dhir,SE Rutherford,Sandeep Sharma,0,0,0,0,0,0,0,,,,
1527686,2026,2026-04-07,"Barsapara Cricket Stadium, Guwahati",2,35,Mumbai Indians,Rajasthan Royals,Naman Dhir,SE Rutherford,Sandeep Sharma,4,0,0,0,0,0,0,,,,
1527686,2026,2026-04-07,"Barsapara Cricket Stadium, Guwahati",2,36,Mumbai Indians,Rajasthan Royals,Naman Dhir,SE Rutherford,Sandeep Sharma,2,0,0,0,0,0,0,,,,
1527686,2026,2026-04-07,"Barsapara Cricket Stadium, Guwahati",2,37,Mumbai Indians,Rajasthan Royals,SE Rutherford,Naman Dhir,Ravi Bishnoi,2,0,0,0,0,0,0,,,,
1527686,2026,2026-04-07,"Barsapara Cricket Stadium, Guwahati",2,38,Mumbai Indians,Rajasthan Royals,SE Rutherford,Naman Dhir,Ravi Bishnoi,2,0,0,0,0,0,0,,,,
1527686,2026,2026-04-07,"Barsapara Cricket Stadium, Guwahati",2,39,Mumbai Indians,Rajasthan Royals,SE Rutherford,Naman Dhir,Ravi Bishnoi,0,1,1,0,0,0,0,,,,
1527686,2026,2026-04-07,"Barsapara Cricket Stadium, Guwahati",2,40,Mumbai Indians,Rajasthan Royals,SE Rutherford,Naman Dhir,Ravi Bishnoi,1,0,0,0,0,0,0,,,,
1527686,2026,2026-04-07,"Barsapara Cricket Stadium, Guwahati",2,41,Mumbai Indians,Rajasthan Royals,Naman Dhir,SE Rutherford,Ravi Bishnoi,1,0,0,0,0,0,0,,,,
1527686,2026,2026-04-07,"Barsapara Cricket Stadium, Guwahati",2,42,Mumbai Indians,Rajasthan Royals,SE Rutherford,Naman Dhir,Ravi Bishnoi,4,0,0,0,0,0,0,,,,
1527686,2026,2026-04-07,"Barsapara Cricket Stadium, Guwahati",2,43,Mumbai Indians,Rajasthan Royals,SE Rutherford,Naman Dhir,Ravi Bishnoi,4,0,0,0,0,0,0,,,,
1527686,2026,2026-04-07,"Barsapara Cricket Stadium, Guwahati",2,43,Mumbai Indians,Rajasthan Royals,Naman Dhir,SE Rutherford,TU Deshpande,4,0,0,0,0,0,0,,,,
1527686,2026,2026-04-07,"Barsapara Cricket Stadium, Guwahati",2,44,Mumbai Indians,Rajasthan Royals,Naman Dhir,SE Rutherford,TU Deshpande,1,0,0,0,0,0,0,,,,
1527686,2026,2026-04-07,"Barsapara Cricket Stadium, Guwahati",2,45,Mumbai Indians,Rajasthan Royals,SE Rutherford,Naman Dhir,TU Deshpande,6,0,0,0,0,0,0,,,,
1527686,2026,2026-04-07,"Barsapara Cricket Stadium, Guwahati",2,46,Mumbai Indians,Rajasthan Royals,SE Rutherford,Naman Dhir,TU Deshpande,0,1,1,0,0,0,0,,,,
1527686,2026,2026-04-07,"Barsapara Cricket Stadium, Guwahati",2,47,Mumbai Indians,Rajasthan Royals,SE Rutherford,Naman Dhir,TU Deshpande,6,0,0,0,0,0,0,,,,
1527686,2026,2026-04-07,"Barsapara Cricket Stadium, Guwahati",2,48,Mumbai Indians,Rajasthan Royals,SE Rutherford,Naman Dhir,TU Deshpande,0,0,0,0,0,0,0,caught,SE Rutherford,{'name': 'Sandeep Sharma'},
1527686,2026,2026-04-07,"Barsapara Cricket Stadium, Guwahati",2,49,Mumbai Indians,Rajasthan Royals,SN Thakur,Naman Dhir,TU Deshpande,1,0,0,0,0,0,0,,,,
1527686,2026,2026-04-07,"Barsapara Cricket Stadium, Guwahati",2,49,Mumbai Indians,Rajasthan Royals,SN Thakur,Naman Dhir,N Burger,4,0,0,0,0,0,0,,,,
1527686,2026,2026-04-07,"Barsapara Cricket Stadium, Guwahati",2,50,Mumbai Indians,Rajasthan Royals,SN Thakur,Naman Dhir,N Burger,1,0,0,0,0,0,0,,,,
1527686,2026,2026-04-07,"Barsapara Cricket Stadium, Guwahati",2,51,Mumbai Indians,Rajasthan Royals,Naman Dhir,SN Thakur,N Burger,0,0,0,0,0,0,0,,,,
1527686,2026,2026-04-07,"Barsapara Cricket Stadium, Guwahati",2,52,Mumbai Indians,Rajasthan Royals,Naman Dhir,SN Thakur,N Burger,4,0,0,0,0,0,0,,,,
1527686,2026,2026-04-07,"Barsapara Cricket Stadium, Guwahati",2,53,Mumbai Indians,Rajasthan Royals,Naman Dhir,SN Thakur,N Burger,0,0,0,0,0,0,0,caught,Naman Dhir,{'name': 'Ravi Bishnoi'},
1527686,2026,2026-04-07,"Barsapara Cricket Stadium, Guwahati",2,54,Mumbai Indians,Rajasthan Royals,DL Chahar,SN Thakur,N Burger,0,4,0,0,0,4,0,,,,
1527686,2026,2026-04-07,"Barsapara Cricket Stadium, Guwahati",2,55,Mumbai Indians,Rajasthan Royals,SN Thakur,DL Chahar,Sandeep Sharma,0,0,0,0,0,0,0,,,,
1527686,2026,2026-04-07,"Barsapara Cricket Stadium, Guwahati",2,56,Mumbai Indians,Rajasthan Royals,SN Thakur,DL Chahar,Sandeep Sharma,0,1,1,0,0,0,0,,,,
1527686,2026,2026-04-07,"Barsapara Cricket Stadium, Guwahati",2,57,Mumbai Indians,Rajasthan Royals,SN Thakur,DL Chahar,Sandeep Sharma,0,0,0,0,0,0,0,,,,
1527686,2026,2026-04-07,"Barsapara Cricket Stadium, Guwahati",2,58,Mumbai Indians,Rajasthan Royals,SN Thakur,DL Chahar,Sandeep Sharma,2,0,0,0,0,0,0,,,,
1527686,2026,2026-04-07,"Barsapara Cricket Stadium, Guwahati",2,59,Mumbai Indians,Rajasthan Royals,SN Thakur,DL Chahar,Sandeep Sharma,0,1,1,0,0,0,0,,,,
1527686,2026,2026-04-07,"Barsapara Cricket Stadium, Guwahati",2,60,Mumbai Indians,Rajasthan Royals,SN Thakur,DL Chahar,Sandeep Sharma,0,0,0,0,0,0,0,caught,SN Thakur,{'name': 'Dhruv Jurel'},
1527686,2026,2026-04-07,"Barsapara Cricket Stadium, Guwahati",2,61,Mumbai Indians,Rajasthan Royals,TA Boult,DL Chahar,Sandeep Sharma,1,0,0,0,0,0,0,,,,
1527686,2026,2026-04-07,"Barsapara Cricket Stadium, Guwahati",2,62,Mumbai Indians,Rajasthan Royals,DL Chahar,TA Boult,Sandeep Sharma,4,0,0,0,0,0,0,,,,
1527686,2026,2026-04-07,"Barsapara Cricket Stadium, Guwahati",2,61,Mumbai Indians,Rajasthan Royals,TA Boult,DL Chahar,JC Archer,0,0,0,0,0,0,0,run out,TA Boult,{'name': 'JC Archer'},
1527686,2026,2026-04-07,"Barsapara Cricket Stadium, Guwahati",2,62,Mumbai Indians,Rajasthan Royals,DL Chahar,JJ Bumrah,JC Archer,0,0,0,0,0,0,0,,,,
1527686,2026,2026-04-07,"Barsapara Cricket Stadium, Guwahati",2,63,Mumbai Indians,Rajasthan Royals,DL Chahar,JJ Bumrah,JC Archer,1,0,0,0,0,0,0,,,,
1527686,2026,2026-04-07,"Barsapara Cricket Stadium, Guwahati",2,64,Mumbai Indians,Rajasthan Royals,JJ Bumrah,DL Chahar,JC Archer,4,0,0,0,0,0,0,,,,
1527686,2026,2026-04-07,"Barsapara Cricket Stadium, Guwahati",2,65,Mumbai Indians,Rajasthan Royals,JJ Bumrah,DL Chahar,JC Archer,1,0,0,0,0,0,0,,,,
1527686,2026,2026-04-07,"Barsapara Cricket Stadium, Guwahati",2,66,Mumbai Indians,Rajasthan Royals,DL Chahar,JJ Bumrah,JC Archer,1,0,0,0,0,0,0,,,,
1527687,2026,2026-04-08,"Arun Jaitley Stadium, Delhi",1,1,Gujarat Titans,Delhi Capitals,B Sai Sudharsan,Shubman Gill,Mukesh Kumar,4,0,0,0,0,0,0,,,,
1527687,2026,2026-04-08,"Arun Jaitley Stadium, Delhi",1,2,Gujarat Titans,Delhi Capitals,B Sai Sudharsan,Shubman Gill,Mukesh Kumar,1,0,0,0,0,0,0,,,,
1527687,2026,2026-04-08,"Arun Jaitley Stadium, Delhi",1,3,Gujarat Titans,Delhi Capitals,Shubman Gill,B Sai Sudharsan,Mukesh Kumar,4,0,0,0,0,0,0,,,,
1527687,2026,2026-04-08,"Arun Jaitley Stadium, Delhi",1,4,Gujarat Titans,Delhi Capitals,Shubman Gill,B Sai Sudharsan,Mukesh Kumar,1,0,0,0,0,0,0,,,,
1527687,2026,2026-04-08,"Arun Jaitley Stadium, Delhi",1,5,Gujarat Titans,Delhi Capitals,B Sai Sudharsan,Shubman Gill,Mukesh Kumar,1,0,0,0,0,0,0,,,,
1527687,2026,2026-04-08,"Arun Jaitley Stadium, Delhi",1,6,Gujarat Titans,Delhi Capitals,Shubman Gill,B Sai Sudharsan,Mukesh Kumar,0,0,0,0,0,0,0,,,,
1527687,2026,2026-04-08,"Arun Jaitley Stadium, Delhi",1,7,Gujarat Titans,Delhi Capitals,B Sai Sudharsan,Shubman Gill,L Ngidi,4,0,0,0,0,0,0,,,,
1527687,2026,2026-04-08,"Arun Jaitley Stadium, Delhi",1,8,Gujarat Titans,Delhi Capitals,B Sai Sudharsan,Shubman Gill,L Ngidi,1,0,0,0,0,0,0,,,,
1527687,2026,2026-04-08,"Arun Jaitley Stadium, Delhi",1,9,Gujarat Titans,Delhi Capitals,Shubman Gill,B Sai Sudharsan,L Ngidi,0,0,0,0,0,0,0,,,,
1527687,2026,2026-04-08,"Arun Jaitley Stadium, Delhi",1,10,Gujarat Titans,Delhi Capitals,Shubman Gill,B Sai Sudharsan,L Ngidi,0,0,0,0,0,0,0,,,,
1527687,2026,2026-04-08,"Arun Jaitley Stadium, Delhi",1,11,Gujarat Titans,Delhi Capitals,Shubman Gill,B Sai Sudharsan,L Ngidi,1,0,0,0,0,0,0,,,,
1527687,2026,2026-04-08,"Arun Jaitley Stadium, Delhi",1,12,Gujarat Titans,Delhi Capitals,B Sai Sudharsan,Shubman Gill,L Ngidi,1,0,0,0,0,0,0,,,,
1527687,2026,2026-04-08,"Arun Jaitley Stadium, Delhi",1,13,Gujarat Titans,Delhi Capitals,B Sai Sudharsan,Shubman Gill,Mukesh Kumar,0,1,1,0,0,0,0,,,,
1527687,2026,2026-04-08,"Arun Jaitley Stadium, Delhi",1,14,Gujarat Titans,Delhi Capitals,B Sai Sudharsan,Shubman Gill,Mukesh Kumar,0,0,0,0,0,0,0,bowled,B Sai Sudharsan,,
1527687,2026,2026-04-08,"Arun Jaitley Stadium, Delhi",1,15,Gujarat Titans,Delhi Capitals,JC Buttler,Shubman Gill,Mukesh Kumar,0,0,0,0,0,0,0,,,,
1527687,2026,2026-04-08,"Arun Jaitley Stadium, Delhi",1,16,Gujarat Titans,Delhi Capitals,JC Buttler,Shubman Gill,Mukesh Kumar,0,0,0,0,0,0,0,,,,
1527687,2026,2026-04-08,"Arun Jaitley Stadium, Delhi",1,17,Gujarat Titans,Delhi Capitals,JC Buttler,Shubman Gill,Mukesh Kumar,0,0,0,0,0,0,0,,,,
1527687,2026,2026-04-08,"Arun Jaitley Stadium, Delhi",1,18,Gujarat Titans,Delhi Capitals,JC Buttler,Shubman Gill,Mukesh Kumar,6,0,0,0,0,0,0,,,,
1527687,2026,2026-04-08,"Arun Jaitley Stadium, Delhi",1,19,Gujarat Titans,Delhi Capitals,JC Buttler,Shubman Gill,Mukesh Kumar,0,1,1,0,0,0,0,,,,
1527687,2026,2026-04-08,"Arun Jaitley Stadium, Delhi",1,20,Gujarat Titans,Delhi Capitals,JC Buttler,Shubman Gill,Mukesh Kumar,1,0,0,0,0,0,0,,,,
1527687,2026,2026-04-08,"Arun Jaitley Stadium, Delhi",1,19,Gujarat Titans,Delhi Capitals,JC Buttler,Shubman Gill,AR Patel,4,0,0,0,0,0,0,,,,
1527687,2026,2026-04-08,"Arun Jaitley Stadium, Delhi",1,20,Gujarat Titans,Delhi Capitals,JC Buttler,Shubman Gill,AR Patel,6,0,0,0,0,0,0,,,,
1527687,2026,2026-04-08,"Arun Jaitley Stadium, Delhi",1,21,Gujarat Titans,Delhi Capitals,JC Buttler,Shubman Gill,AR Patel,0,0,0,0,0,0,0,,,,
1527687,2026,2026-04-08,"Arun Jaitley Stadium, Delhi",1,22,Gujarat Titans,Delhi Capitals,JC Buttler,Shubman Gill,AR Patel,1,0,0,0,0,0,0,,,,
1527687,2026,2026-04-08,"Arun Jaitley Stadium, Delhi",1,23,Gujarat Titans,Delhi Capitals,Shubman Gill,JC Buttler,AR Patel,1,0,0,0,0,0,0,,,,
1527687,2026,2026-04-08,"Arun Jaitley Stadium, Delhi",1,24,Gujarat Titans,Delhi Capitals,JC Buttler,Shubman Gill,AR Patel,1,0,0,0,0,0,0,,,,
1527687,2026,2026-04-08,"Arun Jaitley Stadium, Delhi",1,25,Gujarat Titans,Delhi Capitals,JC Buttler,Shubman Gill,Mukesh Kumar,6,0,0,0,0,0,0,,,,
1527687,2026,2026-04-08,"Arun Jaitley Stadium, Delhi",1,26,Gujarat Titans,Delhi Capitals,JC Buttler,Shubman Gill,Mukesh Kumar,6,0,0,0,0,0,0,,,,
1527687,2026,2026-04-08,"Arun Jaitley Stadium, Delhi",1,27,Gujarat Titans,Delhi Capitals,JC Buttler,Shubman Gill,Mukesh Kumar,4,0,0,0,0,0,0,,,,
1527687,2026,2026-04-08,"Arun Jaitley Stadium, Delhi",1,28,Gujarat Titans,Delhi Capitals,JC Buttler,Shubman Gill,Mukesh Kumar,0,0,0,0,0,0,0,,,,
1527687,2026,2026-04-08,"Arun Jaitley Stadium, Delhi",1,29,Gujarat Titans,Delhi Capitals,JC Buttler,Shubman Gill,Mukesh Kumar,6,0,0,0,0,0,0,,,,
1527687,2026,2026-04-08,"Arun Jaitley Stadium, Delhi",1,30,Gujarat Titans,Delhi Capitals,JC Buttler,Shubman Gill,Mukesh Kumar,1,0,0,0,0,0,0,,,,
1527687,2026,2026-04-08,"Arun Jaitley Stadium, Delhi",1,31,Gujarat Titans,Delhi Capitals,JC Buttler,Shubman Gill,L Ngidi,0,0,0,0,0,0,0,,,,
1527687,2026,2026-04-08,"Arun Jaitley Stadium, Delhi",1,32,Gujarat Titans,Delhi Capitals,JC Buttler,Shubman Gill,L Ngidi,0,0,0,0,0,0,0,,,,
1527687,2026,2026-04-08,"Arun Jaitley Stadium, Delhi",1,33,Gujarat Titans,Delhi Capitals,JC Buttler,Shubman Gill,L Ngidi,4,0,0,0,0,0,0,,,,
1527687,2026,2026-04-08,"Arun Jaitley Stadium, Delhi",1,34,Gujarat Titans,Delhi Capitals,JC Buttler,Shubman Gill,L Ngidi,0,0,0,0,0,0,0,,,,
1527687,2026,2026-04-08,"Arun Jaitley Stadium, Delhi",1,35,Gujarat Titans,Delhi Capitals,JC Buttler,Shubman Gill,L Ngidi,0,0,0,0,0,0,0,,,,
1527687,2026,2026-04-08,"Arun Jaitley Stadium, Delhi",1,36,Gujarat Titans,Delhi Capitals,JC Buttler,Shubman Gill,L Ngidi,1,0,0,0,0,0,0,,,,
1527687,2026,2026-04-08,"Arun Jaitley Stadium, Delhi",1,37,Gujarat Titans,Delhi Capitals,JC Buttler,Shubman Gill,AR Patel,1,0,0,0,0,0,0,,,,
1527687,2026,2026-04-08,"Arun Jaitley Stadium, Delhi",1,38,Gujarat Titans,Delhi Capitals,Shubman Gill,JC Buttler,AR Patel,1,0,0,0,0,0,0,,,,
1527687,2026,2026-04-08,"Arun Jaitley Stadium, Delhi",1,39,Gujarat Titans,Delhi Capitals,JC Buttler,Shubman Gill,AR Patel,2,0,0,0,0,0,0,,,,
1527687,2026,2026-04-08,"Arun Jaitley Stadium, Delhi",1,40,Gujarat Titans,Delhi Capitals,JC Buttler,Shubman Gill,AR Patel,1,0,0,0,0,0,0,,,,
1527687,2026,2026-04-08,"Arun Jaitley Stadium, Delhi",1,41,Gujarat Titans,Delhi Capitals,Shubman Gill,JC Buttler,AR Patel,4,0,0,0,0,0,0,,,,
1527687,2026,2026-04-08,"Arun Jaitley Stadium, Delhi",1,42,Gujarat Titans,Delhi Capitals,Shubman Gill,JC Buttler,AR Patel,0,0,0,0,0,0,0,,,,
1527687,2026,2026-04-08,"Arun Jaitley Stadium, Delhi",1,43,Gujarat Titans,Delhi Capitals,JC Buttler,Shubman Gill,Kuldeep Yadav,1,0,0,0,0,0,0,,,,
1527687,2026,2026-04-08,"Arun Jaitley Stadium, Delhi",1,44,Gujarat Titans,Delhi Capitals,Shubman Gill,JC Buttler,Kuldeep Yadav,1,0,0,0,0,0,0,,,,
1527687,2026,2026-04-08,"Arun Jaitley Stadium, Delhi",1,45,Gujarat Titans,Delhi Capitals,JC Buttler,Shubman Gill,Kuldeep Yadav,0,0,0,0,0,0,0,bowled,JC Buttler,,
1527687,2026,2026-04-08,"Arun Jaitley Stadium, Delhi",1,46,Gujarat Titans,Delhi Capitals,Washington Sundar,Shubman Gill,Kuldeep Yadav,1,0,0,0,0,0,0,,,,
1527687,2026,2026-04-08,"Arun Jaitley Stadium, Delhi",1,47,Gujarat Titans,Delhi Capitals,Shubman Gill,Washington Sundar,Kuldeep Yadav,1,0,0,0,0,0,0,,,,
1527687,2026,2026-04-08,"Arun Jaitley Stadium, Delhi",1,48,Gujarat Titans,Delhi Capitals,Washington Sundar,Shubman Gill,Kuldeep Yadav,4,0,0,0,0,0,0,,,,
1527687,2026,2026-04-08,"Arun Jaitley Stadium, Delhi",1,49,Gujarat Titans,Delhi Capitals,Shubman Gill,Washington Sundar,T Natarajan,0,0,0,0,0,0,0,,,,
1527687,2026,2026-04-08,"Arun Jaitley Stadium, Delhi",1,50,Gujarat Titans,Delhi Capitals,Shubman Gill,Washington Sundar,T Natarajan,1,0,0,0,0,0,0,,,,
1527687,2026,2026-04-08,"Arun Jaitley Stadium, Delhi",1,51,Gujarat Titans,Delhi Capitals,Washington Sundar,Shubman Gill,T Natarajan,1,0,0,0,0,0,0,,,,
1527687,2026,2026-04-08,"Arun Jaitley Stadium, Delhi",1,52,Gujarat Titans,Delhi Capitals,Shubman Gill,Washington Sundar,T Natarajan,1,0,0,0,0,0,0,,,,
1527687,2026,2026-04-08,"Arun Jaitley Stadium, Delhi",1,53,Gujarat Titans,Delhi Capitals,Washington Sundar,Shubman Gill,T Natarajan,1,0,0,0,0,0,0,,,,
1527687,2026,2026-04-08,"Arun Jaitley Stadium, Delhi",1,54,Gujarat Titans,Delhi Capitals,Shubman Gill,Washington Sundar,T Natarajan,1,0,0,0,0,0,0,,,,
1527687,2026,2026-04-08,"Arun Jaitley Stadium, Delhi",1,55,Gujarat Titans,Delhi Capitals,Shubman Gill,Washington Sundar,Kuldeep Yadav,6,0,0,0,0,0,0,,,,
1527687,2026,2026-04-08,"Arun Jaitley Stadium, Delhi",1,56,Gujarat Titans,Delhi Capitals,Shubman Gill,Washington Sundar,Kuldeep Yadav,1,0,0,0,0,0,0,,,,
1527687,2026,2026-04-08,"Arun Jaitley Stadium, Delhi",1,57,Gujarat Titans,Delhi Capitals,Washington Sundar,Shubman Gill,Kuldeep Yadav,1,0,0,0,0,0,0,,,,
1527687,2026,2026-04-08,"Arun Jaitley Stadium, Delhi",1,58,Gujarat Titans,Delhi Capitals,Shubman Gill,Washington Sundar,Kuldeep Yadav,1,0,0,0,0,0,0,,,,
1527687,2026,2026-04-08,"Arun Jaitley Stadium, Delhi",1,59,Gujarat Titans,Delhi Capitals,Washington Sundar,Shubman Gill,Kuldeep Yadav,1,0,0,0,0,0,0,,,,
1527687,2026,2026-04-08,"Arun Jaitley Stadium, Delhi",1,60,Gujarat Titans,Delhi Capitals,Shubman Gill,Washington Sundar,Kuldeep Yadav,1,0,0,0,0,0,0,,,,
1527687,2026,2026-04-08,"Arun Jaitley Stadium, Delhi",1,61,Gujarat Titans,Delhi Capitals,Shubman Gill,Washington Sundar,T Natarajan,1,0,0,0,0,0,0,,,,
1527687,2026,2026-04-08,"Arun Jaitley Stadium, Delhi",1,62,Gujarat Titans,Delhi Capitals,Washington Sundar,Shubman Gill,T Natarajan,1,0,0,0,0,0,0,,,,
1527687,2026,2026-04-08,"Arun Jaitley Stadium, Delhi",1,63,Gujarat Titans,Delhi Capitals,Shubman Gill,Washington Sundar,T Natarajan,1,0,0,0,0,0,0,,,,
1527687,2026,2026-04-08,"Arun Jaitley Stadium, Delhi",1,64,Gujarat Titans,Delhi Capitals,Washington Sundar,Shubman Gill,T Natarajan,4,0,0,0,0,0,0,,,,
1527687,2026,2026-04-08,"Arun Jaitley Stadium, Delhi",1,65,Gujarat Titans,Delhi Capitals,Washington Sundar,Shubman Gill,T Natarajan,1,0,0,0,0,0,0,,,,
1527687,2026,2026-04-08,"Arun Jaitley Stadium, Delhi",1,66,Gujarat Titans,Delhi Capitals,Shubman Gill,Washington Sundar,T Natarajan,1,0,0,0,0,0,0,,,,
1527687,2026,2026-04-08,"Arun Jaitley Stadium, Delhi",1,67,Gujarat Titans,Delhi Capitals,Shubman Gill,Washington Sundar,V Nigam,1,0,0,0,0,0,0,,,,
1527687,2026,2026-04-08,"Arun Jaitley Stadium, Delhi",1,68,Gujarat Titans,Delhi Capitals,Washington Sundar,Shubman Gill,V Nigam,4,0,0,0,0,0,0,,,,
1527687,2026,2026-04-08,"Arun Jaitley Stadium, Delhi",1,69,Gujarat Titans,Delhi Capitals,Washington Sundar,Shubman Gill,V Nigam,4,1,0,1,0,0,0,,,,
1527687,2026,2026-04-08,"Arun Jaitley Stadium, Delhi",1,70,Gujarat Titans,Delhi Capitals,Washington Sundar,Shubman Gill,V Nigam,6,0,0,0,0,0,0,,,,
1527687,2026,2026-04-08,"Arun Jaitley Stadium, Delhi",1,71,Gujarat Titans,Delhi Capitals,Washington Sundar,Shubman Gill,V Nigam,1,0,0,0,0,0,0,,,,
1527687,2026,2026-04-08,"Arun Jaitley Stadium, Delhi",1,72,Gujarat Titans,Delhi Capitals,Shubman Gill,Washington Sundar,V Nigam,6,0,0,0,0,0,0,,,,
1527687,2026,2026-04-08,"Arun Jaitley Stadium, Delhi",1,73,Gujarat Titans,Delhi Capitals,Shubman Gill,Washington Sundar,V Nigam,0,0,0,0,0,0,0,,,,
1527687,2026,2026-04-08,"Arun Jaitley Stadium, Delhi",1,73,Gujarat Titans,Delhi Capitals,Washington Sundar,Shubman Gill,Kuldeep Yadav,1,0,0,0,0,0,0,,,,
1527687,2026,2026-04-08,"Arun Jaitley Stadium, Delhi",1,74,Gujarat Titans,Delhi Capitals,Shubman Gill,Washington Sundar,Kuldeep Yadav,0,0,0,0,0,0,0,,,,
1527687,2026,2026-04-08,"Arun Jaitley Stadium, Delhi",1,75,Gujarat Titans,Delhi Capitals,Shubman Gill,Washington Sundar,Kuldeep Yadav,6,0,0,0,0,0,0,,,,
1527687,2026,2026-04-08,"Arun Jaitley Stadium, Delhi",1,76,Gujarat Titans,Delhi Capitals,Shubman Gill,Washington Sundar,Kuldeep Yadav,1,0,0,0,0,0,0,,,,
1527687,2026,2026-04-08,"Arun Jaitley Stadium, Delhi",1,77,Gujarat Titans,Delhi Capitals,Washington Sundar,Shubman Gill,Kuldeep Yadav,0,0,0,0,0,0,0,,,,
1527687,2026,2026-04-08,"Arun Jaitley Stadium, Delhi",1,78,Gujarat Titans,Delhi Capitals,Washington Sundar,Shubman Gill,Kuldeep Yadav,1,0,0,0,0,0,0,,,,
1527687,2026,2026-04-08,"Arun Jaitley Stadium, Delhi",1,79,Gujarat Titans,Delhi Capitals,Washington Sundar,Shubman Gill,AR Patel,1,0,0,0,0,0,0,,,,
1527687,2026,2026-04-08,"Arun Jaitley Stadium, Delhi",1,80,Gujarat Titans,Delhi Capitals,Shubman Gill,Washington Sundar,AR Patel,1,0,0,0,0,0,0,,,,
1527687,2026,2026-04-08,"Arun Jaitley Stadium, Delhi",1,81,Gujarat Titans,Delhi Capitals,Washington Sundar,Shubman Gill,AR Patel,1,0,0,0,0,0,0,,,,
1527687,2026,2026-04-08,"Arun Jaitley Stadium, Delhi",1,82,Gujarat Titans,Delhi Capitals,Shubman Gill,Washington Sundar,AR Patel,1,0,0,0,0,0,0,,,,
1527687,2026,2026-04-08,"Arun Jaitley Stadium, Delhi",1,83,Gujarat Titans,Delhi Capitals,Washington Sundar,Shubman Gill,AR Patel,4,0,0,0,0,0,0,,,,
1527687,2026,2026-04-08,"Arun Jaitley Stadium, Delhi",1,84,Gujarat Titans,Delhi Capitals,Washington Sundar,Shubman Gill,AR Patel,0,1,1,0,0,0,0,,,,
1527687,2026,2026-04-08,"Arun Jaitley Stadium, Delhi",1,85,Gujarat Titans,Delhi Capitals,Washington Sundar,Shubman Gill,AR Patel,1,0,0,0,0,0,0,,,,
1527687,2026,2026-04-08,"Arun Jaitley Stadium, Delhi",1,85,Gujarat Titans,Delhi Capitals,Washington Sundar,Shubman Gill,L Ngidi,0,0,0,0,0,0,0,,,,
1527687,2026,2026-04-08,"Arun Jaitley Stadium, Delhi",1,86,Gujarat Titans,Delhi Capitals,Washington Sundar,Shubman Gill,L Ngidi,1,0,0,0,0,0,0,,,,
1527687,2026,2026-04-08,"Arun Jaitley Stadium, Delhi",1,87,Gujarat Titans,Delhi Capitals,Shubman Gill,Washington Sundar,L Ngidi,1,0,0,0,0,0,0,,,,
1527687,2026,2026-04-08,"Arun Jaitley Stadium, Delhi",1,88,Gujarat Titans,Delhi Capitals,Washington Sundar,Shubman Gill,L Ngidi,1,0,0,0,0,0,0,,,,
1527687,2026,2026-04-08,"Arun Jaitley Stadium, Delhi",1,89,Gujarat Titans,Delhi Capitals,Shubman Gill,Washington Sundar,L Ngidi,0,1,1,0,0,0,0,,,,
1527687,2026,2026-04-08,"Arun Jaitley Stadium, Delhi",1,90,Gujarat Titans,Delhi Capitals,Shubman Gill,Washington Sundar,L Ngidi,4,0,0,0,0,0,0,,,,
1527687,2026,2026-04-08,"Arun Jaitley Stadium, Delhi",1,91,Gujarat Titans,Delhi Capitals,Shubman Gill,Washington Sundar,L Ngidi,1,0,0,0,0,0,0,,,,
1527687,2026,2026-04-08,"Arun Jaitley Stadium, Delhi",1,91,Gujarat Titans,Delhi Capitals,Shubman Gill,Washington Sundar,T Natarajan,1,0,0,0,0,0,0,,,,
1527687,2026,2026-04-08,"Arun Jaitley Stadium, Delhi",1,92,Gujarat Titans,Delhi Capitals,Washington Sundar,Shubman Gill,T Natarajan,1,0,0,0,0,0,0,,,,
1527687,2026,2026-04-08,"Arun Jaitley Stadium, Delhi",1,93,Gujarat Titans,Delhi Capitals,Shubman Gill,Washington Sundar,T Natarajan,4,0,0,0,0,0,0,,,,
1527687,2026,2026-04-08,"Arun Jaitley Stadium, Delhi",1,94,Gujarat Titans,Delhi Capitals,Shubman Gill,Washington Sundar,T Natarajan,0,0,0,0,0,0,0,,,,
1527687,2026,2026-04-08,"Arun Jaitley Stadium, Delhi",1,95,Gujarat Titans,Delhi Capitals,Shubman Gill,Washington Sundar,T Natarajan,1,0,0,0,0,0,0,,,,
1527687,2026,2026-04-08,"Arun Jaitley Stadium, Delhi",1,96,Gujarat Titans,Delhi Capitals,Washington Sundar,Shubman Gill,T Natarajan,0,0,0,0,0,0,0,,,,
1527687,2026,2026-04-08,"Arun Jaitley Stadium, Delhi",1,97,Gujarat Titans,Delhi Capitals,Shubman Gill,Washington Sundar,Kuldeep Yadav,6,0,0,0,0,0,0,,,,
1527687,2026,2026-04-08,"Arun Jaitley Stadium, Delhi",1,98,Gujarat Titans,Delhi Capitals,Shubman Gill,Washington Sundar,Kuldeep Yadav,1,0,0,0,0,0,0,,,,
1527687,2026,2026-04-08,"Arun Jaitley Stadium, Delhi",1,99,Gujarat Titans,Delhi Capitals,Washington Sundar,Shubman Gill,Kuldeep Yadav,1,0,0,0,0,0,0,,,,
1527687,2026,2026-04-08,"Arun Jaitley Stadium, Delhi",1,100,Gujarat Titans,Delhi Capitals,Shubman Gill,Washington Sundar,Kuldeep Yadav,6,0,0,0,0,0,0,,,,
1527687,2026,2026-04-08,"Arun Jaitley Stadium, Delhi",1,101,Gujarat Titans,Delhi Capitals,Shubman Gill,Washington Sundar,Kuldeep Yadav,0,0,0,0,0,0,0,,,,
1527687,2026,2026-04-08,"Arun Jaitley Stadium, Delhi",1,102,Gujarat Titans,Delhi Capitals,Shubman Gill,Washington Sundar,Kuldeep Yadav,0,0,0,0,0,0,0,,,,
1527687,2026,2026-04-08,"Arun Jaitley Stadium, Delhi",1,103,Gujarat Titans,Delhi Capitals,Washington Sundar,Shubman Gill,L Ngidi,1,0,0,0,0,0,0,,,,
1527687,2026,2026-04-08,"Arun Jaitley Stadium, Delhi",1,104,Gujarat Titans,Delhi Capitals,Shubman Gill,Washington Sundar,L Ngidi,0,0,0,0,0,0,0,,,,
1527687,2026,2026-04-08,"Arun Jaitley Stadium, Delhi",1,105,Gujarat Titans,Delhi Capitals,Shubman Gill,Washington Sundar,L Ngidi,0,0,0,0,0,0,0,caught,Shubman Gill,{'name': 'N Rana'},
1527687,2026,2026-04-08,"Arun Jaitley Stadium, Delhi",1,106,Gujarat Titans,Delhi Capitals,GD Phillips,Washington Sundar,L Ngidi,0,0,0,0,0,0,0,,,,
1527687,2026,2026-04-08,"Arun Jaitley Stadium, Delhi",1,107,Gujarat Titans,Delhi Capitals,GD Phillips,Washington Sundar,L Ngidi,0,1,1,0,0,0,0,,,,
1527687,2026,2026-04-08,"Arun Jaitley Stadium, Delhi",1,108,Gujarat Titans,Delhi Capitals,GD Phillips,Washington Sundar,L Ngidi,0,0,0,0,0,0,0,,,,
1527687,2026,2026-04-08,"Arun Jaitley Stadium, Delhi",1,109,Gujarat Titans,Delhi Capitals,GD Phillips,Washington Sundar,L Ngidi,1,0,0,0,0,0,0,,,,
1527687,2026,2026-04-08,"Arun Jaitley Stadium, Delhi",1,109,Gujarat Titans,Delhi Capitals,GD Phillips,Washington Sundar,T Natarajan,1,0,0,0,0,0,0,,,,
1527687,2026,2026-04-08,"Arun Jaitley Stadium, Delhi",1,110,Gujarat Titans,Delhi Capitals,Washington Sundar,GD Phillips,T Natarajan,0,0,0,0,0,0,0,,,,
1527687,2026,2026-04-08,"Arun Jaitley Stadium, Delhi",1,111,Gujarat Titans,Delhi Capitals,Washington Sundar,GD Phillips,T Natarajan,1,0,0,0,0,0,0,,,,
1527687,2026,2026-04-08,"Arun Jaitley Stadium, Delhi",1,112,Gujarat Titans,Delhi Capitals,GD Phillips,Washington Sundar,T Natarajan,1,0,0,0,0,0,0,,,,
1527687,2026,2026-04-08,"Arun Jaitley Stadium, Delhi",1,113,Gujarat Titans,Delhi Capitals,Washington Sundar,GD Phillips,T Natarajan,6,0,0,0,0,0,0,,,,
1527687,2026,2026-04-08,"Arun Jaitley Stadium, Delhi",1,114,Gujarat Titans,Delhi Capitals,Washington Sundar,GD Phillips,T Natarajan,4,0,0,0,0,0,0,,,,
1527687,2026,2026-04-08,"Arun Jaitley Stadium, Delhi",1,115,Gujarat Titans,Delhi Capitals,GD Phillips,Washington Sundar,Mukesh Kumar,6,0,0,0,0,0,0,,,,
1527687,2026,2026-04-08,"Arun Jaitley Stadium, Delhi",1,116,Gujarat Titans,Delhi Capitals,GD Phillips,Washington Sundar,Mukesh Kumar,1,0,0,0,0,0,0,,,,
1527687,2026,2026-04-08,"Arun Jaitley Stadium, Delhi",1,117,Gujarat Titans,Delhi Capitals,Washington Sundar,GD Phillips,Mukesh Kumar,0,0,0,0,0,0,0,caught,Washington Sundar,{'name': 'N Rana'},
1527687,2026,2026-04-08,"Arun Jaitley Stadium, Delhi",1,118,Gujarat Titans,Delhi Capitals,R Tewatia,GD Phillips,Mukesh Kumar,1,0,0,0,0,0,0,,,,
1527687,2026,2026-04-08,"Arun Jaitley Stadium, Delhi",1,119,Gujarat Titans,Delhi Capitals,GD Phillips,R Tewatia,Mukesh Kumar,0,0,0,0,0,0,0,,,,
1527687,2026,2026-04-08,"Arun Jaitley Stadium, Delhi",1,120,Gujarat Titans,Delhi Capitals,GD Phillips,R Tewatia,Mukesh Kumar,4,0,0,0,0,0,0,,,,
1527687,2026,2026-04-08,"Arun Jaitley Stadium, Delhi",2,1,Delhi Capitals,Gujarat Titans,P Nissanka,KL Rahul,Mohammed Siraj,0,0,0,0,0,0,0,,,,
1527687,2026,2026-04-08,"Arun Jaitley Stadium, Delhi",2,2,Delhi Capitals,Gujarat Titans,P Nissanka,KL Rahul,Mohammed Siraj,4,0,0,0,0,0,0,,,,
1527687,2026,2026-04-08,"Arun Jaitley Stadium, Delhi",2,3,Delhi Capitals,Gujarat Titans,P Nissanka,KL Rahul,Mohammed Siraj,4,0,0,0,0,0,0,,,,
1527687,2026,2026-04-08,"Arun Jaitley Stadium, Delhi",2,4,Delhi Capitals,Gujarat Titans,P Nissanka,KL Rahul,Mohammed Siraj,1,0,0,0,0,0,0,,,,
1527687,2026,2026-04-08,"Arun Jaitley Stadium, Delhi",2,5,Delhi Capitals,Gujarat Titans,KL Rahul,P Nissanka,Mohammed Siraj,1,0,0,0,0,0,0,,,,
1527687,2026,2026-04-08,"Arun Jaitley Stadium, Delhi",2,6,Delhi Capitals,Gujarat Titans,P Nissanka,KL Rahul,Mohammed Siraj,4,0,0,0,0,0,0,,,,
1527687,2026,2026-04-08,"Arun Jaitley Stadium, Delhi",2,7,Delhi Capitals,Gujarat Titans,KL Rahul,P Nissanka,K Rabada,0,0,0,0,0,0,0,,,,
1527687,2026,2026-04-08,"Arun Jaitley Stadium, Delhi",2,8,Delhi Capitals,Gujarat Titans,KL Rahul,P Nissanka,K Rabada,0,0,0,0,0,0,0,,,,
1527687,2026,2026-04-08,"Arun Jaitley Stadium, Delhi",2,9,Delhi Capitals,Gujarat Titans,KL Rahul,P Nissanka,K Rabada,4,0,0,0,0,0,0,,,,
1527687,2026,2026-04-08,"Arun Jaitley Stadium, Delhi",2,10,Delhi Capitals,Gujarat Titans,KL Rahul,P Nissanka,K Rabada,1,0,0,0,0,0,0,,,,
1527687,2026,2026-04-08,"Arun Jaitley Stadium, Delhi",2,11,Delhi Capitals,Gujarat Titans,P Nissanka,KL Rahul,K Rabada,0,1,1,0,0,0,0,,,,
1527687,2026,2026-04-08,"Arun Jaitley Stadium, Delhi",2,12,Delhi Capitals,Gujarat Titans,P Nissanka,KL Rahul,K Rabada,0,0,0,0,0,0,0,,,,
1527687,2026,2026-04-08,"Arun Jaitley Stadium, Delhi",2,13,Delhi Capitals,Gujarat Titans,P Nissanka,KL Rahul,K Rabada,0,0,0,0,0,0,0,,,,
1527687,2026,2026-04-08,"Arun Jaitley Stadium, Delhi",2,13,Delhi Capitals,Gujarat Titans,KL Rahul,P Nissanka,Mohammed Siraj,2,0,0,0,0,0,0,,,,
1527687,2026,2026-04-08,"Arun Jaitley Stadium, Delhi",2,14,Delhi Capitals,Gujarat Titans,KL Rahul,P Nissanka,Mohammed Siraj,0,0,0,0,0,0,0,,,,
1527687,2026,2026-04-08,"Arun Jaitley Stadium, Delhi",2,15,Delhi Capitals,Gujarat Titans,KL Rahul,P Nissanka,Mohammed Siraj,0,0,0,0,0,0,0,,,,
1527687,2026,2026-04-08,"Arun Jaitley Stadium, Delhi",2,16,Delhi Capitals,Gujarat Titans,KL Rahul,P Nissanka,Mohammed Siraj,4,0,0,0,0,0,0,,,,
1527687,2026,2026-04-08,"Arun Jaitley Stadium, Delhi",2,17,Delhi Capitals,Gujarat Titans,KL Rahul,P Nissanka,Mohammed Siraj,0,0,0,0,0,0,0,,,,
1527687,2026,2026-04-08,"Arun Jaitley Stadium, Delhi",2,18,Delhi Capitals,Gujarat Titans,KL Rahul,P Nissanka,Mohammed Siraj,0,1,1,0,0,0,0,,,,
1527687,2026,2026-04-08,"Arun Jaitley Stadium, Delhi",2,19,Delhi Capitals,Gujarat Titans,KL Rahul,P Nissanka,Mohammed Siraj,0,0,0,0,0,0,0,,,,
1527687,2026,2026-04-08,"Arun Jaitley Stadium, Delhi",2,19,Delhi Capitals,Gujarat Titans,P Nissanka,KL Rahul,K Rabada,1,0,0,0,0,0,0,,,,
1527687,2026,2026-04-08,"Arun Jaitley Stadium, Delhi",2,20,Delhi Capitals,Gujarat Titans,KL Rahul,P Nissanka,K Rabada,1,0,0,0,0,0,0,,,,
1527687,2026,2026-04-08,"Arun Jaitley Stadium, Delhi",2,21,Delhi Capitals,Gujarat Titans,P Nissanka,KL Rahul,K Rabada,1,0,0,0,0,0,0,,,,
1527687,2026,2026-04-08,"Arun Jaitley Stadium, Delhi",2,22,Delhi Capitals,Gujarat Titans,KL Rahul,P Nissanka,K Rabada,6,0,0,0,0,0,0,,,,
1527687,2026,2026-04-08,"Arun Jaitley Stadium, Delhi",2,23,Delhi Capitals,Gujarat Titans,KL Rahul,P Nissanka,K Rabada,0,0,0,0,0,0,0,,,,
1527687,2026,2026-04-08,"Arun Jaitley Stadium, Delhi",2,24,Delhi Capitals,Gujarat Titans,KL Rahul,P Nissanka,K Rabada,0,0,0,0,0,0,0,,,,
1527687,2026,2026-04-08,"Arun Jaitley Stadium, Delhi",2,25,Delhi Capitals,Gujarat Titans,P Nissanka,KL Rahul,Rashid Khan,0,0,0,0,0,0,0,,,,
1527687,2026,2026-04-08,"Arun Jaitley Stadium, Delhi",2,26,Delhi Capitals,Gujarat Titans,P Nissanka,KL Rahul,Rashid Khan,1,0,0,0,0,0,0,,,,
1527687,2026,2026-04-08,"Arun Jaitley Stadium, Delhi",2,27,Delhi Capitals,Gujarat Titans,KL Rahul,P Nissanka,Rashid Khan,1,0,0,0,0,0,0,,,,
1527687,2026,2026-04-08,"Arun Jaitley Stadium, Delhi",2,28,Delhi Capitals,Gujarat Titans,P Nissanka,KL Rahul,Rashid Khan,1,0,0,0,0,0,0,,,,
1527687,2026,2026-04-08,"Arun Jaitley Stadium, Delhi",2,29,Delhi Capitals,Gujarat Titans,KL Rahul,P Nissanka,Rashid Khan,0,0,0,0,0,0,0,,,,
1527687,2026,2026-04-08,"Arun Jaitley Stadium, Delhi",2,30,Delhi Capitals,Gujarat Titans,KL Rahul,P Nissanka,Rashid Khan,1,0,0,0,0,0,0,,,,
1527687,2026,2026-04-08,"Arun Jaitley Stadium, Delhi",2,31,Delhi Capitals,Gujarat Titans,KL Rahul,P Nissanka,Ashok Sharma,4,0,0,0,0,0,0,,,,
1527687,2026,2026-04-08,"Arun Jaitley Stadium, Delhi",2,32,Delhi Capitals,Gujarat Titans,KL Rahul,P Nissanka,Ashok Sharma,1,0,0,0,0,0,0,,,,
1527687,2026,2026-04-08,"Arun Jaitley Stadium, Delhi",2,33,Delhi Capitals,Gujarat Titans,P Nissanka,KL Rahul,Ashok Sharma,4,0,0,0,0,0,0,,,,
1527687,2026,2026-04-08,"Arun Jaitley Stadium, Delhi",2,34,Delhi Capitals,Gujarat Titans,P Nissanka,KL Rahul,Ashok Sharma,6,0,0,0,0,0,0,,,,
1527687,2026,2026-04-08,"Arun Jaitley Stadium, Delhi",2,35,Delhi Capitals,Gujarat Titans,P Nissanka,KL Rahul,Ashok Sharma,4,0,0,0,0,0,0,,,,
1527687,2026,2026-04-08,"Arun Jaitley Stadium, Delhi",2,36,Delhi Capitals,Gujarat Titans,P Nissanka,KL Rahul,Ashok Sharma,4,0,0,0,0,0,0,,,,
1527687,2026,2026-04-08,"Arun Jaitley Stadium, Delhi",2,37,Delhi Capitals,Gujarat Titans,KL Rahul,P Nissanka,M Prasidh Krishna,1,0,0,0,0,0,0,,,,
1527687,2026,2026-04-08,"Arun Jaitley Stadium, Delhi",2,38,Delhi Capitals,Gujarat Titans,P Nissanka,KL Rahul,M Prasidh Krishna,0,0,0,0,0,0,0,,,,
1527687,2026,2026-04-08,"Arun Jaitley Stadium, Delhi",2,39,Delhi Capitals,Gujarat Titans,P Nissanka,KL Rahul,M Prasidh Krishna,2,0,0,0,0,0,0,,,,
1527687,2026,2026-04-08,"Arun Jaitley Stadium, Delhi",2,40,Delhi Capitals,Gujarat Titans,P Nissanka,KL Rahul,M Prasidh Krishna,0,0,0,0,0,0,0,,,,
1527687,2026,2026-04-08,"Arun Jaitley Stadium, Delhi",2,41,Delhi Capitals,Gujarat Titans,P Nissanka,KL Rahul,M Prasidh Krishna,1,0,0,0,0,0,0,,,,
1527687,2026,2026-04-08,"Arun Jaitley Stadium, Delhi",2,42,Delhi Capitals,Gujarat Titans,KL Rahul,P Nissanka,M Prasidh Krishna,4,0,0,0,0,0,0,,,,
1527687,2026,2026-04-08,"Arun Jaitley Stadium, Delhi",2,43,Delhi Capitals,Gujarat Titans,P Nissanka,KL Rahul,Rashid Khan,1,0,0,0,0,0,0,,,,
1527687,2026,2026-04-08,"Arun Jaitley Stadium, Delhi",2,44,Delhi Capitals,Gujarat Titans,KL Rahul,P Nissanka,Rashid Khan,1,0,0,0,0,0,0,,,,
1527687,2026,2026-04-08,"Arun Jaitley Stadium, Delhi",2,45,Delhi Capitals,Gujarat Titans,P Nissanka,KL Rahul,Rashid Khan,1,0,0,0,0,0,0,,,,
1527687,2026,2026-04-08,"Arun Jaitley Stadium, Delhi",2,46,Delhi Capitals,Gujarat Titans,KL Rahul,P Nissanka,Rashid Khan,0,0,0,0,0,0,0,,,,
1527687,2026,2026-04-08,"Arun Jaitley Stadium, Delhi",2,47,Delhi Capitals,Gujarat Titans,KL Rahul,P Nissanka,Rashid Khan,1,0,0,0,0,0,0,,,,
1527687,2026,2026-04-08,"Arun Jaitley Stadium, Delhi",2,48,Delhi Capitals,Gujarat Titans,P Nissanka,KL Rahul,Rashid Khan,1,0,0,0,0,0,0,,,,
1527687,2026,2026-04-08,"Arun Jaitley Stadium, Delhi",2,49,Delhi Capitals,Gujarat Titans,P Nissanka,KL Rahul,M Prasidh Krishna,0,0,0,0,0,0,0,caught,P Nissanka,{'name': 'R Tewatia'},
1527687,2026,2026-04-08,"Arun Jaitley Stadium, Delhi",2,50,Delhi Capitals,Gujarat Titans,N Rana,KL Rahul,M Prasidh Krishna,1,0,0,0,0,0,0,,,,
1527687,2026,2026-04-08,"Arun Jaitley Stadium, Delhi",2,51,Delhi Capitals,Gujarat Titans,KL Rahul,N Rana,M Prasidh Krishna,4,0,0,0,0,0,0,,,,
1527687,2026,2026-04-08,"Arun Jaitley Stadium, Delhi",2,52,Delhi Capitals,Gujarat Titans,KL Rahul,N Rana,M Prasidh Krishna,6,0,0,0,0,0,0,,,,
1527687,2026,2026-04-08,"Arun Jaitley Stadium, Delhi",2,53,Delhi Capitals,Gujarat Titans,KL Rahul,N Rana,M Prasidh Krishna,6,0,0,0,0,0,0,,,,
1527687,2026,2026-04-08,"Arun Jaitley Stadium, Delhi",2,54,Delhi Capitals,Gujarat Titans,KL Rahul,N Rana,M Prasidh Krishna,4,0,0,0,0,0,0,,,,
1527687,2026,2026-04-08,"Arun Jaitley Stadium, Delhi",2,55,Delhi Capitals,Gujarat Titans,N Rana,KL Rahul,Rashid Khan,0,0,0,0,0,0,0,,,,
1527687,2026,2026-04-08,"Arun Jaitley Stadium, Delhi",2,56,Delhi Capitals,Gujarat Titans,N Rana,KL Rahul,Rashid Khan,0,0,0,0,0,0,0,,,,
1527687,2026,2026-04-08,"Arun Jaitley Stadium, Delhi",2,57,Delhi Capitals,Gujarat Titans,N Rana,KL Rahul,Rashid Khan,0,0,0,0,0,0,0,,,,
1527687,2026,2026-04-08,"Arun Jaitley Stadium, Delhi",2,58,Delhi Capitals,Gujarat Titans,N Rana,KL Rahul,Rashid Khan,4,0,0,0,0,0,0,,,,
1527687,2026,2026-04-08,"Arun Jaitley Stadium, Delhi",2,59,Delhi Capitals,Gujarat Titans,N Rana,KL Rahul,Rashid Khan,0,0,0,0,0,0,0,caught,N Rana,{'name': 'B Sai Sudharsan'},
1527687,2026,2026-04-08,"Arun Jaitley Stadium, Delhi",2,60,Delhi Capitals,Gujarat Titans,Sameer Rizvi,KL Rahul,Rashid Khan,0,0,0,0,0,0,0,bowled,Sameer Rizvi,,
1527687,2026,2026-04-08,"Arun Jaitley Stadium, Delhi",2,61,Delhi Capitals,Gujarat Titans,KL Rahul,DA Miller,Washington Sundar,6,0,0,0,0,0,0,,,,
1527687,2026,2026-04-08,"Arun Jaitley Stadium, Delhi",2,62,Delhi Capitals,Gujarat Titans,KL Rahul,DA Miller,Washington Sundar,1,0,0,0,0,0,0,,,,
1527687,2026,2026-04-08,"Arun Jaitley Stadium, Delhi",2,63,Delhi Capitals,Gujarat Titans,DA Miller,KL Rahul,Washington Sundar,1,0,0,0,0,0,0,,,,
1527687,2026,2026-04-08,"Arun Jaitley Stadium, Delhi",2,64,Delhi Capitals,Gujarat Titans,KL Rahul,DA Miller,Washington Sundar,1,0,0,0,0,0,0,,,,
1527687,2026,2026-04-08,"Arun Jaitley Stadium, Delhi",2,65,Delhi Capitals,Gujarat Titans,DA Miller,KL Rahul,Washington Sundar,2,0,0,0,0,0,0,,,,
1527687,2026,2026-04-08,"Arun Jaitley Stadium, Delhi",2,66,Delhi Capitals,Gujarat Titans,DA Miller,KL Rahul,Washington Sundar,0,0,0,0,0,0,0,,,,
1527687,2026,2026-04-08,"Arun Jaitley Stadium, Delhi",2,67,Delhi Capitals,Gujarat Titans,KL Rahul,DA Miller,Ashok Sharma,1,0,0,0,0,0,0,,,,
1527687,2026,2026-04-08,"Arun Jaitley Stadium, Delhi",2,68,Delhi Capitals,Gujarat Titans,DA Miller,KL Rahul,Ashok Sharma,0,0,0,0,0,0,0,,,,
1527687,2026,2026-04-08,"Arun Jaitley Stadium, Delhi",2,69,Delhi Capitals,Gujarat Titans,DA Miller,KL Rahul,Ashok Sharma,1,0,0,0,0,0,0,,,,
1527687,2026,2026-04-08,"Arun Jaitley Stadium, Delhi",2,70,Delhi Capitals,Gujarat Titans,KL Rahul,DA Miller,Ashok Sharma,1,0,0,0,0,0,0,,,,
1527687,2026,2026-04-08,"Arun Jaitley Stadium, Delhi",2,71,Delhi Capitals,Gujarat Titans,DA Miller,KL Rahul,Ashok Sharma,0,1,1,0,0,0,0,,,,
1527687,2026,2026-04-08,"Arun Jaitley Stadium, Delhi",2,72,Delhi Capitals,Gujarat Titans,DA Miller,KL Rahul,Ashok Sharma,1,0,0,0,0,0,0,,,,
1527687,2026,2026-04-08,"Arun Jaitley Stadium, Delhi",2,73,Delhi Capitals,Gujarat Titans,KL Rahul,DA Miller,Ashok Sharma,1,0,0,0,0,0,0,,,,
1527687,2026,2026-04-08,"Arun Jaitley Stadium, Delhi",2,73,Delhi Capitals,Gujarat Titans,KL Rahul,DA Miller,M Prasidh Krishna,1,0,0,0,0,0,0,,,,
1527687,2026,2026-04-08,"Arun Jaitley Stadium, Delhi",2,74,Delhi Capitals,Gujarat Titans,DA Miller,KL Rahul,M Prasidh Krishna,4,0,0,0,0,0,0,,,,
1527687,2026,2026-04-08,"Arun Jaitley Stadium, Delhi",2,75,Delhi Capitals,Gujarat Titans,DA Miller,KL Rahul,M Prasidh Krishna,0,0,0,0,0,0,0,,,,
1527687,2026,2026-04-08,"Arun Jaitley Stadium, Delhi",2,76,Delhi Capitals,Gujarat Titans,DA Miller,KL Rahul,M Prasidh Krishna,2,0,0,0,0,0,0,,,,
1527687,2026,2026-04-08,"Arun Jaitley Stadium, Delhi",2,77,Delhi Capitals,Gujarat Titans,DA Miller,KL Rahul,M Prasidh Krishna,1,0,0,0,0,0,0,,,,
1527687,2026,2026-04-08,"Arun Jaitley Stadium, Delhi",2,78,Delhi Capitals,Gujarat Titans,KL Rahul,DA Miller,M Prasidh Krishna,4,0,0,0,0,0,0,,,,
1527687,2026,2026-04-08,"Arun Jaitley Stadium, Delhi",2,79,Delhi Capitals,Gujarat Titans,AR Patel,KL Rahul,Rashid Khan,1,0,0,0,0,0,0,,,,
1527687,2026,2026-04-08,"Arun Jaitley Stadium, Delhi",2,80,Delhi Capitals,Gujarat Titans,KL Rahul,AR Patel,Rashid Khan,1,0,0,0,0,0,0,,,,
1527687,2026,2026-04-08,"Arun Jaitley Stadium, Delhi",2,81,Delhi Capitals,Gujarat Titans,AR Patel,KL Rahul,Rashid Khan,1,0,0,0,0,0,0,,,,
1527687,2026,2026-04-08,"Arun Jaitley Stadium, Delhi",2,82,Delhi Capitals,Gujarat Titans,KL Rahul,AR Patel,Rashid Khan,0,0,0,0,0,0,0,,,,
1527687,2026,2026-04-08,"Arun Jaitley Stadium, Delhi",2,83,Delhi Capitals,Gujarat Titans,KL Rahul,AR Patel,Rashid Khan,1,0,0,0,0,0,0,,,,
1527687,2026,2026-04-08,"Arun Jaitley Stadium, Delhi",2,84,Delhi Capitals,Gujarat Titans,AR Patel,KL Rahul,Rashid Khan,0,0,0,0,0,0,0,caught,AR Patel,{'name': 'GD Phillips'},
1527687,2026,2026-04-08,"Arun Jaitley Stadium, Delhi",2,85,Delhi Capitals,Gujarat Titans,KL Rahul,T Stubbs,K Rabada,0,1,1,0,0,0,0,,,,
1527687,2026,2026-04-08,"Arun Jaitley Stadium, Delhi",2,86,Delhi Capitals,Gujarat Titans,KL Rahul,T Stubbs,K Rabada,4,0,0,0,0,0,0,,,,
1527687,2026,2026-04-08,"Arun Jaitley Stadium, Delhi",2,87,Delhi Capitals,Gujarat Titans,KL Rahul,T Stubbs,K Rabada,1,0,0,0,0,0,0,,,,
1527687,2026,2026-04-08,"Arun Jaitley Stadium, Delhi",2,88,Delhi Capitals,Gujarat Titans,T Stubbs,KL Rahul,K Rabada,1,0,0,0,0,0,0,,,,
1527687,2026,2026-04-08,"Arun Jaitley Stadium, Delhi",2,89,Delhi Capitals,Gujarat Titans,KL Rahul,T Stubbs,K Rabada,1,0,0,0,0,0,0,,,,
1527687,2026,2026-04-08,"Arun Jaitley Stadium, Delhi",2,90,Delhi Capitals,Gujarat Titans,T Stubbs,KL Rahul,K Rabada,0,0,0,0,0,0,0,,,,
1527687,2026,2026-04-08,"Arun Jaitley Stadium, Delhi",2,91,Delhi Capitals,Gujarat Titans,T Stubbs,KL Rahul,K Rabada,0,0,0,0,0,0,0,,,,
1527687,2026,2026-04-08,"Arun Jaitley Stadium, Delhi",2,91,Delhi Capitals,Gujarat Titans,KL Rahul,T Stubbs,Ashok Sharma,4,0,0,0,0,0,0,,,,
1527687,2026,2026-04-08,"Arun Jaitley Stadium, Delhi",2,92,Delhi Capitals,Gujarat Titans,KL Rahul,T Stubbs,Ashok Sharma,0,1,1,0,0,0,0,,,,
1527687,2026,2026-04-08,"Arun Jaitley Stadium, Delhi",2,93,Delhi Capitals,Gujarat Titans,KL Rahul,T Stubbs,Ashok Sharma,1,0,0,0,0,0,0,,,,
1527687,2026,2026-04-08,"Arun Jaitley Stadium, Delhi",2,94,Delhi Capitals,Gujarat Titans,T Stubbs,KL Rahul,Ashok Sharma,5,0,0,0,0,0,0,,,,
1527687,2026,2026-04-08,"Arun Jaitley Stadium, Delhi",2,95,Delhi Capitals,Gujarat Titans,KL Rahul,T Stubbs,Ashok Sharma,4,0,0,0,0,0,0,,,,
1527687,2026,2026-04-08,"Arun Jaitley Stadium, Delhi",2,96,Delhi Capitals,Gujarat Titans,KL Rahul,T Stubbs,Ashok Sharma,1,0,0,0,0,0,0,,,,
1527687,2026,2026-04-08,"Arun Jaitley Stadium, Delhi",2,97,Delhi Capitals,Gujarat Titans,T Stubbs,KL Rahul,Ashok Sharma,0,0,0,0,0,0,0,,,,
1527687,2026,2026-04-08,"Arun Jaitley Stadium, Delhi",2,97,Delhi Capitals,Gujarat Titans,KL Rahul,T Stubbs,Mohammed Siraj,1,0,0,0,0,0,0,,,,
1527687,2026,2026-04-08,"Arun Jaitley Stadium, Delhi",2,98,Delhi Capitals,Gujarat Titans,T Stubbs,KL Rahul,Mohammed Siraj,1,0,0,0,0,0,0,,,,
1527687,2026,2026-04-08,"Arun Jaitley Stadium, Delhi",2,99,Delhi Capitals,Gujarat Titans,KL Rahul,T Stubbs,Mohammed Siraj,0,0,0,0,0,0,0,,,,
1527687,2026,2026-04-08,"Arun Jaitley Stadium, Delhi",2,100,Delhi Capitals,Gujarat Titans,KL Rahul,T Stubbs,Mohammed Siraj,0,0,0,0,0,0,0,run out,T Stubbs,{'name': 'B Sai Sudharsan'},
1527687,2026,2026-04-08,"Arun Jaitley Stadium, Delhi",2,101,Delhi Capitals,Gujarat Titans,KL Rahul,V Nigam,Mohammed Siraj,0,1,1,0,0,0,0,,,,
1527687,2026,2026-04-08,"Arun Jaitley Stadium, Delhi",2,102,Delhi Capitals,Gujarat Titans,KL Rahul,V Nigam,Mohammed Siraj,0,1,1,0,0,0,0,,,,
1527687,2026,2026-04-08,"Arun Jaitley Stadium, Delhi",2,103,Delhi Capitals,Gujarat Titans,KL Rahul,V Nigam,Mohammed Siraj,4,0,0,0,0,0,0,,,,
1527687,2026,2026-04-08,"Arun Jaitley Stadium, Delhi",2,104,Delhi Capitals,Gujarat Titans,KL Rahul,V Nigam,Mohammed Siraj,0,0,0,0,0,0,0,caught,KL Rahul,{'name': 'JC Buttler'},
1527687,2026,2026-04-08,"Arun Jaitley Stadium, Delhi",2,103,Delhi Capitals,Gujarat Titans,DA Miller,V Nigam,K Rabada,1,0,0,0,0,0,0,,,,
1527687,2026,2026-04-08,"Arun Jaitley Stadium, Delhi",2,104,Delhi Capitals,Gujarat Titans,V Nigam,DA Miller,K Rabada,2,0,0,0,0,0,0,,,,
1527687,2026,2026-04-08,"Arun Jaitley Stadium, Delhi",2,105,Delhi Capitals,Gujarat Titans,V Nigam,DA Miller,K Rabada,0,0,0,0,0,0,0,,,,
1527687,2026,2026-04-08,"Arun Jaitley Stadium, Delhi",2,106,Delhi Capitals,Gujarat Titans,V Nigam,DA Miller,K Rabada,1,0,0,0,0,0,0,,,,
1527687,2026,2026-04-08,"Arun Jaitley Stadium, Delhi",2,107,Delhi Capitals,Gujarat Titans,DA Miller,V Nigam,K Rabada,4,0,0,0,0,0,0,,,,
1527687,2026,2026-04-08,"Arun Jaitley Stadium, Delhi",2,108,Delhi Capitals,Gujarat Titans,DA Miller,V Nigam,K Rabada,1,0,0,0,0,0,0,,,,
1527687,2026,2026-04-08,"Arun Jaitley Stadium, Delhi",2,109,Delhi Capitals,Gujarat Titans,DA Miller,V Nigam,Mohammed Siraj,0,1,1,0,0,0,0,,,,
1527687,2026,2026-04-08,"Arun Jaitley Stadium, Delhi",2,110,Delhi Capitals,Gujarat Titans,DA Miller,V Nigam,Mohammed Siraj,6,0,0,0,0,0,0,,,,
1527687,2026,2026-04-08,"Arun Jaitley Stadium, Delhi",2,111,Delhi Capitals,Gujarat Titans,DA Miller,V Nigam,Mohammed Siraj,4,0,0,0,0,0,0,,,,
1527687,2026,2026-04-08,"Arun Jaitley Stadium, Delhi",2,112,Delhi Capitals,Gujarat Titans,DA Miller,V Nigam,Mohammed Siraj,6,0,0,0,0,0,0,,,,
1527687,2026,2026-04-08,"Arun Jaitley Stadium, Delhi",2,113,Delhi Capitals,Gujarat Titans,DA Miller,V Nigam,Mohammed Siraj,1,0,0,0,0,0,0,,,,
1527687,2026,2026-04-08,"Arun Jaitley Stadium, Delhi",2,114,Delhi Capitals,Gujarat Titans,V Nigam,DA Miller,Mohammed Siraj,4,0,0,0,0,0,0,,,,
1527687,2026,2026-04-08,"Arun Jaitley Stadium, Delhi",2,115,Delhi Capitals,Gujarat Titans,V Nigam,DA Miller,Mohammed Siraj,1,0,0,0,0,0,0,,,,
1527687,2026,2026-04-08,"Arun Jaitley Stadium, Delhi",2,115,Delhi Capitals,Gujarat Titans,V Nigam,DA Miller,M Prasidh Krishna,4,0,0,0,0,0,0,,,,
1527687,2026,2026-04-08,"Arun Jaitley Stadium, Delhi",2,116,Delhi Capitals,Gujarat Titans,V Nigam,DA Miller,M Prasidh Krishna,0,0,0,0,0,0,0,caught,V Nigam,{'name': 'Shubman Gill'},
1527687,2026,2026-04-08,"Arun Jaitley Stadium, Delhi",2,117,Delhi Capitals,Gujarat Titans,Kuldeep Yadav,DA Miller,M Prasidh Krishna,1,0,0,0,0,0,0,,,,
1527687,2026,2026-04-08,"Arun Jaitley Stadium, Delhi",2,118,Delhi Capitals,Gujarat Titans,DA Miller,Kuldeep Yadav,M Prasidh Krishna,6,0,0,0,0,0,0,,,,
1527687,2026,2026-04-08,"Arun Jaitley Stadium, Delhi",2,119,Delhi Capitals,Gujarat Titans,DA Miller,Kuldeep Yadav,M Prasidh Krishna,0,0,0,0,0,0,0,,,,
1527687,2026,2026-04-08,"Arun Jaitley Stadium, Delhi",2,120,Delhi Capitals,Gujarat Titans,DA Miller,Kuldeep Yadav,M Prasidh Krishna,0,0,0,0,0,0,0,run out,Kuldeep Yadav,{'name': 'JC Buttler'},
